variant,family,target,kind,level,auc,auc_std,f1,f1_std,mean_prob,n_folds
bi_cross_attention,both_noise,both,bw,0.0,0.6985011895450491,0.0825154838652386,0.32570583481344817,0.11450875990709371,0.3758494834105174,5
bi_cross_attention,both_noise,both,bw,6.0,0.7605873794558006,0.07521206237129315,0.6188701212409862,0.05452697774176353,0.45708581407864884,5
bi_cross_attention,both_noise,both,bw,12.0,0.7891876560385332,0.06860129875603418,0.6479463824719062,0.023428436391812166,0.4898993810017903,5
bi_cross_attention,both_noise,both,bw,18.0,0.7975158802527224,0.06188882573045579,0.6549506694774461,0.018135855246967432,0.49374579787254336,5
bi_cross_attention,both_noise,both,bw,24.0,0.7971823874192295,0.061080603190273905,0.6558062082345436,0.024881485350266717,0.4931338290373485,5
bi_cross_attention,both_noise,both,em,0.0,0.6852957790063053,0.08683081712056849,0.2475553596677505,0.07873690535654372,0.3727816065152486,5
bi_cross_attention,both_noise,both,em,6.0,0.7680689012706556,0.06394590111294302,0.6076406979807635,0.038797033971271634,0.45162872274716703,5
bi_cross_attention,both_noise,both,em,12.0,0.7896540197417391,0.06702375886910474,0.6462709450983131,0.029547724431622176,0.4840109050273895,5
bi_cross_attention,both_noise,both,em,18.0,0.7962359120253857,0.061671548049878726,0.65872030008829,0.01944339665803806,0.49167159795761106,5
bi_cross_attention,both_noise,both,em,24.0,0.7970938618394758,0.06146156553597345,0.6506857557539663,0.022323576740419848,0.49365053971608475,5
bi_cross_attention,both_noise,both,ma,0.0,0.643792940328028,0.06944710160727194,0.09198203817193931,0.0960970634559729,0.3074463079373042,5
bi_cross_attention,both_noise,both,ma,6.0,0.7502193258421329,0.07846787032245996,0.5157208328704477,0.06482515924048854,0.40253504912058513,5
bi_cross_attention,both_noise,both,ma,12.0,0.7868197326881538,0.06719707491723291,0.6416546194824252,0.03546658321774859,0.4638369898001352,5
bi_cross_attention,both_noise,both,ma,18.0,0.798532621304551,0.0645517512994732,0.6626547408818098,0.009764050766461318,0.48562987844149275,5
bi_cross_attention,both_noise,both,ma,24.0,0.7972624644115872,0.06094258844463742,0.6507277099906978,0.016070432307266458,0.4910491923491159,5
bi_cross_attention,clean,none,clean,,0.7970281426597217,0.06179837156036997,0.6552278668758069,0.016253229681962227,0.49375262260437014,5
bi_cross_attention,dropout,ecg,flatline,0.0,0.7970281426597217,0.06179837156036997,0.6552278668758069,0.01625322968196212,0.49375262260437014,5
bi_cross_attention,dropout,ecg,flatline,0.1,0.7861160756862511,0.061551624405346575,0.632743395483778,0.04633390502408266,0.4807726601759593,5
bi_cross_attention,dropout,ecg,flatline,0.25,0.7682782863835496,0.05753942500285557,0.6077794746421571,0.047575134769349534,0.4649126589298248,5
bi_cross_attention,dropout,ecg,flatline,0.5,0.6986583383074612,0.061976084451039755,0.5005078556600516,0.08798740250786227,0.44960383176803587,5
bi_cross_attention,dropout,ecg,flatline,0.75,0.6483122001893932,0.07336183485386732,0.4340206568850803,0.14957057682475172,0.43436894019444783,5
bi_cross_attention,dropout,ecg,flatline,1.0,0.6715795173426752,0.11980573040899156,0.23616297402705166,0.32342750956920935,0.47682182490825653,5
bi_cross_attention,dropout,ecg,zero,0.0,0.7970281426597217,0.06179837156036997,0.6552278668758069,0.01625322968196212,0.49375262260437014,5
bi_cross_attention,dropout,ecg,zero,0.1,0.7913271384938052,0.060815448629099246,0.6485214297498829,0.03764392572281719,0.4990565141042073,5
bi_cross_attention,dropout,ecg,zero,0.25,0.7801171507443437,0.0656996821723502,0.6333129344644255,0.051135632258966036,0.5136999269326529,5
bi_cross_attention,dropout,ecg,zero,0.5,0.7632729403782035,0.06875136074686679,0.6010071394291511,0.10261475639767671,0.5431466976801553,5
bi_cross_attention,dropout,ecg,zero,0.75,0.7300616475353318,0.08142523939572152,0.5383520116177785,0.17332385091842592,0.5640143911043803,5
bi_cross_attention,dropout,ecg,zero,1.0,0.6715795173426752,0.11980573040899156,0.23616297402705166,0.32342750956920935,0.47682182490825653,5
bi_cross_attention,dropout,ppg,flatline,0.0,0.7970281426597217,0.06179837156036997,0.6552278668758069,0.01625322968196212,0.49375262260437014,5
bi_cross_attention,dropout,ppg,flatline,0.1,0.7808518131588307,0.05865109952082276,0.6242519945127869,0.026082636800240044,0.5014205555121104,5
bi_cross_attention,dropout,ppg,flatline,0.25,0.7516403419034998,0.05632800943356312,0.5981657904740152,0.048100035833590446,0.5142243643601735,5
bi_cross_attention,dropout,ppg,flatline,0.5,0.6809940129062936,0.07753661472425002,0.5433104860308134,0.05656538997403073,0.5074304978052775,5
bi_cross_attention,dropout,ppg,flatline,0.75,0.6419978996733382,0.035789496751641246,0.48950978256698646,0.05829478689864778,0.5115354895591736,5
bi_cross_attention,dropout,ppg,flatline,1.0,0.741368086710192,0.07886283379868317,0.5385015865941252,0.04448154440689547,0.8952993154525757,5
bi_cross_attention,dropout,ppg,zero,0.0,0.7970281426597217,0.06179837156036997,0.6552278668758069,0.01625322968196212,0.49375262260437014,5
bi_cross_attention,dropout,ppg,zero,0.1,0.7800932033826771,0.05834839470802706,0.6246344611999011,0.040685301366667856,0.5626234889030457,5
bi_cross_attention,dropout,ppg,zero,0.25,0.7673505383154506,0.06157546640422973,0.5766974019374502,0.04791648569960349,0.630963122844696,5
bi_cross_attention,dropout,ppg,zero,0.5,0.7576787028015098,0.04548666414754099,0.5637238078656602,0.04552708487209879,0.7127018570899963,5
bi_cross_attention,dropout,ppg,zero,0.75,0.7427716912980071,0.05660547297685893,0.5528093622526802,0.04088388619605033,0.7839705149332682,5
bi_cross_attention,dropout,ppg,zero,1.0,0.741368086710192,0.07886283379868317,0.5385015865941252,0.04448154440689547,0.8952993154525757,5
bi_cross_attention,ecg_noise,ecg,bw,0.0,0.7461725899796076,0.08014442230269643,0.3939014122593763,0.05320393017783599,0.36197150349617,5
bi_cross_attention,ecg_noise,ecg,bw,6.0,0.7794130890095803,0.06629038756727881,0.6200969684435407,0.0440607723098757,0.4367628951867421,5
bi_cross_attention,ecg_noise,ecg,bw,12.0,0.7934415176695879,0.06133385521786589,0.6513755974260521,0.031218932321898884,0.4761059423287709,5
bi_cross_attention,ecg_noise,ecg,bw,18.0,0.7976879607581362,0.06395467756672948,0.6598723015062884,0.013604215481967306,0.4883055249849956,5
bi_cross_attention,ecg_noise,ecg,bw,24.0,0.7968625312221803,0.062310964562463156,0.6521200195132026,0.017364186321181314,0.49233417510986327,5
bi_cross_attention,ecg_noise,ecg,em,0.0,0.751206963952578,0.08067304662163756,0.3692289093769959,0.04410661305314537,0.36322006781895955,5
bi_cross_attention,ecg_noise,ecg,em,6.0,0.7833151138414296,0.06097245952425271,0.6075203718557151,0.020908898454759562,0.42928958535194395,5
bi_cross_attention,ecg_noise,ecg,em,12.0,0.7969853206783031,0.06418018825956337,0.6605859456777471,0.05050736028448771,0.47084236542383834,5
bi_cross_attention,ecg_noise,ecg,em,18.0,0.7949496622128202,0.06051504131197102,0.6566823944481879,0.017869009099209694,0.4872097810109457,5
bi_cross_attention,ecg_noise,ecg,em,24.0,0.7976222683064789,0.06218455085906031,0.6552430620783175,0.019190946893878215,0.4913988471031189,5
bi_cross_attention,ecg_noise,ecg,ma,0.0,0.7209521920223675,0.056722739003584016,0.16572546272518968,0.05220936956035839,0.2970179051160812,5
bi_cross_attention,ecg_noise,ecg,ma,6.0,0.7737875913314509,0.05547826304358907,0.5378384058565846,0.03663996262068072,0.3867061158021291,5
bi_cross_attention,ecg_noise,ecg,ma,12.0,0.7958402844718634,0.06656315985432143,0.6494583080868203,0.04092738063864642,0.44914159377415974,5
bi_cross_attention,ecg_noise,ecg,ma,18.0,0.7952965217000305,0.06209860805422604,0.6536185094755165,0.030883659840627378,0.48090558052062987,5
bi_cross_attention,ecg_noise,ecg,ma,24.0,0.7968920154007872,0.0620077293426335,0.6566380996692895,0.019458050939705554,0.49002888600031536,5
bi_cross_attention,missing,ecg,missing_noise,1.0,0.6219697029784749,0.10805821682092548,0.0,0.0,0.16826832567652067,5
bi_cross_attention,missing,ecg,missing_zero,1.0,0.6715795173426752,0.11980573040899156,0.23616297402705166,0.32342750956920935,0.47682182490825653,5
bi_cross_attention,missing,ppg,missing_noise,1.0,0.6736819150941958,0.09667353379518863,0.0,0.0,0.10133546429375806,5
bi_cross_attention,missing,ppg,missing_zero,1.0,0.741368086710192,0.07886283379868313,0.5385015865941252,0.04448154440689547,0.8952993154525757,5
bi_cross_attention,ppg_noise,ppg,synthetic_motion,0.0,0.759253471999086,0.07841471935851231,0.6304528271920535,0.03526961712382148,0.5215425491333008,5
bi_cross_attention,ppg_noise,ppg,synthetic_motion,6.0,0.7798659134360889,0.07475337632786344,0.6369149930688153,0.03585768773012689,0.51842493613561,5
bi_cross_attention,ppg_noise,ppg,synthetic_motion,12.0,0.7947284973425324,0.06191488359990408,0.6446753238219447,0.019865300122634887,0.5080419222513834,5
bi_cross_attention,ppg_noise,ppg,synthetic_motion,18.0,0.7955330194277562,0.060695007301081634,0.6479584872809077,0.013328322167158544,0.4980806946754456,5
bi_cross_attention,ppg_noise,ppg,synthetic_motion,24.0,0.7974373227092525,0.061051884452261,0.6586286450885934,0.01791823345585501,0.4949754277865092,5
bi_cross_attention,ptt_const,ppg,shift,0.0,0.7970281426597217,0.06179837156036997,0.6552278668758069,0.016253229681962227,0.49375262260437014,5
bi_cross_attention,ptt_const,ppg,shift,50.0,0.798973831552779,0.06416104838201671,0.6521366354699688,0.02835594362583147,0.49284385442733764,5
bi_cross_attention,ptt_const,ppg,shift,100.0,0.8008325595694016,0.06500940366635057,0.648100324333201,0.02126860262433647,0.49254228472709655,5
bi_cross_attention,ptt_const,ppg,shift,200.0,0.8033217934533724,0.06683137212089081,0.658586130661704,0.030489492582871352,0.4939354181289673,5
bi_cross_attention,ptt_const,ppg,shift,300.0,0.805467011545959,0.0692122176180324,0.6639655090933883,0.027806382359041815,0.4957499384880066,5
bi_cross_attention,ptt_const,ppg,shift,400.0,0.806773692721061,0.07241827605239634,0.6698478620345647,0.039530108205673424,0.4973738074302673,5
bi_cross_attention,ptt_jitter,ppg,random_walk,25.0,0.7963725727848534,0.06192159148048311,0.6523040410211678,0.019252751117203624,0.49377777377764387,5
bi_cross_attention,ptt_jitter,ppg,random_walk,50.0,0.7981857778349006,0.06161878513237828,0.6526642925050148,0.018906073430654445,0.49288605252901707,5
bi_cross_attention,ptt_jitter,ppg,random_walk,100.0,0.7982435461295111,0.062277049795152126,0.6588260721342849,0.025273553078502597,0.49068938493728637,5
bi_cross_attention,ptt_jitter,ppg,random_walk,200.0,0.80229140775632,0.06159113093533875,0.6554785311137871,0.014178365133363216,0.48440591494242347,5
bigru,both_noise,both,bw,0.0,0.7464865773813142,0.060987896479655496,0.2627750431021387,0.27148994524725983,0.27846472561359403,5
bigru,both_noise,both,bw,6.0,0.8345358519305888,0.07034493529787636,0.6267676031912385,0.12854627172845495,0.38503618637720743,5
bigru,both_noise,both,bw,12.0,0.8480095603604376,0.07264329142369567,0.7100044934299835,0.06224681631254504,0.4370388646920523,5
bigru,both_noise,both,bw,18.0,0.8544106458492424,0.0698689955980845,0.7265497232955511,0.05785431836683118,0.4537688215573629,5
bigru,both_noise,both,bw,24.0,0.8557347067522507,0.07289406724718811,0.7172368390906365,0.06166024773043044,0.4564865211645762,5
bigru,both_noise,both,em,0.0,0.7140965704474477,0.07826616559340625,0.25526450702325165,0.255919437234632,0.2893026739358902,5
bigru,both_noise,both,em,6.0,0.8218293200661622,0.07023577930839531,0.6226286416581204,0.1111296881335267,0.3926432877779007,5
bigru,both_noise,both,em,12.0,0.8499283399458838,0.06935481609743198,0.7132235512926345,0.05206703401240706,0.4383562723795572,5
bigru,both_noise,both,em,18.0,0.8570012179134986,0.07233727581074881,0.7179714786831258,0.06066641492521443,0.4522779405117035,5
bigru,both_noise,both,em,24.0,0.856120363857206,0.07447788817601302,0.7244081866265379,0.058464596826506655,0.45639286041259763,5
bigru,both_noise,both,ma,0.0,0.7105830659076273,0.08673675115970439,0.18125897865975932,0.24097127994928455,0.24521350214878718,5
bigru,both_noise,both,ma,6.0,0.8276638242252277,0.08441059132811482,0.5808239281546779,0.16986849274025262,0.3574775129556656,5
bigru,both_noise,both,ma,12.0,0.8519541605418798,0.07681835097692032,0.7064418271776705,0.061031376947844676,0.42770311633745833,5
bigru,both_noise,both,ma,18.0,0.8557347616558143,0.06980776763432035,0.7141600759260882,0.06327086548199345,0.4485925555229187,5
bigru,both_noise,both,ma,24.0,0.8560549198707094,0.07142182048795155,0.7191854406949917,0.06520615797875864,0.45493998924891155,5
bigru,clean,none,clean,,0.8556076105023473,0.07256272826124704,0.7160705054824799,0.06862866811145452,0.45781913995742796,5
bigru,dropout,ecg,flatline,0.0,0.8556076105023473,0.07256272826124703,0.7160705054824799,0.06862866811145453,0.45781913995742796,5
bigru,dropout,ecg,flatline,0.1,0.8456349701349701,0.07383615733401257,0.703702028113946,0.06455753644297631,0.43539656201998395,5
bigru,dropout,ecg,flatline,0.25,0.8317548596408246,0.08332283818437898,0.6820554148226632,0.08239824950987727,0.4006375590960185,5
bigru,dropout,ecg,flatline,0.5,0.7666056950530635,0.08654857922990272,0.5282868347489167,0.10019519173093645,0.3408641497294108,5
bigru,dropout,ecg,flatline,0.75,0.6885025037568897,0.082983546480897,0.32119274439911993,0.14702602306262474,0.2961269557476044,5
bigru,dropout,ecg,flatline,1.0,0.7215713770450612,0.10046116850136548,0.4073621022688455,0.21208606220445456,0.39786465764045714,5
bigru,dropout,ecg,zero,0.0,0.8556076105023473,0.07256272826124703,0.7160705054824799,0.06862866811145453,0.45781913995742796,5
bigru,dropout,ecg,zero,0.1,0.8482265182089744,0.07490414185480973,0.7034448761307921,0.06421810916577947,0.4460052649180094,5
bigru,dropout,ecg,zero,0.25,0.8479569005095321,0.08808705701649022,0.7169849197568616,0.07488728000401454,0.4313476900259654,5
bigru,dropout,ecg,zero,0.5,0.8224497877480333,0.08136387896403405,0.6631026894630967,0.06385451836955276,0.4053420464197795,5
bigru,dropout,ecg,zero,0.75,0.7744255638904762,0.08828817821366784,0.529955165208197,0.11879658467206299,0.3907395641009013,5
bigru,dropout,ecg,zero,1.0,0.7215713770450612,0.10046116850136548,0.4073621022688455,0.21208606220445456,0.39786465764045714,5
bigru,dropout,ppg,flatline,0.0,0.8556076105023473,0.07256272826124703,0.7160705054824799,0.06862866811145453,0.45781913995742796,5
bigru,dropout,ppg,flatline,0.1,0.8433430907290557,0.07349559376701949,0.7067171456034751,0.04313877906783252,0.4708695749441782,5
bigru,dropout,ppg,flatline,0.25,0.8116559416559417,0.09311890980869293,0.6636074393891971,0.05562492059384604,0.47884183526039126,5
bigru,dropout,ppg,flatline,0.5,0.7264288610955278,0.13307305566955824,0.5888581848565824,0.09555254408965339,0.4733354151248932,5
bigru,dropout,ppg,flatline,0.75,0.6746607513625058,0.07602207022593255,0.5430027664157304,0.05641858370640124,0.4753874361515045,5
bigru,dropout,ppg,flatline,1.0,0.7675393073814126,0.08185306915072199,0.5891447706324199,0.05916563119614389,0.7438950419425965,5
bigru,dropout,ppg,zero,0.0,0.8556076105023473,0.07256272826124703,0.7160705054824799,0.06862866811145453,0.45781913995742796,5
bigru,dropout,ppg,zero,0.1,0.8513886766079748,0.07440370235784628,0.6867662048815858,0.061067825046232115,0.5090833365917206,5
bigru,dropout,ppg,zero,0.25,0.8318368528543967,0.07713177851945932,0.6501111401524344,0.07287379948870369,0.5729243715604146,5
bigru,dropout,ppg,zero,0.5,0.8118293320310863,0.09331442287234888,0.624088356228422,0.0699415180468821,0.6518003185590109,5
bigru,dropout,ppg,zero,0.75,0.799045316475141,0.08975737110233084,0.6028470824299652,0.06179582094387398,0.7100783785184224,5
bigru,dropout,ppg,zero,1.0,0.7675393073814126,0.08185306915072199,0.5891447706324199,0.05916563119614389,0.7438950419425965,5
bigru,ecg_noise,ecg,bw,0.0,0.8068929148929149,0.07316728821685523,0.3903690254726322,0.2586168041529996,0.3041364093621572,5
bigru,ecg_noise,ecg,bw,6.0,0.8337366795173813,0.07778597257653772,0.6528335912636838,0.10940079949320491,0.39709579745928447,5
bigru,ecg_noise,ecg,bw,12.0,0.8530958259203875,0.07618183062006334,0.7074403215473489,0.05755108479444168,0.4403268675009409,5
bigru,ecg_noise,ecg,bw,18.0,0.8556366018032685,0.0718982114746356,0.7155434800458405,0.06566633393450826,0.4533143321673075,5
bigru,ecg_noise,ecg,bw,24.0,0.8560473868894922,0.07235640080496895,0.7179053433828915,0.06932347926336664,0.4567112624645233,5
bigru,ecg_noise,ecg,em,0.0,0.8009539219188342,0.08905777459482929,0.4101842050363767,0.2758834964606477,0.3125677784283956,5
bigru,ecg_noise,ecg,em,6.0,0.8395176973773465,0.07591124145791565,0.6739312374839862,0.08570012629662957,0.4027939160664876,5
bigru,ecg_noise,ecg,em,12.0,0.8520040700040701,0.07150533260016521,0.7099561955569901,0.05625115540390882,0.4400290012359619,5
bigru,ecg_noise,ecg,em,18.0,0.855943724522672,0.0734031663965746,0.713508449112536,0.06554087533452531,0.4536226809024811,5
bigru,ecg_noise,ecg,em,24.0,0.8565084448242344,0.07284233317458895,0.7148194812794381,0.06965748663872676,0.4563455740610758,5
bigru,ecg_noise,ecg,ma,0.0,0.7920349323682656,0.0867184949888629,0.31861325444572064,0.24845256028440346,0.26644103676080705,5
bigru,ecg_noise,ecg,ma,6.0,0.8309160226353208,0.08327639036749981,0.6295557224227363,0.11673383007798806,0.3724279284477234,5
bigru,ecg_noise,ecg,ma,12.0,0.8510910906086344,0.07089470803179776,0.7094973172046295,0.07181408996194362,0.4284616967042287,5
bigru,ecg_noise,ecg,ma,18.0,0.8554755307650044,0.07440882756605541,0.7174229777728274,0.06584297281282495,0.4492663701375325,5
bigru,ecg_noise,ecg,ma,24.0,0.8565102155365313,0.07301850993421632,0.7137597945248851,0.0669274016005407,0.45592462221781405,5
bigru,missing,ecg,missing_noise,1.0,0.6192802293328609,0.10153698222672279,0.0,0.0,0.0850714234635234,5
bigru,missing,ecg,missing_zero,1.0,0.7215713770450612,0.10046116850136538,0.4073621022688455,0.21208606220445458,0.39786465764045714,5
bigru,missing,ppg,missing_noise,1.0,0.7333079491675983,0.08681211522564024,0.4496617439960273,0.1738103345954836,0.4798709889252981,5
bigru,missing,ppg,missing_zero,1.0,0.7675393073814127,0.08185306915072195,0.5891447706324199,0.05916563119614389,0.7438950419425965,5
bigru,ppg_noise,ppg,synthetic_motion,0.0,0.8194182889270609,0.07563579491527705,0.6610828487582248,0.0723815762654103,0.43419909477233887,5
bigru,ppg_noise,ppg,synthetic_motion,6.0,0.8496175798895097,0.06623549687247597,0.7046622631759931,0.06165445728664931,0.45319363673528035,5
bigru,ppg_noise,ppg,synthetic_motion,12.0,0.8544206130171043,0.06995765791335685,0.7172763755256241,0.05754081389779272,0.45815847118695585,5
bigru,ppg_noise,ppg,synthetic_motion,18.0,0.8546850675622606,0.07267248897475441,0.71480445379896,0.05830321573443739,0.4572168330351512,5
bigru,ppg_noise,ppg,synthetic_motion,24.0,0.8562802915697653,0.07261304612188378,0.7171322127119274,0.06447935908169393,0.45775803327560427,5
bigru,ptt_const,ppg,shift,0.0,0.8556076105023473,0.07256272826124704,0.7160705054824799,0.06862866811145452,0.45781913995742796,5
bigru,ptt_const,ppg,shift,50.0,0.8432518550939603,0.08466224028126591,0.704079737833968,0.07440433542920324,0.4553587734699249,5
bigru,ptt_const,ppg,shift,100.0,0.8278134456029193,0.09314385754128805,0.7105492394929015,0.06449154028433665,0.44886921644210814,5
bigru,ptt_const,ppg,shift,200.0,0.8090648508543247,0.09053026491654834,0.6607491867587715,0.09151174766568827,0.4472386121749878,5
bigru,ptt_const,ppg,shift,300.0,0.8206164354059091,0.07214008244167765,0.6633714138865526,0.04119559483537651,0.4479225277900696,5
bigru,ptt_const,ppg,shift,400.0,0.8398029753292912,0.06890584748796186,0.6916572597924541,0.04212432450606033,0.4443082928657532,5
bigru,ptt_jitter,ppg,random_walk,25.0,0.8527344150589764,0.07256322215003941,0.7190619944895431,0.06545778460245338,0.4566529234250387,5
bigru,ptt_jitter,ppg,random_walk,50.0,0.8506231358599781,0.07784409106374532,0.7185464933641335,0.060472396013871985,0.456882099310557,5
bigru,ptt_jitter,ppg,random_walk,100.0,0.8373317571475466,0.07939443604705246,0.7104946309831401,0.059251760181278756,0.45412742495536806,5
bigru,ptt_jitter,ppg,random_walk,200.0,0.8353421948071071,0.08242576051127176,0.7097963493652631,0.059857769475745407,0.4521592199802399,5
bottleneck,both_noise,both,bw,0.0,0.6851999065770996,0.051240928323085466,0.2898580863810505,0.29502022567945685,0.44437147577603653,5
bottleneck,both_noise,both,bw,6.0,0.7749490724578443,0.042071989017204874,0.6008304712939803,0.05240787048417982,0.48780159552892055,5
bottleneck,both_noise,both,bw,12.0,0.8115744984429195,0.04595947840110554,0.6632484219537913,0.051372268374405054,0.5026094655195872,5
bottleneck,both_noise,both,bw,18.0,0.8217342449447713,0.03431018462955255,0.6852723284284336,0.05007203229459757,0.5005780518054962,5
bottleneck,both_noise,both,bw,24.0,0.8264768859856579,0.03415956896463898,0.6756069124779038,0.039892266313944554,0.4987139920393625,5
bottleneck,both_noise,both,em,0.0,0.649440951362004,0.0358292290558512,0.29573672441105375,0.24291788328451405,0.4469027141729991,5
bottleneck,both_noise,both,em,6.0,0.7776388415598943,0.06867434307678227,0.605864361756163,0.07678934281580894,0.48589566548665364,5
bottleneck,both_noise,both,em,12.0,0.8104699000137596,0.0534413185590187,0.6712163904642805,0.05776169030860769,0.5009878516197205,5
bottleneck,both_noise,both,em,18.0,0.8233331437278805,0.032603325510249755,0.681868569505885,0.05000341970488877,0.4996358056863149,5
bottleneck,both_noise,both,em,24.0,0.8271709855218627,0.03152869739741663,0.6787751929100148,0.0348736856802341,0.49863349397977197,5
bottleneck,both_noise,both,ma,0.0,0.6377966713580749,0.0520347487201365,0.15903717725954497,0.15706855092383798,0.40776489973068236,5
bottleneck,both_noise,both,ma,6.0,0.7516875251962971,0.055918926974786856,0.46381707574169695,0.17141124359653861,0.4492817362149556,5
bottleneck,both_noise,both,ma,12.0,0.8064182035322386,0.03725625701580114,0.6475391431633539,0.04064629107917186,0.48260227044423426,5
bottleneck,both_noise,both,ma,18.0,0.8236215709636763,0.03387504984166644,0.677274065573257,0.041761482894707776,0.49370093743006394,5
bottleneck,both_noise,both,ma,24.0,0.8266796712849345,0.02979822515772048,0.6846933253284363,0.04144942222935221,0.4971044182777405,5
bottleneck,clean,none,clean,,0.826649757333968,0.03199351132860578,0.6882714652007099,0.04194764508338725,0.49813892841339114,5
bottleneck,dropout,ecg,flatline,0.0,0.826649757333968,0.03199351132860574,0.68827146520071,0.04194764508338729,0.49813892841339114,5
bottleneck,dropout,ecg,flatline,0.1,0.8220354734916139,0.029917271309915595,0.6896455880050522,0.03217231252554072,0.4877556423346201,5
bottleneck,dropout,ecg,flatline,0.25,0.816281247895283,0.029893148356288562,0.660662313993262,0.013114014593665402,0.47179005940755214,5
bottleneck,dropout,ecg,flatline,0.5,0.778258239731924,0.02429957056846084,0.5798342063695003,0.09197059762535721,0.45087906122207644,5
bottleneck,dropout,ecg,flatline,0.75,0.7506216183409166,0.030890033801096384,0.4938225534002024,0.11613560886177743,0.42461449702580767,5
bottleneck,dropout,ecg,flatline,1.0,0.7338081311502365,0.05371586404695093,0.3908204700319844,0.34308629415633674,0.4267389178276062,5
bottleneck,dropout,ecg,zero,0.0,0.826649757333968,0.03199351132860574,0.68827146520071,0.04194764508338729,0.49813892841339114,5
bottleneck,dropout,ecg,zero,0.1,0.8262988059391569,0.032823728186846174,0.6949406223983648,0.037767991980272274,0.4948906282583872,5
bottleneck,dropout,ecg,zero,0.25,0.8247654976163747,0.028016268795326475,0.6837540402629737,0.03155612245899482,0.4886634171009064,5
bottleneck,dropout,ecg,zero,0.5,0.8256239409835902,0.018766890451145626,0.6600969180817445,0.07710180006878078,0.4745337784290314,5
bottleneck,dropout,ecg,zero,0.75,0.7943256518519677,0.0289311779356181,0.5595202125774579,0.2200834529026249,0.4533726493517558,5
bottleneck,dropout,ecg,zero,1.0,0.7338081311502365,0.05371586404695093,0.3908204700319844,0.34308629415633674,0.4267389178276062,5
bottleneck,dropout,ppg,flatline,0.0,0.826649757333968,0.03199351132860574,0.68827146520071,0.04194764508338729,0.49813892841339114,5
bottleneck,dropout,ppg,flatline,0.1,0.8097849291358064,0.02767718960739944,0.6729458270495778,0.033361748243937256,0.5068555414676666,5
bottleneck,dropout,ppg,flatline,0.25,0.7858768323943762,0.03512308006523838,0.6470029532941067,0.03191579220332814,0.5100832879543304,5
bottleneck,dropout,ppg,flatline,0.5,0.7482595378297133,0.051182247451890435,0.6183682579995111,0.047247134818957315,0.501079006989797,5
bottleneck,dropout,ppg,flatline,0.75,0.7109864135390451,0.052765356612559516,0.5616389751897253,0.03445342691877198,0.48692222634951277,5
bottleneck,dropout,ppg,flatline,1.0,0.7179924018871388,0.11249910724450629,0.5714165788639616,0.07006997774015046,0.6141581892967224,5
bottleneck,dropout,ppg,zero,0.0,0.826649757333968,0.03199351132860574,0.68827146520071,0.04194764508338729,0.49813892841339114,5
bottleneck,dropout,ppg,zero,0.1,0.7916119983488404,0.07160414597174088,0.6469886856447281,0.06004680711665973,0.5440661032994588,5
bottleneck,dropout,ppg,zero,0.25,0.7699621163480812,0.07846914980143563,0.625475239034641,0.06740304419729963,0.5674343446890513,5
bottleneck,dropout,ppg,zero,0.5,0.7576901829533409,0.07784730804648761,0.5961195597636146,0.06863480510129732,0.5865558902422587,5
bottleneck,dropout,ppg,zero,0.75,0.7519085238120325,0.06993748707523567,0.5689856339447943,0.07056939229232594,0.605070157845815,5
bottleneck,dropout,ppg,zero,1.0,0.7179924018871388,0.11249910724450629,0.5714165788639616,0.07006997774015046,0.6141581892967224,5
bottleneck,ecg_noise,ecg,bw,0.0,0.7894232490636,0.036091725601098815,0.4047094495188195,0.2748956091338424,0.4070239921410878,5
bottleneck,ecg_noise,ecg,bw,6.0,0.8218618219144534,0.020710424327635226,0.6594489081013692,0.0812683454458559,0.456723807255427,5
bottleneck,ecg_noise,ecg,bw,12.0,0.828673959480977,0.027997240918835355,0.6814091204894187,0.03149946229982697,0.48581479390462246,5
bottleneck,ecg_noise,ecg,bw,18.0,0.8285251759374568,0.03169660816328532,0.6879733962664792,0.04408838067362987,0.49480073650678,5
bottleneck,ecg_noise,ecg,bw,24.0,0.8269171241802822,0.0318139127643724,0.6888989509812081,0.04107162872551165,0.49731528759002686,5
bottleneck,ecg_noise,ecg,em,0.0,0.7881645215680304,0.03624303945386284,0.42089989203346867,0.24258328596779055,0.40753835042317704,5
bottleneck,ecg_noise,ecg,em,6.0,0.8213577907963874,0.02426744057153637,0.6387503243729806,0.1120234069331936,0.4533302466074625,5
bottleneck,ecg_noise,ecg,em,12.0,0.8297307967307967,0.026920461113496937,0.6815087107971189,0.03500591115594455,0.4835043589274089,5
bottleneck,ecg_noise,ecg,em,18.0,0.8276875946700508,0.03125060387853511,0.6887033679921106,0.0390643587403843,0.494380909204483,5
bottleneck,ecg_noise,ecg,em,24.0,0.8269382044469763,0.03188462653852376,0.6898883364246924,0.04260146505411536,0.4969896078109741,5
bottleneck,ecg_noise,ecg,ma,0.0,0.7656357944603559,0.04728886042819233,0.21725348849793297,0.1443143892298845,0.37425527572631834,5
bottleneck,ecg_noise,ecg,ma,6.0,0.7944458635423548,0.04105587285559807,0.5201901443304953,0.1817467279038846,0.4215234160423279,5
bottleneck,ecg_noise,ecg,ma,12.0,0.8251891413294923,0.02538787511232567,0.660292835103964,0.04440112166197572,0.46543057560920714,5
bottleneck,ecg_noise,ecg,ma,18.0,0.8291762498955482,0.028007140835465162,0.6904496322481458,0.038161824870183464,0.4884994010130564,5
bottleneck,ecg_noise,ecg,ma,24.0,0.8260514666391859,0.031563120765788794,0.686738342525051,0.03482801069047512,0.4953432480494181,5
bottleneck,missing,ecg,missing_noise,1.0,0.7137062623641571,0.10012306259994726,0.0654970760233918,0.09875944716998619,0.321828747789065,5
bottleneck,missing,ecg,missing_zero,1.0,0.7338081311502365,0.05371586404695093,0.39082047003198445,0.3430862941563368,0.4267389178276062,5
bottleneck,missing,ppg,missing_noise,1.0,0.6590842142508808,0.1767091679908582,0.22353118955878565,0.29363229104523253,0.42937052448590596,5
bottleneck,missing,ppg,missing_zero,1.0,0.7179924018871388,0.11249910724450629,0.5714165788639616,0.07006997774015046,0.6141581892967224,5
bottleneck,ppg_noise,ppg,synthetic_motion,0.0,0.7520740770653052,0.05635983239037322,0.6261455807354079,0.04162302223560751,0.5458351333936056,5
bottleneck,ppg_noise,ppg,synthetic_motion,6.0,0.7869494397038257,0.059124700525104296,0.6436365818401255,0.05421060124206879,0.5333999435106913,5
bottleneck,ppg_noise,ppg,synthetic_motion,12.0,0.8154566220355693,0.04597407063369378,0.6729334189802655,0.05554242929427308,0.5146899799505869,5
bottleneck,ppg_noise,ppg,synthetic_motion,18.0,0.8239630101472206,0.03442020143476877,0.6774229964244475,0.05023005013468407,0.503468237320582,5
bottleneck,ppg_noise,ppg,synthetic_motion,24.0,0.8275505324101815,0.03176999578543177,0.6799387028773983,0.036265941862778345,0.49960354566574094,5
bottleneck,ptt_const,ppg,shift,0.0,0.826649757333968,0.03199351132860578,0.6882714652007099,0.04194764508338725,0.49813892841339114,5
bottleneck,ptt_const,ppg,shift,50.0,0.8237127115548167,0.029817498176406464,0.6848564855748764,0.03172914078699167,0.4977524638175964,5
bottleneck,ptt_const,ppg,shift,100.0,0.8208079386500439,0.03192163625281614,0.6757896074358334,0.021568034146208205,0.49841912984848025,5
bottleneck,ptt_const,ppg,shift,200.0,0.8209303166671589,0.03388224632120535,0.6796416187406106,0.047146037026670494,0.49878374934196473,5
bottleneck,ptt_const,ppg,shift,300.0,0.8146793560477772,0.03462828751239833,0.6742966001630215,0.03212833715030449,0.5004279136657714,5
bottleneck,ptt_const,ppg,shift,400.0,0.8143513296408033,0.04061679349567695,0.6633808061456956,0.03553218735105304,0.5012129664421081,5
bottleneck,ptt_jitter,ppg,random_walk,25.0,0.8264900419023226,0.03316968780193933,0.683706123091061,0.04204969968725381,0.4981817324956258,5
bottleneck,ptt_jitter,ppg,random_walk,50.0,0.826626630582771,0.034149006191084574,0.6821915017272598,0.03672792309730967,0.4981737554073334,5
bottleneck,ptt_jitter,ppg,random_walk,100.0,0.8227979391575883,0.035018230724762615,0.678997433933785,0.03341638943929859,0.49904889464378355,5
bottleneck,ptt_jitter,ppg,random_walk,200.0,0.8270856134715784,0.04214997679625185,0.6825009365755642,0.059401823857963325,0.5011643489201865,5
concat,both_noise,both,bw,0.0,0.7546793567232164,0.04256279029834117,0.15345583250927244,0.16315029277918355,0.3634412109851837,5
concat,both_noise,both,bw,6.0,0.8118246444825392,0.04551747157751525,0.5670320821696432,0.10977721768745613,0.432016517718633,5
concat,both_noise,both,bw,12.0,0.8268019991265605,0.05478512384388768,0.6631491397144986,0.07476525493758997,0.4629073282082875,5
concat,both_noise,both,bw,18.0,0.8318573016818631,0.05185003283574318,0.6730146348406649,0.05751396713550791,0.4708848277727763,5
concat,both_noise,both,bw,24.0,0.8337832791341564,0.051631003609710215,0.6785551934297748,0.03987007358908866,0.47210195461908977,5
concat,both_noise,both,em,0.0,0.7182121854841154,0.05067844840283013,0.1399564006625508,0.13554507515387282,0.3693273842334747,5
concat,both_noise,both,em,6.0,0.8090084500347657,0.04022935831060323,0.5811090260078426,0.11001654479559445,0.42949281334877015,5
concat,both_noise,both,em,12.0,0.8285043210744965,0.051268441648560384,0.6737591038768922,0.07183663572891597,0.4607834537823995,5
concat,both_noise,both,em,18.0,0.8313630899069496,0.050535904673791876,0.676766788686502,0.04109875318399084,0.4695146103700002,5
concat,both_noise,both,em,24.0,0.8335824014683665,0.05153405211075709,0.6769354044648163,0.03823782678664282,0.47223145763079327,5
concat,both_noise,both,ma,0.0,0.6859536350501263,0.04906322648911915,0.03538369635143829,0.026007928599933176,0.3172835280497869,5
concat,both_noise,both,ma,6.0,0.7916397414379871,0.04657990580435405,0.4310044363219552,0.1107022152869672,0.38624361554781594,5
concat,both_noise,both,ma,12.0,0.823051146191497,0.054649521501681134,0.6507399489314635,0.10094679700276162,0.43969408075014754,5
concat,both_noise,both,ma,18.0,0.832636808584177,0.05028861249247491,0.6692698084906881,0.05420419935001987,0.4633502165476481,5
concat,both_noise,both,ma,24.0,0.8331712638028428,0.051929372004100666,0.6773436158586131,0.04169414782793001,0.46989264090855914,5
concat,clean,none,clean,,0.8328262319578108,0.05085134690596216,0.6777720318896789,0.03679070306962491,0.4727348446846008,5
concat,dropout,ecg,flatline,0.0,0.832826231957811,0.050851346905962214,0.6777720318896789,0.03679070306962491,0.4727348446846008,5
concat,dropout,ecg,flatline,0.1,0.8290216983901194,0.05475658732151288,0.6540632215543447,0.10122685422755116,0.4554149270057678,5
concat,dropout,ecg,flatline,0.25,0.8074689076004866,0.0630197963922489,0.6006500824176065,0.10759752740009458,0.4288552403450012,5
concat,dropout,ecg,flatline,0.5,0.7716640621728341,0.06182422077811338,0.46044296762595244,0.13492890528433604,0.39214741388956703,5
concat,dropout,ecg,flatline,0.75,0.7001054333685912,0.07516385795044804,0.3207737660189517,0.18481028400933336,0.36829376022020976,5
concat,dropout,ecg,flatline,1.0,0.7336861980546192,0.08585782067020357,0.39020519255848113,0.24012631774972637,0.4360795676708221,5
concat,dropout,ecg,zero,0.0,0.832826231957811,0.050851346905962214,0.6777720318896789,0.03679070306962491,0.4727348446846008,5
concat,dropout,ecg,zero,0.1,0.8307799485431066,0.05353499416742675,0.6518796939159491,0.07266602968226664,0.46588024497032166,5
concat,dropout,ecg,zero,0.25,0.8238762510341457,0.05515406434360193,0.6350626036037854,0.09413463475691436,0.45662031769752504,5
concat,dropout,ecg,zero,0.5,0.8189924491678877,0.07062367485286135,0.5856947445717446,0.13999529820718282,0.445042210817337,5
concat,dropout,ecg,zero,0.75,0.7850828965653527,0.09536174689302526,0.48520290642922914,0.2061682206778117,0.4376551866531372,5
concat,dropout,ecg,zero,1.0,0.7336861980546192,0.08585782067020357,0.39020519255848113,0.24012631774972637,0.4360795676708221,5
concat,dropout,ppg,flatline,0.0,0.832826231957811,0.050851346905962214,0.6777720318896789,0.03679070306962491,0.4727348446846008,5
concat,dropout,ppg,flatline,0.1,0.823135521872364,0.04687834930851555,0.662208226765407,0.05281566931392704,0.4836984356244405,5
concat,dropout,ppg,flatline,0.25,0.7904485783257713,0.03540968856194826,0.6448268901284123,0.047382473332130116,0.497382108370463,5
concat,dropout,ppg,flatline,0.5,0.7209141145193777,0.05640439286239669,0.5905665852441546,0.037037708967441414,0.5017146468162537,5
concat,dropout,ppg,flatline,0.75,0.6757973609815715,0.028312102523601872,0.5526902365456664,0.04479231649734544,0.5136589924494426,5
concat,dropout,ppg,flatline,1.0,0.7628360451255188,0.03972015766592533,0.5420609660600084,0.047040239495368494,0.7987451195716858,5
concat,dropout,ppg,zero,0.0,0.832826231957811,0.050851346905962214,0.6777720318896789,0.03679070306962491,0.4727348446846008,5
concat,dropout,ppg,zero,0.1,0.8209268674882709,0.037703668721366275,0.6731365808836189,0.027706021138179614,0.5271572530269623,5
concat,dropout,ppg,zero,0.25,0.7993831657954465,0.037622594842950594,0.6167947431276457,0.03314240743409265,0.5883317470550538,5
concat,dropout,ppg,zero,0.5,0.7896191877244508,0.03251981852311634,0.5680346732392598,0.04628560696131584,0.6692801753679911,5
concat,dropout,ppg,zero,0.75,0.7749842513614443,0.04262214258073209,0.5472389765243602,0.04252111060148765,0.740718408425649,5
concat,dropout,ppg,zero,1.0,0.7628360451255188,0.03972015766592533,0.5420609660600084,0.047040239495368494,0.7987451195716858,5
concat,ecg_noise,ecg,bw,0.0,0.8037468967907564,0.060915599420447476,0.3267694715070243,0.12590813260755862,0.35746348698933916,5
concat,ecg_noise,ecg,bw,6.0,0.8269800455940807,0.057055092873933046,0.6296343204473945,0.11848495064231704,0.4244449933369954,5
concat,ecg_noise,ecg,bw,12.0,0.834433731495135,0.05202392144549847,0.6638095365782093,0.08797180416056428,0.45860024690628054,5
concat,ecg_noise,ecg,bw,18.0,0.8337462221234151,0.052123802276194564,0.6699328577768882,0.04826402578939982,0.4688772916793823,5
concat,ecg_noise,ecg,bw,24.0,0.8327606747869906,0.05167167797329442,0.6750372764490411,0.039367078633437844,0.47180745204289753,5
concat,ecg_noise,ecg,em,0.0,0.7978311811908303,0.06425959469080512,0.33237239579434597,0.1333978520655808,0.3630393962065379,5
concat,ecg_noise,ecg,em,6.0,0.8298013359416869,0.04931334264933419,0.6203605186573964,0.0982685264637272,0.42063545385996504,5
concat,ecg_noise,ecg,em,12.0,0.8365181774216861,0.05412435000889753,0.6669037197938759,0.09146821186015795,0.45518221457799274,5
concat,ecg_noise,ecg,em,18.0,0.8334456144017548,0.05129788826416729,0.6659687253729937,0.055958128791840075,0.4679139117399852,5
concat,ecg_noise,ecg,em,24.0,0.8331832611481733,0.05213711453331504,0.6718286543570711,0.04093188921698594,0.4714535176753998,5
concat,ecg_noise,ecg,ma,0.0,0.779749639556657,0.0658717241600195,0.10319382767034153,0.1074479021209033,0.3086480657259623,5
concat,ecg_noise,ecg,ma,6.0,0.8131915579547158,0.05380663660030982,0.48917482046260324,0.10301584300423713,0.38136741518974304,5
concat,ecg_noise,ecg,ma,12.0,0.831406594757472,0.056633087518630915,0.642998429492938,0.10636969284346848,0.4343905587991078,5
concat,ecg_noise,ecg,ma,18.0,0.8336748720959248,0.05289855847976134,0.667611101771256,0.06423240088437628,0.4613089005152385,5
concat,ecg_noise,ecg,ma,24.0,0.8326091435565119,0.05175608263564423,0.6794758346972541,0.045097660151095655,0.4695395350456238,5
concat,missing,ecg,missing_noise,1.0,0.7278719259070137,0.08543357820939125,0.0,0.0,0.1188343733549118,5
concat,missing,ecg,missing_zero,1.0,0.7336861980546192,0.08585782067020357,0.39020519255848113,0.24012631774972637,0.4360795676708221,5
concat,missing,ppg,missing_noise,1.0,0.7732116055712547,0.04859030159110303,0.12671394799054375,0.17528291932911944,0.25561894501248994,5
concat,missing,ppg,missing_zero,1.0,0.7628360451255188,0.039720157665925335,0.5420609660600084,0.047040239495368494,0.7987451195716858,5
concat,ppg_noise,ppg,synthetic_motion,0.0,0.7923303253127816,0.05967232750376338,0.6483979847993936,0.046672695993886425,0.4829112191994985,5
concat,ppg_noise,ppg,synthetic_motion,6.0,0.8163752674980745,0.04701121398581149,0.6784131845770816,0.03246749268182446,0.48259949882825215,5
concat,ppg_noise,ppg,synthetic_motion,12.0,0.8259317200369832,0.04908126004529767,0.6770724814528185,0.042296945747627046,0.47779173652331036,5
concat,ppg_noise,ppg,synthetic_motion,18.0,0.830063008352482,0.052006042759208206,0.6710397925407072,0.04392195448618215,0.47431367039680483,5
concat,ppg_noise,ppg,synthetic_motion,24.0,0.8326515951077355,0.05101655205648617,0.6761835930273674,0.04047278676211571,0.4733121414979299,5
concat,ptt_const,ppg,shift,0.0,0.8328262319578108,0.05085134690596216,0.6777720318896789,0.03679070306962491,0.4727348446846008,5
concat,ptt_const,ppg,shift,50.0,0.8334586483533852,0.05140004598687639,0.6818342617946055,0.034541038608221136,0.47240951657295227,5
concat,ptt_const,ppg,shift,100.0,0.8325823269770638,0.05119325844891194,0.6834028892455859,0.033393833896802734,0.4730668544769287,5
concat,ptt_const,ppg,shift,200.0,0.8328887597834967,0.05096546517426994,0.6889584448011414,0.03220281966168878,0.47553189992904665,5
concat,ptt_const,ppg,shift,300.0,0.8334232477127215,0.05150073483576421,0.6823452341958729,0.0442376412089417,0.4780026197433472,5
concat,ptt_const,ppg,shift,400.0,0.8323222748485908,0.05072569386742051,0.6727260212212333,0.04656699046283344,0.480947345495224,5
concat,ptt_jitter,ppg,random_walk,25.0,0.8330151678572731,0.05197298754562785,0.6791261085246545,0.03594996789434801,0.4727998356024424,5
concat,ptt_jitter,ppg,random_walk,50.0,0.8324201925079118,0.05127165055793361,0.6766500117221538,0.03800290910313299,0.47287013332049055,5
concat,ptt_jitter,ppg,random_walk,100.0,0.8328602977374906,0.05227816868000029,0.6698461238752003,0.04105436663258288,0.4725231726964315,5
concat,ptt_jitter,ppg,random_walk,200.0,0.8318835622782992,0.052638129280068044,0.6690135047461353,0.05053987466468199,0.47256005803744,5
cross_attention,both_noise,both,bw,0.0,0.7121693348447734,0.04991734479934263,0.18972548632368916,0.18452186244367227,0.3380696346362432,5
cross_attention,both_noise,both,bw,6.0,0.8087599145318443,0.0452391462165497,0.6273648716550198,0.07186152498382734,0.4103351632754008,5
cross_attention,both_noise,both,bw,12.0,0.8428269098093659,0.04922520021517935,0.7215499998715436,0.04136450450620087,0.4492794652779897,5
cross_attention,both_noise,both,bw,18.0,0.850119550145866,0.03761428179225831,0.7281013999130903,0.024809773861307696,0.45864971677462263,5
cross_attention,both_noise,both,bw,24.0,0.8551406513511777,0.03577103488084389,0.7320905964905018,0.02074702602459536,0.4585606038570404,5
cross_attention,both_noise,both,em,0.0,0.698431861493265,0.055395603625804236,0.15259430078605857,0.12940527526042364,0.33228815098603565,5
cross_attention,both_noise,both,em,6.0,0.7987488600997372,0.04178359923501627,0.5861279712735632,0.0743232013260425,0.40309348702430725,5
cross_attention,both_noise,both,em,12.0,0.8404976085590121,0.0456130207205209,0.7155265244288833,0.054771151204913576,0.44531561732292174,5
cross_attention,both_noise,both,em,18.0,0.8532514148040464,0.036214480890084076,0.7354508680201981,0.02986581871355929,0.4565995852152507,5
cross_attention,both_noise,both,em,24.0,0.8545167972097797,0.038206005271716866,0.7378698766960479,0.018345661773743336,0.45858238736788437,5
cross_attention,both_noise,both,ma,0.0,0.6783268479584269,0.055354935804566574,0.1043850205253714,0.11529627159959785,0.3051704039176305,5
cross_attention,both_noise,both,ma,6.0,0.780994392985621,0.039780827746276816,0.4791125308188711,0.11071890968305156,0.3705951650937398,5
cross_attention,both_noise,both,ma,12.0,0.8338609703785143,0.03847254674818436,0.6849469835349525,0.0450135828382272,0.42372534076372786,5
cross_attention,both_noise,both,ma,18.0,0.8511662079469098,0.03783525692168817,0.7404765467952924,0.020168711293154635,0.4487878839174906,5
cross_attention,both_noise,both,ma,24.0,0.8537977275521136,0.03728929396230399,0.7327366459886039,0.018683756623909968,0.4557903528213501,5
cross_attention,clean,none,clean,,0.8561444729865781,0.03606179379849365,0.7371895157019783,0.02844517648432081,0.4586533308029175,5
cross_attention,dropout,ecg,flatline,0.0,0.8561444729865784,0.036061793798493634,0.7371895157019783,0.02844517648432079,0.4586533308029175,5
cross_attention,dropout,ecg,flatline,0.1,0.8467044224675803,0.0370525771853937,0.7069725107874747,0.029523845771584612,0.44478625655174253,5
cross_attention,dropout,ecg,flatline,0.25,0.812579879378125,0.036342759060330534,0.6456423241496381,0.05657977619704541,0.4295077403386435,5
cross_attention,dropout,ecg,flatline,0.5,0.7523066857101945,0.04841570986234442,0.5588723722441569,0.04078828222601558,0.40753489335378007,5
cross_attention,dropout,ecg,flatline,0.75,0.6879386284298565,0.03940532840479832,0.4966339159323094,0.057428863659719546,0.4013674894968669,5
cross_attention,dropout,ecg,flatline,1.0,0.7357865308917939,0.06931448115262948,0.5589801364512951,0.10705870915500601,0.49028654098510743,5
cross_attention,dropout,ecg,zero,0.0,0.8561444729865784,0.036061793798493634,0.7371895157019783,0.02844517648432079,0.4586533308029175,5
cross_attention,dropout,ecg,zero,0.1,0.8534272136026522,0.03861841150371132,0.7173674593687631,0.03157684738666027,0.4587360640366872,5
cross_attention,dropout,ecg,zero,0.25,0.8417101809733388,0.04607940445463305,0.687365258093324,0.05421736506298317,0.46317473848660784,5
cross_attention,dropout,ecg,zero,0.5,0.820596255982221,0.055799482484576834,0.6436896710509513,0.047506295319799004,0.4729931195576986,5
cross_attention,dropout,ecg,zero,0.75,0.7777652401775209,0.07045846113224993,0.5934073574048205,0.07890318388296884,0.4827167610327403,5
cross_attention,dropout,ecg,zero,1.0,0.7357865308917939,0.06931448115262948,0.5589801364512951,0.10705870915500601,0.49028654098510743,5
cross_attention,dropout,ppg,flatline,0.0,0.8561444729865784,0.036061793798493634,0.7371895157019783,0.02844517648432079,0.4586533308029175,5
cross_attention,dropout,ppg,flatline,0.1,0.8341417178697881,0.03485767674069151,0.7004048114945256,0.027304046249360624,0.4731183807055156,5
cross_attention,dropout,ppg,flatline,0.25,0.8075910977489924,0.018595876835323207,0.6696027286693691,0.04206724391979174,0.485881507396698,5
cross_attention,dropout,ppg,flatline,0.5,0.7454527532159112,0.022308168284597286,0.5933905015791108,0.018093979341415833,0.4886648178100586,5
cross_attention,dropout,ppg,flatline,0.75,0.6810641388448406,0.026570149700482566,0.5519397976437862,0.04795359766605317,0.4881833791732788,5
cross_attention,dropout,ppg,flatline,1.0,0.7739519933467303,0.02391420037938956,0.5367181689485795,0.04720884093541977,0.7812321782112122,5
cross_attention,dropout,ppg,zero,0.0,0.8561444729865784,0.036061793798493634,0.7371895157019783,0.02844517648432079,0.4586533308029175,5
cross_attention,dropout,ppg,zero,0.1,0.8187034728964553,0.04322576114806955,0.6627724035965585,0.021179289825894988,0.5234682321548462,5
cross_attention,dropout,ppg,zero,0.25,0.7960888799923889,0.04703139316016382,0.6133957575761665,0.03980596239644525,0.5715577244758606,5
cross_attention,dropout,ppg,zero,0.5,0.7802720533334568,0.03480765037639238,0.5816158005524596,0.04926275303196385,0.6113932728767395,5
cross_attention,dropout,ppg,zero,0.75,0.7610796803165224,0.031249302537291856,0.552283921240449,0.05222540475196799,0.648292338848114,5
cross_attention,dropout,ppg,zero,1.0,0.7739519933467303,0.02391420037938956,0.5367181689485795,0.04720884093541977,0.7812321782112122,5
cross_attention,ecg_noise,ecg,bw,0.0,0.8071273826361546,0.06250704957426001,0.3145731938326363,0.2514159681337986,0.3373942772547404,5
cross_attention,ecg_noise,ecg,bw,6.0,0.846311204495415,0.04525210290128776,0.6704917468799876,0.0724587741664602,0.405686487754186,5
cross_attention,ecg_noise,ecg,bw,12.0,0.8538954607200221,0.038307682764809475,0.7201024843402299,0.036118612366830755,0.4419284919897716,5
cross_attention,ecg_noise,ecg,bw,18.0,0.8560945332261122,0.03655152307707925,0.7376276224306768,0.021637398665018185,0.454352198044459,5
cross_attention,ecg_noise,ecg,bw,24.0,0.8558398417696663,0.03623760750355012,0.7409494323236373,0.028636238777722,0.457614399989446,5
cross_attention,ecg_noise,ecg,em,0.0,0.8079381863066073,0.06392917667161506,0.26907060594578136,0.24580889767526515,0.33366306225458786,5
cross_attention,ecg_noise,ecg,em,6.0,0.8457716662102627,0.04177622030393462,0.6430533226057837,0.06495026797920617,0.3983969827493032,5
cross_attention,ecg_noise,ecg,em,12.0,0.8553087483087483,0.03863229534432613,0.7177121496607616,0.03505954569517058,0.4375720580418904,5
cross_attention,ecg_noise,ecg,em,18.0,0.8550768806207403,0.036397548878123104,0.7344427539700884,0.025363412169455642,0.45296460787455245,5
cross_attention,ecg_noise,ecg,em,24.0,0.8556854772644247,0.03626303398008524,0.7412245289567805,0.023698523415721862,0.4570871392885844,5
cross_attention,ecg_noise,ecg,ma,0.0,0.7923168370799949,0.057163613019085485,0.15538083748610063,0.1848231674819705,0.30699927111466724,5
cross_attention,ecg_noise,ecg,ma,6.0,0.8349596651789634,0.042753475756785786,0.5215349638536889,0.09674108432840312,0.3687141974767049,5
cross_attention,ecg_noise,ecg,ma,12.0,0.8509632508930756,0.04203209796055431,0.6713133892534902,0.05729738559139607,0.41704751253128053,5
cross_attention,ecg_noise,ecg,ma,18.0,0.8547017840088016,0.03885965096225364,0.7313484551357383,0.023414645577664803,0.4451680560906728,5
cross_attention,ecg_noise,ecg,ma,24.0,0.8559802440767352,0.03656177812549426,0.7395462563672144,0.018351505443337784,0.4549702862898509,5
cross_attention,missing,ecg,missing_noise,1.0,0.728590808950458,0.08029262428479605,0.24613819167072332,0.27172790612995923,0.41438245276610053,5
cross_attention,missing,ecg,missing_zero,1.0,0.735786530891794,0.06931448115262948,0.5589801364512951,0.10705870915500607,0.49028654098510743,5
cross_attention,missing,ppg,missing_noise,1.0,0.6263313929892877,0.09521874303644531,0.0,0.0,0.18520138561725616,5
cross_attention,missing,ppg,missing_zero,1.0,0.7739519933467303,0.023914200379389617,0.5367181689485795,0.04720884093541977,0.7812321782112122,5
cross_attention,ppg_noise,ppg,synthetic_motion,0.0,0.8000144293126749,0.02678493045790611,0.651834215570311,0.02653830289813378,0.46637744307518003,5
cross_attention,ppg_noise,ppg,synthetic_motion,6.0,0.828959027660782,0.033480466508687315,0.703157197910105,0.044596678901590935,0.4687872548898061,5
cross_attention,ppg_noise,ppg,synthetic_motion,12.0,0.8452654694409081,0.03769106396938297,0.7279390746707474,0.02689834336175258,0.4672605435053508,5
cross_attention,ppg_noise,ppg,synthetic_motion,18.0,0.8509567637813251,0.037069150427316164,0.7319108175539774,0.025346407443547155,0.46338208715120954,5
cross_attention,ppg_noise,ppg,synthetic_motion,24.0,0.8566512983004211,0.0369539461783504,0.7406549439742037,0.0239756137978041,0.46032821337382,5
cross_attention,ptt_const,ppg,shift,0.0,0.8561444729865781,0.03606179379849365,0.7371895157019783,0.02844517648432081,0.4586533308029175,5
cross_attention,ptt_const,ppg,shift,50.0,0.8584917204654048,0.03600168902789012,0.7377494837108374,0.028192968715413325,0.4579940319061279,5
cross_attention,ptt_const,ppg,shift,100.0,0.8580368543789596,0.03984958188979969,0.7362650032789885,0.029653777483226444,0.45881816148757937,5
cross_attention,ptt_const,ppg,shift,200.0,0.8596674751674751,0.0445739116212314,0.7512071600294818,0.049295112126781886,0.4619482636451721,5
cross_attention,ptt_const,ppg,shift,300.0,0.8576907144275566,0.04482844389527183,0.747314586697049,0.04900564374306228,0.462998765707016,5
cross_attention,ptt_const,ppg,shift,400.0,0.8556269705217074,0.04505245390469453,0.7408577457307004,0.05162695351387213,0.46379393339157104,5
cross_attention,ptt_jitter,ppg,random_walk,25.0,0.856168669633582,0.036730100126236356,0.7385720176990545,0.028900091487006105,0.45889906883239745,5
cross_attention,ptt_jitter,ppg,random_walk,50.0,0.8551082268889287,0.03633626559035905,0.735080898801464,0.02776006804176662,0.4586908479531607,5
cross_attention,ptt_jitter,ppg,random_walk,100.0,0.8570974125272371,0.03756153429792112,0.7374052582914645,0.02465149782459073,0.45754600763320924,5
cross_attention,ptt_jitter,ppg,random_walk,200.0,0.8543834480325708,0.04201183142535573,0.7302441219784113,0.044490463425372405,0.45727015733718873,5
ecg_only,both_noise,both,bw,0.0,0.7269145960110872,0.04008434177769694,0.08374950785147156,0.14100604634776745,0.3916290660699209,5
ecg_only,both_noise,both,bw,6.0,0.771417892058243,0.04434959401217583,0.5870812819013546,0.06853388010257773,0.4634277582168579,5
ecg_only,both_noise,both,bw,12.0,0.7840780081218678,0.05074613068870727,0.6510389174878146,0.05155484170008254,0.49992071191469833,5
ecg_only,both_noise,both,bw,18.0,0.7912590726450375,0.05325032028550934,0.6493340637745153,0.032065602191893014,0.5116726358731587,5
ecg_only,both_noise,both,bw,24.0,0.7911090466792221,0.05454501711774427,0.6574380842907775,0.034326838962726765,0.5146113872528076,5
ecg_only,both_noise,both,em,0.0,0.6982458223598574,0.040571894673299545,0.15446686634155293,0.09690672613040734,0.4089969336986542,5
ecg_only,both_noise,both,em,6.0,0.7698038635319338,0.040443320826330585,0.6197553777773573,0.05155165364934924,0.4685717980066936,5
ecg_only,both_noise,both,em,12.0,0.7839386876755298,0.05087215751338732,0.651320799851298,0.04896440054377986,0.5000584900379181,5
ecg_only,both_noise,both,em,18.0,0.7884603154339996,0.05427052744404748,0.6544214747501405,0.034360973664901255,0.511390616496404,5
ecg_only,both_noise,both,em,24.0,0.7917287690621024,0.05271145670162375,0.6563993699420602,0.031589595608940736,0.5144376953442892,5
ecg_only,both_noise,both,ma,0.0,0.6884382134206695,0.09685451443244568,0.10990386305969382,0.20238537499383535,0.40109267632166545,5
ecg_only,both_noise,both,ma,6.0,0.7475237939887063,0.06100498572170566,0.500125971776432,0.09520233991580156,0.4594439685344696,5
ecg_only,both_noise,both,ma,12.0,0.777694578229666,0.051269781246023945,0.6260096926232219,0.04216396166176543,0.4959953685601552,5
ecg_only,both_noise,both,ma,18.0,0.7908688436846332,0.05341654400321523,0.6489595378522257,0.04718670541671725,0.5095511575539906,5
ecg_only,both_noise,both,ma,24.0,0.7904352309703186,0.05351216131672767,0.6504375972740777,0.03366786316579319,0.5138935565948486,5
ecg_only,clean,none,clean,,0.7913702858439702,0.054858418981299735,0.6534651974165653,0.03504781216837097,0.5155483603477478,5
ecg_only,dropout,ecg,flatline,0.0,0.7913702858439702,0.054858418981299756,0.6534651974165653,0.03504781216837097,0.5155483603477478,5
ecg_only,dropout,ecg,flatline,0.1,0.7790735608367187,0.05313945709938292,0.6374742429976746,0.02711219988661164,0.4984554469585419,5
ecg_only,dropout,ecg,flatline,0.25,0.7392401613103368,0.049614590334854373,0.5622353851423885,0.049000396786866796,0.46907951037089035,5
ecg_only,dropout,ecg,flatline,0.5,0.6658151193414351,0.05608942277615915,0.40459333279175363,0.1450878306447803,0.42905870874722796,5
ecg_only,dropout,ecg,flatline,0.75,0.5554225084926839,0.06554563889730429,0.22045237684717608,0.1599313870854251,0.3971739689509074,5
ecg_only,dropout,ecg,flatline,1.0,0.5,0.0,0.3413053249118823,0.3119333938528133,0.4714400887489319,5
ecg_only,dropout,ecg,zero,0.0,0.7913702858439702,0.054858418981299756,0.6534651974165653,0.03504781216837097,0.5155483603477478,5
ecg_only,dropout,ecg,zero,0.1,0.7861710099341679,0.05611190333300273,0.6574760883195917,0.032117511060929166,0.5118901908397675,5
ecg_only,dropout,ecg,zero,0.25,0.7789913362369503,0.05936363594153912,0.6463600155629778,0.022693692346165393,0.5057326674461364,5
ecg_only,dropout,ecg,zero,0.5,0.7680463888797222,0.05272539996148269,0.5709459822415068,0.06796593237461548,0.49337246815363567,5
ecg_only,dropout,ecg,zero,0.75,0.7216093485040853,0.04516256237547407,0.37799096792209735,0.30132012239197975,0.4798485855261484,5
ecg_only,dropout,ecg,zero,1.0,0.5,0.0,0.3413053249118823,0.3119333938528133,0.4714400887489319,5
ecg_only,dropout,ppg,flatline,0.0,0.7913702858439702,0.054858418981299756,0.6534651974165653,0.03504781216837097,0.5155483603477478,5
ecg_only,dropout,ppg,flatline,0.1,0.7913702858439702,0.054858418981299756,0.6534651974165653,0.03504781216837097,0.5155483603477478,5
ecg_only,dropout,ppg,flatline,0.25,0.7913702858439702,0.054858418981299756,0.6534651974165653,0.03504781216837097,0.5155483603477478,5
ecg_only,dropout,ppg,flatline,0.5,0.7913702858439702,0.054858418981299756,0.6534651974165653,0.03504781216837097,0.5155483603477478,5
ecg_only,dropout,ppg,flatline,0.75,0.7913702858439702,0.054858418981299756,0.6534651974165653,0.03504781216837097,0.5155483603477478,5
ecg_only,dropout,ppg,flatline,1.0,0.7913702858439702,0.054858418981299756,0.6534651974165653,0.03504781216837097,0.5155483603477478,5
ecg_only,dropout,ppg,zero,0.0,0.7913702858439702,0.054858418981299756,0.6534651974165653,0.03504781216837097,0.5155483603477478,5
ecg_only,dropout,ppg,zero,0.1,0.7913702858439702,0.054858418981299756,0.6534651974165653,0.03504781216837097,0.5155483603477478,5
ecg_only,dropout,ppg,zero,0.25,0.7913702858439702,0.054858418981299756,0.6534651974165653,0.03504781216837097,0.5155483603477478,5
ecg_only,dropout,ppg,zero,0.5,0.7913702858439702,0.054858418981299756,0.6534651974165653,0.03504781216837097,0.5155483603477478,5
ecg_only,dropout,ppg,zero,0.75,0.7913702858439702,0.054858418981299756,0.6534651974165653,0.03504781216837097,0.5155483603477478,5
ecg_only,dropout,ppg,zero,1.0,0.7913702858439702,0.054858418981299756,0.6534651974165653,0.03504781216837097,0.5155483603477478,5
ecg_only,ecg_noise,ecg,bw,0.0,0.726923637055216,0.03409550827630987,0.08874112272608513,0.1693732018960336,0.391625185807546,5
ecg_only,ecg_noise,ecg,bw,6.0,0.7684962012330433,0.045460365422137654,0.5983041140758824,0.06015593943803509,0.4637954513231913,5
ecg_only,ecg_noise,ecg,bw,12.0,0.783649059026252,0.04793282230473234,0.6476334184848213,0.04690238039449533,0.49993851184844973,5
ecg_only,ecg_noise,ecg,bw,18.0,0.7892485997661437,0.05281794056856935,0.6484480235655442,0.040075754687157586,0.5113946636517843,5
ecg_only,ecg_noise,ecg,bw,24.0,0.7907101162276601,0.05417658076690117,0.6443320612550906,0.028711622142699525,0.5145891726016998,5
ecg_only,ecg_noise,ecg,em,0.0,0.7196285380232749,0.02161293223598407,0.1822257220935281,0.10897439156279508,0.4091797351837158,5
ecg_only,ecg_noise,ecg,em,6.0,0.7659538188660996,0.04284779308159679,0.6111333018843823,0.06237693956726469,0.4683340072631836,5
ecg_only,ecg_noise,ecg,em,12.0,0.7862590241099013,0.04732435117387888,0.6484809851886253,0.03267004162074277,0.4999146560827891,5
ecg_only,ecg_noise,ecg,em,18.0,0.7890253471130665,0.05292999430209946,0.6551781647499109,0.034960134002576165,0.5112227221330007,5
ecg_only,ecg_noise,ecg,em,24.0,0.7903807035298264,0.054282562745522664,0.6488074781230179,0.03052039222613046,0.514421703418096,5
ecg_only,ecg_noise,ecg,ma,0.0,0.699754749447732,0.06701159699802882,0.12554907703072232,0.2045088690255679,0.3996431728204092,5
ecg_only,ecg_noise,ecg,ma,6.0,0.7567929262402947,0.05494890485832066,0.5078629866650106,0.11246361031226926,0.4599846303462982,5
ecg_only,ecg_noise,ecg,ma,12.0,0.78010912155649,0.048056275555646545,0.6305638993696933,0.034282670792655096,0.4957634488741557,5
ecg_only,ecg_noise,ecg,ma,18.0,0.7886396756309038,0.04917135306127423,0.6547371858251548,0.044751467473426725,0.5095584074656169,5
ecg_only,ecg_noise,ecg,ma,24.0,0.7912025403078035,0.05300074089651967,0.6544756932440277,0.03210785259427416,0.5138143062591553,5
ecg_only,missing,ecg,missing_noise,1.0,0.5036145130092498,0.033550153336289135,0.0,0.0,0.28526649822791417,5
ecg_only,missing,ecg,missing_zero,1.0,0.5,0.0,0.3413053249118823,0.3119333938528133,0.4714400887489319,5
ecg_only,missing,ppg,missing_noise,1.0,0.7913702858439702,0.054858418981299756,0.6534651974165653,0.03504781216837097,0.5155483603477478,5
ecg_only,missing,ppg,missing_zero,1.0,0.7913702858439702,0.054858418981299735,0.6534651974165653,0.03504781216837097,0.5155483603477478,5
ecg_only,ppg_noise,ppg,synthetic_motion,0.0,0.7913702858439702,0.054858418981299756,0.6534651974165653,0.03504781216837097,0.5155483603477478,5
ecg_only,ppg_noise,ppg,synthetic_motion,6.0,0.7913702858439702,0.054858418981299756,0.6534651974165653,0.03504781216837097,0.5155483603477478,5
ecg_only,ppg_noise,ppg,synthetic_motion,12.0,0.7913702858439702,0.054858418981299756,0.6534651974165653,0.03504781216837097,0.5155483603477478,5
ecg_only,ppg_noise,ppg,synthetic_motion,18.0,0.7913702858439702,0.054858418981299756,0.6534651974165653,0.03504781216837097,0.5155483603477478,5
ecg_only,ppg_noise,ppg,synthetic_motion,24.0,0.7913702858439702,0.054858418981299756,0.6534651974165653,0.03504781216837097,0.5155483603477478,5
ecg_only,ptt_const,ppg,shift,0.0,0.7913702858439702,0.054858418981299735,0.6534651974165653,0.03504781216837097,0.5155483603477478,5
ecg_only,ptt_const,ppg,shift,50.0,0.7913702858439702,0.054858418981299735,0.6534651974165653,0.03504781216837097,0.5155483603477478,5
ecg_only,ptt_const,ppg,shift,100.0,0.7913702858439702,0.054858418981299735,0.6534651974165653,0.03504781216837097,0.5155483603477478,5
ecg_only,ptt_const,ppg,shift,200.0,0.7913702858439702,0.054858418981299735,0.6534651974165653,0.03504781216837097,0.5155483603477478,5
ecg_only,ptt_const,ppg,shift,300.0,0.7913702858439702,0.054858418981299735,0.6534651974165653,0.03504781216837097,0.5155483603477478,5
ecg_only,ptt_const,ppg,shift,400.0,0.7913702858439702,0.054858418981299735,0.6534651974165653,0.03504781216837097,0.5155483603477478,5
ecg_only,ptt_jitter,ppg,random_walk,25.0,0.7913702858439702,0.054858418981299756,0.6534651974165653,0.03504781216837097,0.5155483603477478,5
ecg_only,ptt_jitter,ppg,random_walk,50.0,0.7913702858439702,0.054858418981299756,0.6534651974165653,0.03504781216837097,0.5155483603477478,5
ecg_only,ptt_jitter,ppg,random_walk,100.0,0.7913702858439702,0.054858418981299756,0.6534651974165653,0.03504781216837097,0.5155483603477478,5
ecg_only,ptt_jitter,ppg,random_walk,200.0,0.7913702858439702,0.054858418981299756,0.6534651974165653,0.03504781216837097,0.5155483603477478,5
gated_cross_attention,both_noise,both,bw,0.0,0.7004563144212266,0.049002059688792066,0.1795952307569766,0.1301395327970708,0.3414054830869039,5
gated_cross_attention,both_noise,both,bw,6.0,0.8056910689366831,0.05128208885385634,0.615281256870109,0.057204283701370776,0.42445375720659895,5
gated_cross_attention,both_noise,both,bw,12.0,0.8461896692335289,0.051681387695267894,0.7080268514689371,0.03245226273725288,0.46395947933197024,5
gated_cross_attention,both_noise,both,bw,18.0,0.8580159349633034,0.04954047218367692,0.7092668796011674,0.0558897882196879,0.4712770998477936,5
gated_cross_attention,both_noise,both,bw,24.0,0.8625195563792054,0.04853012877706024,0.7137922668071922,0.07307223117553976,0.47038868864377337,5
gated_cross_attention,both_noise,both,em,0.0,0.6865759897163406,0.059628781256948975,0.1422542852420901,0.1424536789231287,0.33826079964637756,5
gated_cross_attention,both_noise,both,em,6.0,0.8014807777702515,0.05584707480173017,0.5955861050217279,0.08264333040345342,0.42013602654139204,5
gated_cross_attention,both_noise,both,em,12.0,0.8491133507712455,0.05343423280362015,0.7131598416716348,0.03409515315033486,0.46119149525960285,5
gated_cross_attention,both_noise,both,em,18.0,0.8588641660746925,0.05096017005158102,0.720153603524478,0.05862669503229392,0.47003175020217897,5
gated_cross_attention,both_noise,both,em,24.0,0.8629887659975379,0.049121569441023624,0.7167953819155704,0.06999371895245758,0.47078086733818053,5
gated_cross_attention,both_noise,both,ma,0.0,0.6824485519836397,0.06720238570363415,0.1257555459338142,0.17575172810848844,0.3156446933746338,5
gated_cross_attention,both_noise,both,ma,6.0,0.7926940075799725,0.05639413941568401,0.5186985492823668,0.10796170517120819,0.3954352537790934,5
gated_cross_attention,both_noise,both,ma,12.0,0.8482022269039813,0.05000694000326105,0.6936153105662569,0.03461559622485225,0.4466942389806111,5
gated_cross_attention,both_noise,both,ma,18.0,0.8597551561586648,0.047976189349475805,0.7112057343649741,0.05254956985248565,0.4649854600429535,5
gated_cross_attention,both_noise,both,ma,24.0,0.8625136744610428,0.04945096668237258,0.719266283133967,0.06947651414061803,0.46879683534304295,5
gated_cross_attention,clean,none,clean,,0.8622222549327813,0.049466921700662685,0.7188964983082631,0.0748993018292186,0.4701185882091522,5
gated_cross_attention,dropout,ecg,flatline,0.0,0.8622222549327813,0.04946692170066268,0.7188964983082631,0.07489930182921864,0.4701185882091522,5
gated_cross_attention,dropout,ecg,flatline,0.1,0.8587169964450666,0.05449674117536843,0.7041114828278705,0.04786415929753724,0.45244004527727766,5
gated_cross_attention,dropout,ecg,flatline,0.25,0.812170080626221,0.05238788501374757,0.6477702704693004,0.027275273282234655,0.4273924748102824,5
gated_cross_attention,dropout,ecg,flatline,0.5,0.7626428603270708,0.06444026310972058,0.5726672190579137,0.05227964225114373,0.4035017351309459,5
gated_cross_attention,dropout,ecg,flatline,0.75,0.6955647121962911,0.05239226226479629,0.46897087937183085,0.10374868258878667,0.38250537117322286,5
gated_cross_attention,dropout,ecg,flatline,1.0,0.734978197688724,0.07460119338047949,0.4951688856964488,0.033119973930137055,0.4204818785190582,5
gated_cross_attention,dropout,ecg,zero,0.0,0.8622222549327813,0.04946692170066268,0.7188964983082631,0.07489930182921864,0.4701185882091522,5
gated_cross_attention,dropout,ecg,zero,0.1,0.8625443427811849,0.057332956528773044,0.7231792988181578,0.06704340904598881,0.463966570297877,5
gated_cross_attention,dropout,ecg,zero,0.25,0.8520534453867787,0.06685709772035263,0.6978105720213335,0.05994332545430042,0.46056827505429593,5
gated_cross_attention,dropout,ecg,zero,0.5,0.8267137778804445,0.07818474854972632,0.6536186786996336,0.042895243519653875,0.45956826607386275,5
gated_cross_attention,dropout,ecg,zero,0.75,0.7789447763746009,0.08343602102376482,0.5968820834599812,0.03343655767294306,0.44379623730977374,5
gated_cross_attention,dropout,ecg,zero,1.0,0.734978197688724,0.07460119338047949,0.4951688856964488,0.033119973930137055,0.4204818785190582,5
gated_cross_attention,dropout,ppg,flatline,0.0,0.8622222549327813,0.04946692170066268,0.7188964983082631,0.07489930182921864,0.4701185882091522,5
gated_cross_attention,dropout,ppg,flatline,0.1,0.840424014336295,0.05239781100732218,0.6973429155962768,0.05126897627889001,0.48815091848373415,5
gated_cross_attention,dropout,ppg,flatline,0.25,0.8045654985040951,0.054610454890852145,0.6568029953876614,0.05945646333613752,0.5026772797107697,5
gated_cross_attention,dropout,ppg,flatline,0.5,0.7430114458009195,0.07460024686980923,0.5973450188297456,0.04244254754327013,0.5099802354971568,5
gated_cross_attention,dropout,ppg,flatline,0.75,0.6792697949540055,0.061826296359770196,0.5453961157330125,0.04437914929872537,0.5123829404513041,5
gated_cross_attention,dropout,ppg,flatline,1.0,0.7657749253012411,0.07054261168676391,0.5393445405981568,0.04326060798369972,0.804181718826294,5
gated_cross_attention,dropout,ppg,zero,0.0,0.8622222549327813,0.04946692170066268,0.7188964983082631,0.07489930182921864,0.4701185882091522,5
gated_cross_attention,dropout,ppg,zero,0.1,0.8248515425006653,0.0403360892232469,0.6582740976979654,0.0677137235650264,0.5564850052197774,5
gated_cross_attention,dropout,ppg,zero,0.25,0.7962095757797513,0.03772716039089426,0.6088220571518079,0.05686532577776694,0.6225743889808655,5
gated_cross_attention,dropout,ppg,zero,0.5,0.7835301533459428,0.05993557806617385,0.5597216200592795,0.052790338882196725,0.6784260114034016,5
gated_cross_attention,dropout,ppg,zero,0.75,0.7626525041525042,0.07051612496004916,0.5407431052255096,0.04263982721898337,0.7250811298688253,5
gated_cross_attention,dropout,ppg,zero,1.0,0.7657749253012411,0.07054261168676391,0.5393445405981568,0.04326060798369972,0.804181718826294,5
gated_cross_attention,ecg_noise,ecg,bw,0.0,0.8095684273052693,0.05840764514271182,0.3645031237637739,0.17418313910755898,0.3347632745901744,5
gated_cross_attention,ecg_noise,ecg,bw,6.0,0.853075512663232,0.054342875263962885,0.6741901370750953,0.05761876226560721,0.4148906151453654,5
gated_cross_attention,ecg_noise,ecg,bw,12.0,0.8616066782996608,0.05338279148077425,0.7144620101593647,0.05665522837448138,0.45395600001017256,5
gated_cross_attention,ecg_noise,ecg,bw,18.0,0.862255801299661,0.050949177085764574,0.7207574304198693,0.07262393744349317,0.4659539083639781,5
gated_cross_attention,ecg_noise,ecg,bw,24.0,0.8621148184042922,0.04996184877798009,0.713446346025797,0.07111279905468719,0.46923940181732177,5
gated_cross_attention,ecg_noise,ecg,em,0.0,0.8076512546863425,0.0584109645186115,0.34338995352676643,0.16421770359968363,0.3346552550792694,5
gated_cross_attention,ecg_noise,ecg,em,6.0,0.851381633995669,0.05208059116807074,0.6481713321704674,0.0877656849412855,0.40870797634124756,5
gated_cross_attention,ecg_noise,ecg,em,12.0,0.8624766866345814,0.04938764363352605,0.7176384329268319,0.05930004617599405,0.4500603834788005,5
gated_cross_attention,ecg_noise,ecg,em,18.0,0.8616255354062371,0.05047465230957358,0.7131523307599632,0.06631111730685497,0.4649001499017079,5
gated_cross_attention,ecg_noise,ecg,em,24.0,0.862320877075263,0.05029758898981998,0.7164191899047035,0.07751848476473716,0.4686316788196564,5
gated_cross_attention,ecg_noise,ecg,ma,0.0,0.7961864078267586,0.0631969675649849,0.22235618594747772,0.18571798888215602,0.3099758267402649,5
gated_cross_attention,ecg_noise,ecg,ma,6.0,0.8453822240401188,0.05593894985351111,0.594445500152348,0.1184783065611562,0.3864076375961304,5
gated_cross_attention,ecg_noise,ecg,ma,12.0,0.860533555051099,0.04910936014283453,0.6945388844143578,0.06522748158859039,0.43643138209978743,5
gated_cross_attention,ecg_noise,ecg,ma,18.0,0.8628629790384176,0.05189300419206625,0.7143579815421456,0.06999903154425578,0.4603382150332133,5
gated_cross_attention,ecg_noise,ecg,ma,24.0,0.8620270227814087,0.050497688188421194,0.718233342311445,0.07590668507927317,0.467446506023407,5
gated_cross_attention,missing,ecg,missing_noise,1.0,0.6819394500534852,0.05942868781889026,0.23023066201891473,0.3155534703732271,0.32324604541063306,5
gated_cross_attention,missing,ecg,missing_zero,1.0,0.7349781976887241,0.0746011933804795,0.4951688856964488,0.033119973930137055,0.4204818785190582,5
gated_cross_attention,missing,ppg,missing_noise,1.0,0.7107598276896522,0.11632899494713729,0.17334524320987355,0.28373267107347383,0.2553476418058077,5
gated_cross_attention,missing,ppg,missing_zero,1.0,0.7657749253012411,0.07054261168676396,0.5393445405981568,0.04326060798369972,0.804181718826294,5
gated_cross_attention,ppg_noise,ppg,synthetic_motion,0.0,0.7997839178102335,0.05395883049200411,0.660959026273961,0.01645384010751184,0.4827365914980571,5
gated_cross_attention,ppg_noise,ppg,synthetic_motion,6.0,0.8337139202051483,0.04841273483890777,0.6959915301944124,0.023603113550161692,0.4867102861404419,5
gated_cross_attention,ppg_noise,ppg,synthetic_motion,12.0,0.8484236978447506,0.05204797895483733,0.7040664124841368,0.040989852391432456,0.4822126626968384,5
gated_cross_attention,ppg_noise,ppg,synthetic_motion,18.0,0.8582913690632988,0.04919527501253944,0.708381729363763,0.05673393554708606,0.4759534339110057,5
gated_cross_attention,ppg_noise,ppg,synthetic_motion,24.0,0.8627986875443016,0.050942440622772915,0.7191411857162053,0.07300746876696637,0.4719688554604848,5
gated_cross_attention,ptt_const,ppg,shift,0.0,0.8622222549327813,0.049466921700662685,0.7188964983082631,0.0748993018292186,0.4701185882091522,5
gated_cross_attention,ptt_const,ppg,shift,50.0,0.8634997351313141,0.051431361110635274,0.7204948999066646,0.07217372066795824,0.46982942819595336,5
gated_cross_attention,ptt_const,ppg,shift,100.0,0.8623650289966079,0.054223388305501254,0.7241850096758933,0.07762483364861829,0.47106672525405885,5
gated_cross_attention,ptt_const,ppg,shift,200.0,0.8630835065835066,0.05291505438736813,0.7116039733763614,0.055601365067536365,0.4739191770553589,5
gated_cross_attention,ptt_const,ppg,shift,300.0,0.866386158280895,0.0553681996118093,0.7057542960059713,0.05241994679382531,0.4755778133869171,5
gated_cross_attention,ptt_const,ppg,shift,400.0,0.8683171586855798,0.057102393909555,0.7224378364771071,0.053955352288504024,0.4758085608482361,5
gated_cross_attention,ptt_jitter,ppg,random_walk,25.0,0.8621485915257845,0.049700871018037,0.7200710364691025,0.07381511194328443,0.47010217905044555,5
gated_cross_attention,ptt_jitter,ppg,random_walk,50.0,0.861999415841521,0.04998817494979775,0.7173144557493962,0.07106028315001667,0.4702628831068674,5
gated_cross_attention,ptt_jitter,ppg,random_walk,100.0,0.8627035221070308,0.05252759018962664,0.7124746322178985,0.06580733582314133,0.4704484562079112,5
gated_cross_attention,ptt_jitter,ppg,random_walk,200.0,0.8650574262328649,0.05115942104240565,0.7180124264670114,0.05896981974142853,0.46971274216969805,5
inceptiontime,both_noise,both,bw,0.0,0.8317002231651355,0.06932487867638623,0.5965555564753322,0.1417141516524773,0.45006592869758605,5
inceptiontime,both_noise,both,bw,6.0,0.8833995474170913,0.06421094166682366,0.7590673380950896,0.06978798317192814,0.45480085015296934,5
inceptiontime,both_noise,both,bw,12.0,0.8927205687468845,0.07033104844451755,0.7728605906698642,0.09824420466146848,0.46542154351870224,5
inceptiontime,both_noise,both,bw,18.0,0.8956142360791484,0.07035562178703406,0.7756333278823886,0.10682610938218792,0.47023933529853823,5
inceptiontime,both_noise,both,bw,24.0,0.8969768352312212,0.07092129509481941,0.783600484494228,0.10615415655180375,0.47175094683965046,5
inceptiontime,both_noise,both,em,0.0,0.7994795707602724,0.059405107510094944,0.4718021161972924,0.17360868121445522,0.39421380758285524,5
inceptiontime,both_noise,both,em,6.0,0.8759837208521419,0.06352752732522256,0.7305812464906626,0.06281290857195722,0.4337480525175731,5
inceptiontime,both_noise,both,em,12.0,0.8922236789517491,0.07233981040205681,0.7782165206805963,0.1017251686367015,0.4588477611541748,5
inceptiontime,both_noise,both,em,18.0,0.8959998717630295,0.07155189506204755,0.7788637316395386,0.11320230852637145,0.4677686194578807,5
inceptiontime,both_noise,both,em,24.0,0.89716395333062,0.07002016953223633,0.780181273929006,0.10619396553919797,0.4713015675544739,5
inceptiontime,both_noise,both,ma,0.0,0.7957095131568815,0.09444283109095991,0.4937109856207278,0.15971082369356265,0.40015698472658795,5
inceptiontime,both_noise,both,ma,6.0,0.8766749715784805,0.08274679014389738,0.7246851889536607,0.1117560493518794,0.4269435365994771,5
inceptiontime,both_noise,both,ma,12.0,0.8907118472820228,0.06991485669498644,0.76570099920706,0.09550342691437706,0.45366829236348466,5
inceptiontime,both_noise,both,ma,18.0,0.8977577490735384,0.06930771561295823,0.7782174918326981,0.10721870884882073,0.46603067119916275,5
inceptiontime,both_noise,both,ma,24.0,0.8976346306784903,0.07019234992166173,0.7791565014445438,0.1095917354035375,0.4703455070654551,5
inceptiontime,clean,none,clean,,0.8973252254568044,0.07050267016288164,0.7744957063064393,0.10991688964094494,0.4722492039203644,5
inceptiontime,dropout,ecg,flatline,0.0,0.8973252254568044,0.07050267016288164,0.7744957063064393,0.10991688964094498,0.4722492039203644,5
inceptiontime,dropout,ecg,flatline,0.1,0.8817110011495977,0.0899222821266338,0.7654242172892696,0.11004660824026435,0.4723695834477743,5
inceptiontime,dropout,ecg,flatline,0.25,0.8508075402373649,0.10296306970051564,0.71970505028687,0.08953913076496373,0.47777764995892846,5
inceptiontime,dropout,ecg,flatline,0.5,0.7878183956078694,0.08819501084482392,0.6567007997098977,0.08984598432340152,0.47767068147659303,5
inceptiontime,dropout,ecg,flatline,0.75,0.7304874763909852,0.11455536720529011,0.5747135683282402,0.09545202066452153,0.4745785375436147,5
inceptiontime,dropout,ecg,flatline,1.0,0.7546585049479786,0.1224576160168158,0.53843139708213,0.17532185063674088,0.47655665278434756,5
inceptiontime,dropout,ecg,zero,0.0,0.8973252254568044,0.07050267016288164,0.7744957063064393,0.10991688964094498,0.4722492039203644,5
inceptiontime,dropout,ecg,zero,0.1,0.8877218849850429,0.07927576208862856,0.7637625541684068,0.0971169193265046,0.4694649835427602,5
inceptiontime,dropout,ecg,zero,0.25,0.8817398864065531,0.08659263598499342,0.7627210880295686,0.09447723859531296,0.47127674619356785,5
inceptiontime,dropout,ecg,zero,0.5,0.8510563972493796,0.10654998341096521,0.7018286586901196,0.06716112738655898,0.46983439922332765,5
inceptiontime,dropout,ecg,zero,0.75,0.8004606683027735,0.11502396165984417,0.6103378067934725,0.10890018443406516,0.46900113622347517,5
inceptiontime,dropout,ecg,zero,1.0,0.7546585049479786,0.1224576160168158,0.53843139708213,0.17532185063674088,0.47655665278434756,5
inceptiontime,dropout,ppg,flatline,0.0,0.8973252254568044,0.07050267016288164,0.7744957063064393,0.10991688964094498,0.4722492039203644,5
inceptiontime,dropout,ppg,flatline,0.1,0.881586391963585,0.07459479674780989,0.7342828457297512,0.08571473407994532,0.509670223792394,5
inceptiontime,dropout,ppg,flatline,0.25,0.8268250046846539,0.09184259369627305,0.6710201525896069,0.07305611442107675,0.5716016530990601,5
inceptiontime,dropout,ppg,flatline,0.5,0.7460821582137371,0.0955553775242523,0.607884021765833,0.054654077619861546,0.6467462937037151,5
inceptiontime,dropout,ppg,flatline,0.75,0.7066759379390958,0.07562139385620631,0.599443770970763,0.0505295408105099,0.6976127624511719,5
inceptiontime,dropout,ppg,flatline,1.0,0.8660722052301001,0.04747342608469619,0.5934861528230473,0.03383785704469157,0.6949393153190613,5
inceptiontime,dropout,ppg,zero,0.0,0.8973252254568044,0.07050267016288164,0.7744957063064393,0.10991688964094498,0.4722492039203644,5
inceptiontime,dropout,ppg,zero,0.1,0.8983969476513336,0.06895823607815146,0.7787325688858221,0.08099549229339024,0.49932282567024233,5
inceptiontime,dropout,ppg,zero,0.25,0.8948598311054452,0.0634411362308472,0.7264660496115612,0.07472140881683137,0.5419519960880279,5
inceptiontime,dropout,ppg,zero,0.5,0.8932185602799638,0.05658129527332757,0.6647381012807223,0.08053664771390917,0.6052215377489726,5
inceptiontime,dropout,ppg,zero,0.75,0.88187028729134,0.04623846560302899,0.6191969844969101,0.050318821957699766,0.6571103811264039,5
inceptiontime,dropout,ppg,zero,1.0,0.8660722052301001,0.04747342608469619,0.5934861528230473,0.03383785704469157,0.6949393153190613,5
inceptiontime,ecg_noise,ecg,bw,0.0,0.8528332936753988,0.09991548449299809,0.7127498337724398,0.10200390863605774,0.4624020437399546,5
inceptiontime,ecg_noise,ecg,bw,6.0,0.8790066025153745,0.08499850748085472,0.7493261653510075,0.09965020796516909,0.46522252559661864,5
inceptiontime,ecg_noise,ecg,bw,12.0,0.8949930509842791,0.07411344937491289,0.7789414273303021,0.10212411413208913,0.46945991317431135,5
inceptiontime,ecg_noise,ecg,bw,18.0,0.8964556815346288,0.07273540566814471,0.7804378057644852,0.10834589352038733,0.4711530526479085,5
inceptiontime,ecg_noise,ecg,bw,24.0,0.8955959919819569,0.0718952967148761,0.7778699676319727,0.10837061230056155,0.4719483057657878,5
inceptiontime,ecg_noise,ecg,em,0.0,0.8307376841850527,0.09858536107733458,0.623760540215191,0.06822395181777054,0.4091282844543457,5
inceptiontime,ecg_noise,ecg,em,6.0,0.8824505014943611,0.08146388994636332,0.7618028380832739,0.09193873084438382,0.4442157447338104,5
inceptiontime,ecg_noise,ecg,em,12.0,0.8926104593122137,0.07657235339118167,0.7770824624239729,0.1035761528944658,0.46236438949902847,5
inceptiontime,ecg_noise,ecg,em,18.0,0.8952597115140974,0.0724893881044088,0.7847808698488705,0.10717470457995282,0.4698496341705322,5
inceptiontime,ecg_noise,ecg,em,24.0,0.8957773563036721,0.071728225479611,0.780236312180576,0.10910238193794267,0.471464083592097,5
inceptiontime,ecg_noise,ecg,ma,0.0,0.8445272619834023,0.11074208624422696,0.6031610167464249,0.13392667469861635,0.4056546211242676,5
inceptiontime,ecg_noise,ecg,ma,6.0,0.8820260606664115,0.08703161657687948,0.7549936863581443,0.10049625643456804,0.43778635263442994,5
inceptiontime,ecg_noise,ecg,ma,12.0,0.8914481858955543,0.07346215447766719,0.7786190507981248,0.09832502493596203,0.45724016626675923,5
inceptiontime,ecg_noise,ecg,ma,18.0,0.8963211213912968,0.07292990348818888,0.7834369154576754,0.10404679787989742,0.4668979585170746,5
inceptiontime,ecg_noise,ecg,ma,24.0,0.8961491182719253,0.07109860370953493,0.7798213998849215,0.1061351495215165,0.4706915318965912,5
inceptiontime,missing,ecg,missing_noise,1.0,0.6948302737864142,0.11999168988703726,0.020687354020687353,0.02837543093155729,0.24861336648464202,5
inceptiontime,missing,ecg,missing_zero,1.0,0.7546585049479787,0.12245761601681589,0.53843139708213,0.1753218506367408,0.47655665278434756,5
inceptiontime,missing,ppg,missing_noise,1.0,0.832460166644377,0.05275783757747292,0.45079810771859014,0.2959421723899234,0.3364250789086024,5
inceptiontime,missing,ppg,missing_zero,1.0,0.8660722052301001,0.04747342608469629,0.5934861528230473,0.03383785704469157,0.6949393153190613,5
inceptiontime,ppg_noise,ppg,synthetic_motion,0.0,0.8887854540486119,0.0427140214276256,0.7227968546541181,0.050000032750969245,0.4563661356767018,5
inceptiontime,ppg_noise,ppg,synthetic_motion,6.0,0.8968773690791234,0.05529154526467787,0.7612807137786981,0.07948386441190419,0.4618975341320038,5
inceptiontime,ppg_noise,ppg,synthetic_motion,12.0,0.8973312364803594,0.06591514757284052,0.7674659533495088,0.09308719403891907,0.46809538205464685,5
inceptiontime,ppg_noise,ppg,synthetic_motion,18.0,0.8965952585513989,0.07010024707423068,0.7763265451999113,0.10685325146139116,0.47103563944498694,5
inceptiontime,ppg_noise,ppg,synthetic_motion,24.0,0.8966183243200787,0.07093183511142274,0.7745819502559987,0.10413148127408192,0.47216392755508424,5
inceptiontime,ptt_const,ppg,shift,0.0,0.8973252254568044,0.07050267016288164,0.7744957063064393,0.10991688964094494,0.4722492039203644,5
inceptiontime,ptt_const,ppg,shift,50.0,0.8853008100639681,0.08328494780535968,0.7724769824769825,0.08797256060528535,0.47322803139686587,5
inceptiontime,ptt_const,ppg,shift,100.0,0.876412426886111,0.08380671567988637,0.7666942463740126,0.11207620907576005,0.47010555267333987,5
inceptiontime,ptt_const,ppg,shift,200.0,0.8630889119310172,0.09130625984238587,0.7517755008873932,0.11658414873531561,0.4597092568874359,5
inceptiontime,ptt_const,ppg,shift,300.0,0.854482542982543,0.0898792053232524,0.7289431848753882,0.09725942935449108,0.46078407764434814,5
inceptiontime,ptt_const,ppg,shift,400.0,0.8686521391258234,0.08784585287941425,0.7483740587752072,0.10948759022491557,0.4677984952926636,5
inceptiontime,ptt_jitter,ppg,random_walk,25.0,0.896085379094151,0.07080541649797363,0.7738296783402805,0.10459218461007441,0.4720342576503754,5
inceptiontime,ptt_jitter,ppg,random_walk,50.0,0.8947857079172868,0.072579541579677,0.7819810935347332,0.10077480710700779,0.4698433140913646,5
inceptiontime,ptt_jitter,ppg,random_walk,100.0,0.8902120724927742,0.07971023114017566,0.7824456778581785,0.10351092652400765,0.46784626444180805,5
inceptiontime,ptt_jitter,ppg,random_walk,200.0,0.8843649054877126,0.08145526188120567,0.7678843535619819,0.11304912991412286,0.4650262951850891,5
joint_transformer,both_noise,both,bw,0.0,0.7492323229340773,0.06154489035429452,0.2816704371691584,0.27670820422557035,0.3685474415620168,5
joint_transformer,both_noise,both,bw,6.0,0.8280141003737495,0.04250439748429452,0.5802859110562001,0.15749048535156598,0.42347624103228254,5
joint_transformer,both_noise,both,bw,12.0,0.8491771938701763,0.03455140733954563,0.6721665170743282,0.07895668073993076,0.4419572651386261,5
joint_transformer,both_noise,both,bw,18.0,0.8530987717040348,0.03602051118979151,0.7050308027496678,0.05392071406533788,0.4453261137008667,5
joint_transformer,both_noise,both,bw,24.0,0.8568499415166082,0.03570683623111645,0.7039370686643298,0.06692029429730466,0.4439583261807759,5
joint_transformer,both_noise,both,em,0.0,0.7276978242943155,0.061142051084253995,0.24701137595251618,0.24383694159281116,0.363877934217453,5
joint_transformer,both_noise,both,em,6.0,0.8283044117956398,0.03982792115920026,0.5598823495926286,0.1673969906481238,0.4184217929840088,5
joint_transformer,both_noise,both,em,12.0,0.8522421608035643,0.04104211212178633,0.6872967152050615,0.05504262996248874,0.4411292890707652,5
joint_transformer,both_noise,both,em,18.0,0.8552422301808267,0.035595051050776524,0.7032240810340891,0.04423218494058238,0.44323709408442175,5
joint_transformer,both_noise,both,em,24.0,0.8569610549435112,0.0370926974875196,0.703252815415364,0.05218513127476846,0.4437984963258107,5
joint_transformer,both_noise,both,ma,0.0,0.6976102856278296,0.07840234671074883,0.11903935832507262,0.15903211085208385,0.3147693932056427,5
joint_transformer,both_noise,both,ma,6.0,0.8062370910528806,0.05230579331139431,0.46652809708327503,0.18509972132665062,0.37812505960464476,5
joint_transformer,both_noise,both,ma,12.0,0.8468201217411744,0.03668925719895064,0.672075137530951,0.09379903190956662,0.42138054966926575,5
joint_transformer,both_noise,both,ma,18.0,0.8533871796415656,0.03741392074508758,0.6872178945163827,0.05289722773242698,0.43700385292371113,5
joint_transformer,both_noise,both,ma,24.0,0.855509463290165,0.03532568655210795,0.700231835985987,0.053372360901063766,0.4417432089646657,5
joint_transformer,clean,none,clean,,0.8568323965955544,0.03726802147612941,0.6952217661856216,0.06848939133158453,0.4435887157917023,5
joint_transformer,dropout,ecg,flatline,0.0,0.8568323965955544,0.037268021476129405,0.6952217661856216,0.06848939133158453,0.4435887157917023,5
joint_transformer,dropout,ecg,flatline,0.1,0.8513627930031438,0.03844689431636739,0.6896057168421715,0.061582990880330785,0.4295649508635203,5
joint_transformer,dropout,ecg,flatline,0.25,0.8396466910326559,0.04103967750981242,0.6610889320854442,0.07209207817590976,0.4092063883940379,5
joint_transformer,dropout,ecg,flatline,0.5,0.8088390841197859,0.058508904744345724,0.5672951009184064,0.08729540194953067,0.3786987026532491,5
joint_transformer,dropout,ecg,flatline,0.75,0.7520053461018372,0.08078860518092633,0.42560553440898696,0.0826256579412338,0.35251511335372926,5
joint_transformer,dropout,ecg,flatline,1.0,0.7632585899954321,0.070086377845824,0.4144150635029914,0.0608366639862349,0.38590632677078246,5
joint_transformer,dropout,ecg,zero,0.0,0.8568323965955544,0.037268021476129405,0.6952217661856216,0.06848939133158453,0.4435887157917023,5
joint_transformer,dropout,ecg,zero,0.1,0.8534636317443335,0.040387219260473714,0.6887367333824729,0.05826161071221636,0.4386096199353536,5
joint_transformer,dropout,ecg,zero,0.25,0.8503546992143484,0.04121289050860601,0.6908233791496372,0.07075153596071386,0.43060434063275654,5
joint_transformer,dropout,ecg,zero,0.5,0.8419378467536361,0.057533208798554135,0.6801044998169776,0.07723978359159352,0.41713960369427994,5
joint_transformer,dropout,ecg,zero,0.75,0.8148336261845033,0.07221834527031684,0.5865808976109289,0.11483340046813081,0.4013822098573049,5
joint_transformer,dropout,ecg,zero,1.0,0.7632585899954321,0.070086377845824,0.4144150635029914,0.0608366639862349,0.38590632677078246,5
joint_transformer,dropout,ppg,flatline,0.0,0.8568323965955544,0.037268021476129405,0.6952217661856216,0.06848939133158453,0.4435887157917023,5
joint_transformer,dropout,ppg,flatline,0.1,0.8431115505326032,0.034613817581301394,0.6906952972573542,0.03941801597847324,0.4567382554213206,5
joint_transformer,dropout,ppg,flatline,0.25,0.8101749715784804,0.02277416768394722,0.665397514296098,0.05699006322204687,0.4697436312834422,5
joint_transformer,dropout,ppg,flatline,0.5,0.7171864611864611,0.0623110965966968,0.5642910151247376,0.05586610317649869,0.4715426762898763,5
joint_transformer,dropout,ppg,flatline,0.75,0.6779812341742166,0.0322250984799087,0.5146281798209537,0.027943084567970226,0.47312394579251604,5
joint_transformer,dropout,ppg,flatline,1.0,0.7853227443753761,0.07499882941792822,0.5506174098779064,0.058442345701533775,0.7422459959983826,5
joint_transformer,dropout,ppg,zero,0.0,0.8568323965955544,0.037268021476129405,0.6952217661856216,0.06848939133158453,0.4435887157917023,5
joint_transformer,dropout,ppg,zero,0.1,0.8502346669013336,0.035853844435689314,0.6791664049663473,0.04592302223401628,0.5041928768157959,5
joint_transformer,dropout,ppg,zero,0.25,0.8299760437128858,0.049692397819090316,0.6229640915061081,0.038998523862342406,0.5739960511525473,5
joint_transformer,dropout,ppg,zero,0.5,0.8096548679004819,0.0720970195907449,0.5650898711628614,0.04843511152103972,0.6502138376235962,5
joint_transformer,dropout,ppg,zero,0.75,0.7953696051941666,0.07395110200676767,0.5568101247814017,0.05397017922902096,0.7038130521774292,5
joint_transformer,dropout,ppg,zero,1.0,0.7853227443753761,0.07499882941792822,0.5506174098779064,0.058442345701533775,0.7422459959983826,5
joint_transformer,ecg_noise,ecg,bw,0.0,0.8227874603927235,0.03942340317169283,0.36662043069161865,0.25122572590813474,0.33691348234812424,5
joint_transformer,ecg_noise,ecg,bw,6.0,0.8422810869477537,0.037197267699646784,0.6026004392010192,0.13900526079801775,0.39732952912648517,5
joint_transformer,ecg_noise,ecg,bw,12.0,0.8535505487172154,0.035416865189425495,0.6732086641739256,0.058059534925862764,0.42987665931383773,5
joint_transformer,ecg_noise,ecg,bw,18.0,0.856346220811133,0.037680045203169296,0.6991161747317931,0.06087598829780819,0.43957177599271136,5
joint_transformer,ecg_noise,ecg,bw,24.0,0.855939666773,0.036774974602053014,0.6903564334841358,0.06471514170358647,0.44267788529396057,5
joint_transformer,ecg_noise,ecg,em,0.0,0.8182281723597514,0.04450995652950943,0.35741820748133446,0.25309620339446093,0.3346248666445414,5
joint_transformer,ecg_noise,ecg,em,6.0,0.8492940680221382,0.030911365659411605,0.6033014110117711,0.13033388319551312,0.39193349083264667,5
joint_transformer,ecg_noise,ecg,em,12.0,0.8548438012911698,0.03566786186378373,0.669020090016414,0.05084407141920325,0.42600798010826113,5
joint_transformer,ecg_noise,ecg,em,18.0,0.8548522127294056,0.036163476706617105,0.6952832130229151,0.06629984153744944,0.4390346686045329,5
joint_transformer,ecg_noise,ecg,em,24.0,0.8566080806080805,0.036462188530352886,0.6944693235402483,0.06541610756951717,0.44219676057497653,5
joint_transformer,ecg_noise,ecg,ma,0.0,0.7901479659725273,0.04828346848022811,0.16856170198412937,0.11099289142980129,0.2846507201592128,5
joint_transformer,ecg_noise,ecg,ma,6.0,0.8224830730093888,0.03961955543366918,0.4814812085580161,0.1888971066872294,0.35512453118960063,5
joint_transformer,ecg_noise,ecg,ma,12.0,0.850422717203419,0.0386527733183049,0.6457429453739787,0.10237032585354959,0.40700594385464983,5
joint_transformer,ecg_noise,ecg,ma,18.0,0.8560969265004352,0.03705925018915123,0.6926361357614713,0.05369966961350486,0.43287618160247804,5
joint_transformer,ecg_noise,ecg,ma,24.0,0.8558704663792384,0.037008765871060424,0.6932542397437269,0.06259280490707939,0.44048822323481246,5
joint_transformer,missing,ecg,missing_noise,1.0,0.7414401133348502,0.065940458353323,0.0,0.0,0.1366366647183895,5
joint_transformer,missing,ecg,missing_zero,1.0,0.7632585899954322,0.07008637784582397,0.4144150635029914,0.0608366639862349,0.38590632677078246,5
joint_transformer,missing,ppg,missing_noise,1.0,0.7979333698456506,0.06547408608891797,0.0,0.0,0.1585258478919665,5
joint_transformer,missing,ppg,missing_zero,1.0,0.785322744375376,0.07499882941792822,0.5506174098779064,0.058442345701533775,0.7422459959983826,5
joint_transformer,ppg_noise,ppg,synthetic_motion,0.0,0.8063856488067014,0.07287672438686293,0.6457852589033727,0.0578423397610423,0.48613202174504605,5
joint_transformer,ppg_noise,ppg,synthetic_motion,6.0,0.8408415935696638,0.05021665610632839,0.6893032838474911,0.038882983762800916,0.4729043523470561,5
joint_transformer,ppg_noise,ppg,synthetic_motion,12.0,0.8534624091027598,0.03994577450015385,0.7172562487736007,0.041010902255610125,0.45703684886296586,5
joint_transformer,ppg_noise,ppg,synthetic_motion,18.0,0.8531641384974717,0.037849218057653976,0.7073935943462774,0.04913773289813143,0.44818825523058575,5
joint_transformer,ppg_noise,ppg,synthetic_motion,24.0,0.8583543944947454,0.034304041963876555,0.71119489467807,0.05687294560783275,0.445042884349823,5
joint_transformer,ptt_const,ppg,shift,0.0,0.8568323965955544,0.03726802147612941,0.6952217661856216,0.06848939133158453,0.4435887157917023,5
joint_transformer,ptt_const,ppg,shift,50.0,0.8555937999885368,0.036741063345326924,0.7072907317028629,0.05335392875341703,0.44323816895484924,5
joint_transformer,ptt_const,ppg,shift,100.0,0.8551869984501563,0.03576562489786118,0.7188909003816257,0.05396156801646325,0.4440495133399963,5
joint_transformer,ptt_const,ppg,shift,200.0,0.8564278682962894,0.0346105744532625,0.7208627516884263,0.047493100609972444,0.44532524347305297,5
joint_transformer,ptt_const,ppg,shift,300.0,0.8586832271832272,0.034989090689425316,0.7169445929079593,0.04505152701951043,0.4465331196784973,5
joint_transformer,ptt_const,ppg,shift,400.0,0.8584953533637745,0.036892876384704974,0.7004449780897177,0.05882668377889304,0.44912638068199157,5
joint_transformer,ptt_jitter,ppg,random_walk,25.0,0.8565510505685945,0.037582657360655684,0.6992379152502574,0.06461426667146244,0.44377374450365703,5
joint_transformer,ptt_jitter,ppg,random_walk,50.0,0.8567281537369258,0.03642963936411362,0.7022511304177985,0.060156971711604966,0.44381252328554793,5
joint_transformer,ptt_jitter,ppg,random_walk,100.0,0.8547018606229132,0.03754596533524989,0.7029042676449309,0.059234826639774786,0.4438068389892578,5
joint_transformer,ptt_jitter,ppg,random_walk,200.0,0.8562578029156975,0.036139876381048756,0.7053131368292658,0.05737212758264527,0.4440244913101196,5
ppg_only,both_noise,both,bw,0.0,0.6185572367239034,0.04822031910315745,0.5234213782745265,0.04244105415868995,0.5263630052407582,5
ppg_only,both_noise,both,bw,6.0,0.7036727780411991,0.07314522796613522,0.5886968704346949,0.04982278559951254,0.5139587044715881,5
ppg_only,both_noise,both,bw,12.0,0.7343155252804376,0.0774707169828786,0.6056653408886616,0.048315990303371095,0.4980605145295461,5
ppg_only,both_noise,both,bw,18.0,0.7421386262877491,0.07326596642874267,0.6217414525834103,0.026316634905176644,0.4908710638682048,5
ppg_only,both_noise,both,bw,24.0,0.7450111828620601,0.07454146852625684,0.618547917596316,0.0270724661053605,0.48806259632110593,5
ppg_only,both_noise,both,em,0.0,0.6066745080341571,0.06441958312795716,0.5170335521317553,0.04878646246373455,0.5292656679948171,5
ppg_only,both_noise,both,em,6.0,0.7225231746108939,0.09094897579679163,0.5821174475518445,0.056207114892758335,0.5150223592917125,5
ppg_only,both_noise,both,em,12.0,0.7411665137279172,0.08493720504138069,0.6238377882409328,0.03212162331911668,0.4991450130939484,5
ppg_only,both_noise,both,em,18.0,0.7420231177775037,0.07472212949059419,0.6206666000070437,0.02369091502664749,0.4903288304805756,5
ppg_only,both_noise,both,em,24.0,0.7449776799162764,0.07451874231474635,0.6215208138243493,0.02300921832972312,0.4883521517117818,5
ppg_only,both_noise,both,ma,0.0,0.6113580781475518,0.054664961876602275,0.5146090497443082,0.05141852775950391,0.5273041546344757,5
ppg_only,both_noise,both,ma,6.0,0.7217455076051568,0.09295052149487913,0.6049084853563764,0.05032569690305942,0.5149005611737569,5
ppg_only,both_noise,both,ma,12.0,0.7424020116125379,0.07452051210938791,0.6162448783995853,0.03416105229272042,0.4978328724702199,5
ppg_only,both_noise,both,ma,18.0,0.7429832480446515,0.07349334490020037,0.6190906806920979,0.0233518534004841,0.49073679645856216,5
ppg_only,both_noise,both,ma,24.0,0.7459058575637523,0.07430354719692607,0.6239293893084208,0.025101865318985728,0.48815731406211854,5
ppg_only,clean,none,clean,,0.7445163057794637,0.07381099237216752,0.6239385622803216,0.025189500565748715,0.48727924227714536,5
ppg_only,dropout,ecg,flatline,0.0,0.7445163057794637,0.07381099237216752,0.6239385622803216,0.025189500565748715,0.48727924227714536,5
ppg_only,dropout,ecg,flatline,0.1,0.7445163057794637,0.07381099237216752,0.6239385622803216,0.025189500565748715,0.48727924227714536,5
ppg_only,dropout,ecg,flatline,0.25,0.7445163057794637,0.07381099237216752,0.6239385622803216,0.025189500565748715,0.48727924227714536,5
ppg_only,dropout,ecg,flatline,0.5,0.7445163057794637,0.07381099237216752,0.6239385622803216,0.025189500565748715,0.48727924227714536,5
ppg_only,dropout,ecg,flatline,0.75,0.7445163057794637,0.07381099237216752,0.6239385622803216,0.025189500565748715,0.48727924227714536,5
ppg_only,dropout,ecg,flatline,1.0,0.7445163057794637,0.07381099237216752,0.6239385622803216,0.025189500565748715,0.48727924227714536,5
ppg_only,dropout,ecg,zero,0.0,0.7445163057794637,0.07381099237216752,0.6239385622803216,0.025189500565748715,0.48727924227714536,5
ppg_only,dropout,ecg,zero,0.1,0.7445163057794637,0.07381099237216752,0.6239385622803216,0.025189500565748715,0.48727924227714536,5
ppg_only,dropout,ecg,zero,0.25,0.7445163057794637,0.07381099237216752,0.6239385622803216,0.025189500565748715,0.48727924227714536,5
ppg_only,dropout,ecg,zero,0.5,0.7445163057794637,0.07381099237216752,0.6239385622803216,0.025189500565748715,0.48727924227714536,5
ppg_only,dropout,ecg,zero,0.75,0.7445163057794637,0.07381099237216752,0.6239385622803216,0.025189500565748715,0.48727924227714536,5
ppg_only,dropout,ecg,zero,1.0,0.7445163057794637,0.07381099237216752,0.6239385622803216,0.025189500565748715,0.48727924227714536,5
ppg_only,dropout,ppg,flatline,0.0,0.7445163057794637,0.07381099237216752,0.6239385622803216,0.025189500565748715,0.48727924227714536,5
ppg_only,dropout,ppg,flatline,0.1,0.7236196232862899,0.07100095080625349,0.5989101784011079,0.04539098899311726,0.49323053161303204,5
ppg_only,dropout,ppg,flatline,0.25,0.6751453828997689,0.0891536071946379,0.5570663025814195,0.05850175230537537,0.49467897613843287,5
ppg_only,dropout,ppg,flatline,0.5,0.5989970099268345,0.044149728875013027,0.4857686906231762,0.017471604291384932,0.4801961402098337,5
ppg_only,dropout,ppg,flatline,0.75,0.5525838710312395,0.029780696574971826,0.44425605210442437,0.02424589700914737,0.4669868210951488,5
ppg_only,dropout,ppg,flatline,1.0,0.5,0.0,0.5367181689485795,0.04720884093541977,0.6530836939811706,5
ppg_only,dropout,ppg,zero,0.0,0.7445163057794637,0.07381099237216752,0.6239385622803216,0.025189500565748715,0.48727924227714536,5
ppg_only,dropout,ppg,zero,0.1,0.7354668341949043,0.08126836402403739,0.6141712600758841,0.030950459945936117,0.5303980231285095,5
ppg_only,dropout,ppg,zero,0.25,0.6931166256868011,0.08283377426225615,0.5456684961955376,0.05916116545848221,0.5608107447624207,5
ppg_only,dropout,ppg,zero,0.5,0.6840650228018649,0.10230294252611462,0.5367181689485795,0.04720884093541977,0.593515173594157,5
ppg_only,dropout,ppg,zero,0.75,0.6480722932301879,0.052766145982225975,0.5367181689485795,0.04720884093541977,0.6244746009508769,5
ppg_only,dropout,ppg,zero,1.0,0.5,0.0,0.5367181689485795,0.04720884093541977,0.6530836939811706,5
ppg_only,ecg_noise,ecg,bw,0.0,0.7445163057794637,0.07381099237216752,0.6239385622803216,0.025189500565748715,0.48727924227714536,5
ppg_only,ecg_noise,ecg,bw,6.0,0.7445163057794637,0.07381099237216752,0.6239385622803216,0.025189500565748715,0.48727924227714536,5
ppg_only,ecg_noise,ecg,bw,12.0,0.7445163057794637,0.07381099237216752,0.6239385622803216,0.025189500565748715,0.48727924227714536,5
ppg_only,ecg_noise,ecg,bw,18.0,0.7445163057794637,0.07381099237216752,0.6239385622803216,0.025189500565748715,0.48727924227714536,5
ppg_only,ecg_noise,ecg,bw,24.0,0.7445163057794637,0.07381099237216752,0.6239385622803216,0.025189500565748715,0.48727924227714536,5
ppg_only,ecg_noise,ecg,em,0.0,0.7445163057794637,0.07381099237216752,0.6239385622803216,0.025189500565748715,0.48727924227714536,5
ppg_only,ecg_noise,ecg,em,6.0,0.7445163057794637,0.07381099237216752,0.6239385622803216,0.025189500565748715,0.48727924227714536,5
ppg_only,ecg_noise,ecg,em,12.0,0.7445163057794637,0.07381099237216752,0.6239385622803216,0.025189500565748715,0.48727924227714536,5
ppg_only,ecg_noise,ecg,em,18.0,0.7445163057794637,0.07381099237216752,0.6239385622803216,0.025189500565748715,0.48727924227714536,5
ppg_only,ecg_noise,ecg,em,24.0,0.7445163057794637,0.07381099237216752,0.6239385622803216,0.025189500565748715,0.48727924227714536,5
ppg_only,ecg_noise,ecg,ma,0.0,0.7445163057794637,0.07381099237216752,0.6239385622803216,0.025189500565748715,0.48727924227714536,5
ppg_only,ecg_noise,ecg,ma,6.0,0.7445163057794637,0.07381099237216752,0.6239385622803216,0.025189500565748715,0.48727924227714536,5
ppg_only,ecg_noise,ecg,ma,12.0,0.7445163057794637,0.07381099237216752,0.6239385622803216,0.025189500565748715,0.48727924227714536,5
ppg_only,ecg_noise,ecg,ma,18.0,0.7445163057794637,0.07381099237216752,0.6239385622803216,0.025189500565748715,0.48727924227714536,5
ppg_only,ecg_noise,ecg,ma,24.0,0.7445163057794637,0.07381099237216752,0.6239385622803216,0.025189500565748715,0.48727924227714536,5
ppg_only,missing,ecg,missing_noise,1.0,0.7445163057794637,0.07381099237216752,0.6239385622803216,0.025189500565748715,0.48727924227714536,5
ppg_only,missing,ecg,missing_zero,1.0,0.7445163057794637,0.07381099237216752,0.6239385622803216,0.025189500565748715,0.48727924227714536,5
ppg_only,missing,ppg,missing_noise,1.0,0.4861984328650995,0.029510155469145722,0.0,0.0,0.22847214813033742,5
ppg_only,missing,ppg,missing_zero,1.0,0.5,0.0,0.5367181689485795,0.04720884093541977,0.6530836939811706,5
ppg_only,ppg_noise,ppg,synthetic_motion,0.0,0.6073582379371854,0.05528050391269945,0.525072446475728,0.04532764366310732,0.5282884657382965,5
ppg_only,ppg_noise,ppg,synthetic_motion,6.0,0.710968371108722,0.07114439016247498,0.5835938100849773,0.04261539166532217,0.5151724576950073,5
ppg_only,ppg_noise,ppg,synthetic_motion,12.0,0.7399566392110252,0.0764110710816302,0.6157911220951809,0.03730455593081412,0.4984337309996286,5
ppg_only,ppg_noise,ppg,synthetic_motion,18.0,0.7414672991865974,0.06717972038572699,0.6195921768881815,0.025839646757477863,0.49076779087384537,5
ppg_only,ppg_noise,ppg,synthetic_motion,24.0,0.7449063165729832,0.07312229112716821,0.6220328901408199,0.020175543768923464,0.48835825125376386,5
ppg_only,ptt_const,ppg,shift,0.0,0.7445163057794637,0.07381099237216752,0.6239385622803216,0.025189500565748715,0.48727924227714536,5
ppg_only,ptt_const,ppg,shift,50.0,0.746306188490399,0.07463740825903635,0.6239385622803216,0.025189500565748715,0.486991286277771,5
ppg_only,ptt_const,ppg,shift,100.0,0.7454754511596617,0.07701804325421491,0.6257312793671563,0.02010905579609637,0.4874248802661896,5
ppg_only,ptt_const,ppg,shift,200.0,0.7460200645990119,0.07773676762898327,0.629982503016425,0.012696728265763188,0.4892424583435059,5
ppg_only,ptt_const,ppg,shift,300.0,0.7472203177729494,0.07602067517447562,0.631673834940315,0.012912548835559255,0.4909959375858307,5
ppg_only,ptt_const,ppg,shift,400.0,0.7434465474728633,0.07716220225416633,0.6258590356809061,0.017288924417993755,0.49322022795677184,5
ppg_only,ptt_jitter,ppg,random_walk,25.0,0.743886522439154,0.07436633660394247,0.6218070624660373,0.025750431722832354,0.4872720758120219,5
ppg_only,ptt_jitter,ppg,random_walk,50.0,0.7449530912250211,0.07605127818091599,0.6201693116081652,0.027445502916433256,0.48714988629023226,5
ppg_only,ptt_jitter,ppg,random_walk,100.0,0.7431497956410237,0.0789325203568281,0.6179596589824786,0.03191724880326861,0.4866141776243846,5
ppg_only,ptt_jitter,ppg,random_walk,200.0,0.7418858602191936,0.07629569622584181,0.6074558410891246,0.03872389518416387,0.48582399090131123,5
resnet1d,both_noise,both,bw,0.0,0.8526302383933964,0.06269758391519586,0.44380205453683264,0.289678723428172,0.3229072799285253,5
resnet1d,both_noise,both,bw,6.0,0.9071231103862682,0.03411409655723975,0.7332095421733682,0.09870483317574849,0.3994671960671743,5
resnet1d,both_noise,both,bw,12.0,0.9052704989547096,0.028923926038619412,0.781090798050114,0.03173438495553117,0.43857193787892657,5
resnet1d,both_noise,both,bw,18.0,0.9080132872413575,0.028517181254165268,0.7838801669936991,0.03685146751038011,0.45263447364171344,5
resnet1d,both_noise,both,bw,24.0,0.9084874642330781,0.029524277784636503,0.7946222034368343,0.04477926425920519,0.4559148708979289,5
resnet1d,both_noise,both,em,0.0,0.8322784546644195,0.05764086030178522,0.3810065126422196,0.297069995695603,0.31265340745449066,5
resnet1d,both_noise,both,em,6.0,0.9041675234131376,0.029561267749394035,0.7239440881301374,0.06951584876576274,0.3920245071252187,5
resnet1d,both_noise,both,em,12.0,0.905122236560833,0.030961832807375203,0.7731644960057338,0.020760512658648936,0.4355391939481099,5
resnet1d,both_noise,both,em,18.0,0.9078619482215974,0.028855900275026547,0.7879312755116573,0.028677028121201716,0.4513631045818329,5
resnet1d,both_noise,both,em,24.0,0.9072404170123468,0.02950251957585926,0.7865481401118046,0.04032177482913347,0.4562577863534291,5
resnet1d,both_noise,both,ma,0.0,0.846495402284876,0.058049311604261467,0.3947283440553188,0.27248588053930206,0.31367374360561373,5
resnet1d,both_noise,both,ma,6.0,0.8949534688920654,0.02921100033764268,0.7096059753895105,0.08972791961012164,0.39070075154304507,5
resnet1d,both_noise,both,ma,12.0,0.9076460415495504,0.031049395480759998,0.778895647047353,0.029110221922021305,0.4360405723253886,5
resnet1d,both_noise,both,ma,18.0,0.9076815878921142,0.029011253625758553,0.7902693256748984,0.0482470960747784,0.4509899417559306,5
resnet1d,both_noise,both,ma,24.0,0.908138502006923,0.02871613701319955,0.7928447848379634,0.04898750470224279,0.45602781176567075,5
resnet1d,clean,none,clean,,0.9074249422933633,0.0300145924829209,0.7877538640696535,0.045833279180979826,0.4575406610965729,5
resnet1d,dropout,ecg,flatline,0.0,0.9074249422933633,0.030014592482920887,0.7877538640696535,0.045833279180979826,0.4575406610965729,5
resnet1d,dropout,ecg,flatline,0.1,0.893538138485507,0.04625496443755276,0.7617156172424588,0.03428034888415309,0.4442955156167348,5
resnet1d,dropout,ecg,flatline,0.25,0.87415405988213,0.0500674934309942,0.7346492004226168,0.05113896141078104,0.437301903963089,5
resnet1d,dropout,ecg,flatline,0.5,0.8187196135792627,0.05420252022328509,0.6557899722160924,0.07833097145243025,0.42470650275548294,5
resnet1d,dropout,ecg,flatline,0.75,0.664167484913099,0.06946001500766369,0.47208868200212895,0.19926656261762443,0.41096629301706955,5
resnet1d,dropout,ecg,flatline,1.0,0.6338354962828647,0.12191930688029691,0.45326421401971084,0.20569071588039503,0.5031913578510284,5
resnet1d,dropout,ecg,zero,0.0,0.9074249422933633,0.030014592482920887,0.7877538640696535,0.045833279180979826,0.4575406610965729,5
resnet1d,dropout,ecg,zero,0.1,0.9014879140756333,0.03313685696557799,0.7670036319434106,0.04214651497797331,0.4594969054063161,5
resnet1d,dropout,ecg,zero,0.25,0.8889805996472664,0.03660680221091739,0.7217000935105785,0.06304662548541616,0.4660718262195587,5
resnet1d,dropout,ecg,zero,0.5,0.858445245225947,0.05403857621346075,0.6521985628043854,0.09328964071920139,0.4743045647939046,5
resnet1d,dropout,ecg,zero,0.75,0.7462663729856713,0.10520628930205651,0.535114055925173,0.18930922381437423,0.48265259265899657,5
resnet1d,dropout,ecg,zero,1.0,0.6338354962828647,0.12191930688029691,0.45326421401971084,0.20569071588039503,0.5031913578510284,5
resnet1d,dropout,ppg,flatline,0.0,0.9074249422933633,0.030014592482920887,0.7877538640696535,0.045833279180979826,0.4575406610965729,5
resnet1d,dropout,ppg,flatline,0.1,0.9055726323007025,0.036080587455297894,0.778711478414431,0.028258833274078944,0.4605328639348348,5
resnet1d,dropout,ppg,flatline,0.25,0.8955310567942147,0.040049905785551065,0.758849939177402,0.03792214008956475,0.4701802313327789,5
resnet1d,dropout,ppg,flatline,0.5,0.8425332960683838,0.05300242928715368,0.7107676257523383,0.024210284580948576,0.48567734360694886,5
resnet1d,dropout,ppg,flatline,0.75,0.7953529562915529,0.0632819163240921,0.6700426019480807,0.058138706295039505,0.5011655549208324,5
resnet1d,dropout,ppg,flatline,1.0,0.8560876567718673,0.060935817336913514,0.6378795731691974,0.042789961528114866,0.6711700081825256,5
resnet1d,dropout,ppg,zero,0.0,0.9074249422933633,0.030014592482920887,0.7877538640696535,0.045833279180979826,0.4575406610965729,5
resnet1d,dropout,ppg,zero,0.1,0.9072097779290761,0.03444143885088476,0.7920010778191722,0.03122850448811821,0.4788458963235219,5
resnet1d,dropout,ppg,zero,0.25,0.9008231895863474,0.04357980703559122,0.7714624055124311,0.024537837755787967,0.5188914577166239,5
resnet1d,dropout,ppg,zero,0.5,0.8922400980120277,0.04743567599870328,0.7223641205812121,0.03290815561348925,0.5802843948205313,5
resnet1d,dropout,ppg,zero,0.75,0.8751437741964058,0.05996483291357122,0.6706065178431935,0.03858788372558492,0.6334982315699259,5
resnet1d,dropout,ppg,zero,1.0,0.8560876567718673,0.060935817336913514,0.6378795731691974,0.042789961528114866,0.6711700081825256,5
resnet1d,ecg_noise,ecg,bw,0.0,0.8678739865757411,0.0405108430012697,0.6040278719012185,0.17687299394659162,0.3607680439949036,5
resnet1d,ecg_noise,ecg,bw,6.0,0.8994710991114501,0.03708321776677678,0.7553804249717284,0.048486884821967204,0.42011041442553204,5
resnet1d,ecg_noise,ecg,bw,12.0,0.9053409957094167,0.029931212169319734,0.7827701246122298,0.03424178387406795,0.4469314495722453,5
resnet1d,ecg_noise,ecg,bw,18.0,0.9093076210970947,0.02866672155616357,0.7926627429037587,0.04433126473468333,0.4548578162988027,5
resnet1d,ecg_noise,ecg,bw,24.0,0.9074872591890136,0.02931136994209545,0.7928294911538452,0.052341898791536876,0.4568539996941884,5
resnet1d,ecg_noise,ecg,em,0.0,0.8634980653489425,0.046856444156519,0.5213321416559757,0.2179568116225867,0.3473849594593048,5
resnet1d,ecg_noise,ecg,em,6.0,0.8982883438672913,0.03575923214874024,0.7575971862472187,0.03527672772326338,0.4115551074345906,5
resnet1d,ecg_noise,ecg,em,12.0,0.9076660730520378,0.030222683417104403,0.7923284296124076,0.0371302721396712,0.4433565775553386,5
resnet1d,ecg_noise,ecg,em,18.0,0.9076792448897711,0.029495138122688398,0.787966464543715,0.04627140328352166,0.4541363815466563,5
resnet1d,ecg_noise,ecg,em,24.0,0.9071253179147917,0.030381056593102702,0.7850229408624442,0.047214992120072324,0.4565355122089386,5
resnet1d,ecg_noise,ecg,ma,0.0,0.861268580321212,0.05666223945125019,0.5416071896157175,0.2044959229015745,0.34811579088370004,5
resnet1d,ecg_noise,ecg,ma,6.0,0.9020517813938866,0.029915028605268772,0.7504614034641979,0.05585768515706082,0.4100311954816182,5
resnet1d,ecg_noise,ecg,ma,12.0,0.9075441131318325,0.027864438243566776,0.7886181763128925,0.032761711766496955,0.44102967381477354,5
resnet1d,ecg_noise,ecg,ma,18.0,0.9073235842358649,0.029817388643604826,0.7842912949068845,0.03884883290659344,0.4533815741539001,5
resnet1d,ecg_noise,ecg,ma,24.0,0.90805438521228,0.029517413374983575,0.7905115240914226,0.05231965794099763,0.45661635001500445,5
resnet1d,missing,ecg,missing_noise,1.0,0.5977451471135682,0.1450945608591876,0.14811052211785056,0.2139193228628297,0.3329185704390208,5
resnet1d,missing,ecg,missing_zero,1.0,0.6338354962828647,0.12191930688029691,0.45326421401971084,0.20569071588039503,0.5031913578510284,5
resnet1d,missing,ppg,missing_noise,1.0,0.8424856358189692,0.047496935118851745,0.6060160681359217,0.1525890160048167,0.34961137870947523,5
resnet1d,missing,ppg,missing_zero,1.0,0.8560876567718673,0.06093581733691354,0.6378795731691974,0.042789961528114866,0.6711700081825256,5
resnet1d,ppg_noise,ppg,synthetic_motion,0.0,0.8959587449412011,0.03089624751217867,0.7320145643459934,0.08129916113134548,0.40986213088035583,5
resnet1d,ppg_noise,ppg,synthetic_motion,6.0,0.9071065676241116,0.028851866514950485,0.7681225061098977,0.028578638996593138,0.43434500495592754,5
resnet1d,ppg_noise,ppg,synthetic_motion,12.0,0.9084135523609207,0.028952623360938914,0.7778192977433437,0.025794754646614425,0.45078831513722734,5
resnet1d,ppg_noise,ppg,synthetic_motion,18.0,0.9084264477510091,0.029670973722948458,0.7876910333944945,0.03746157186540606,0.455566942691803,5
resnet1d,ppg_noise,ppg,synthetic_motion,24.0,0.9078402183753062,0.030408924790594562,0.7892497792761693,0.0414767883571255,0.4570815026760101,5
resnet1d,ptt_const,ppg,shift,0.0,0.9074249422933633,0.0300145924829209,0.7877538640696535,0.045833279180979826,0.4575406610965729,5
resnet1d,ptt_const,ppg,shift,50.0,0.8949290015868963,0.034129989790016975,0.7762198887425747,0.02343911132819424,0.45653573274612425,5
resnet1d,ptt_const,ppg,shift,100.0,0.8770332472437736,0.04305344202248366,0.735604361215249,0.03340778938409681,0.4517129063606262,5
resnet1d,ptt_const,ppg,shift,200.0,0.8636210933316196,0.06552863166303378,0.7098678951425887,0.06625369041926697,0.4431025266647339,5
resnet1d,ptt_const,ppg,shift,300.0,0.8651026034710245,0.07239821969838464,0.7225916442758548,0.05353177574627827,0.4388743579387665,5
resnet1d,ptt_const,ppg,shift,400.0,0.8804397622029201,0.051620062812072307,0.7174078421434066,0.06937144250473701,0.4434756338596344,5
resnet1d,ptt_jitter,ppg,random_walk,25.0,0.9081282743124849,0.02875580312095886,0.7970629720061931,0.04378825354579147,0.4569002091884613,5
resnet1d,ptt_jitter,ppg,random_walk,50.0,0.9062648485192344,0.03372755202635988,0.7930440046187162,0.029383357341834372,0.4539681911468506,5
resnet1d,ptt_jitter,ppg,random_walk,100.0,0.8974781980746893,0.03749740470525727,0.7751295164488795,0.04188830606455303,0.4547298848628998,5
resnet1d,ptt_jitter,ppg,random_walk,200.0,0.9019979326733711,0.03842000298979625,0.7729039424691864,0.042280868601654094,0.44519142508506776,5
tcn,both_noise,both,bw,0.0,0.8175189315013875,0.03149147226347375,0.4046580709964583,0.283488162871072,0.44595883886019394,5
tcn,both_noise,both,bw,6.0,0.8894918752374894,0.03720168282071849,0.6837573703206588,0.08315928380124922,0.4514181077480316,5
tcn,both_noise,both,bw,12.0,0.8956135788767368,0.03700717028570939,0.7543678789803915,0.05528751476882238,0.45300137797991435,5
tcn,both_noise,both,bw,18.0,0.8992633151755959,0.03328243377944954,0.7609447309785065,0.04394820957631308,0.45480744043986,5
tcn,both_noise,both,bw,24.0,0.9003824157683807,0.03580608023742851,0.7675305776827301,0.05114087208753973,0.455488500992457,5
tcn,both_noise,both,em,0.0,0.7648481015235402,0.07074192372010074,0.3834055734736921,0.29171407343907263,0.39512803554534914,5
tcn,both_noise,both,em,6.0,0.887261547165056,0.02705113851811846,0.6935302405163374,0.07923957204653354,0.4337640404701233,5
tcn,both_noise,both,em,12.0,0.895429664192822,0.03182632025750251,0.752355364528366,0.051641085738695996,0.4463311930497487,5
tcn,both_noise,both,em,18.0,0.8992267991917116,0.036465807812983184,0.7642409147203162,0.054036568312941936,0.45307968060175574,5
tcn,both_noise,both,em,24.0,0.9004906659117186,0.034509816452318244,0.7664706340417523,0.050549139981149585,0.45538516640663146,5
tcn,both_noise,both,ma,0.0,0.794925544206246,0.04144814170661587,0.40352047856219037,0.27669694273040707,0.4076338171958923,5
tcn,both_noise,both,ma,6.0,0.8849922490448806,0.0320971155228442,0.6763177226235604,0.10258524181324391,0.42757537563641873,5
tcn,both_noise,both,ma,12.0,0.8949033022804953,0.033105089946317036,0.7497040502265606,0.06040642931872647,0.44466760357220975,5
tcn,both_noise,both,ma,18.0,0.8976651052440527,0.03569223351363708,0.7625202427455797,0.05057084959637633,0.45242931246757506,5
tcn,both_noise,both,ma,24.0,0.9004262141455124,0.035037072617427556,0.7654403967944312,0.05067135182020214,0.4547854582468668,5
tcn,clean,none,clean,,0.8991545226545228,0.03516209516763563,0.7654674420672881,0.051957884773808166,0.4558278501033783,5
tcn,dropout,ecg,flatline,0.0,0.8991545226545228,0.035162095167635625,0.7654674420672881,0.0519578847738082,0.4558278501033783,5
tcn,dropout,ecg,flatline,0.1,0.8824388109914427,0.043769719679828935,0.7487335958889864,0.051131004113229996,0.4488871872425079,5
tcn,dropout,ecg,flatline,0.25,0.8522867266726916,0.054709621333918663,0.705755766831445,0.06392675613463605,0.44769787788391113,5
tcn,dropout,ecg,flatline,0.5,0.7539623831465937,0.10397304945140538,0.5977670050585594,0.0965353881034243,0.43799521128336594,5
tcn,dropout,ecg,flatline,0.75,0.66990680732786,0.08142302582854276,0.47164821719230404,0.08156825527433438,0.4300185163815817,5
tcn,dropout,ecg,flatline,1.0,0.7361856017382332,0.07528315503424204,0.5208144443878414,0.09689027202014384,0.47836294770240784,5
tcn,dropout,ecg,zero,0.0,0.8991545226545228,0.035162095167635625,0.7654674420672881,0.0519578847738082,0.4558278501033783,5
tcn,dropout,ecg,zero,0.1,0.8954783871976855,0.04289582340439928,0.7676167700811181,0.04034768741172106,0.4601775109767914,5
tcn,dropout,ecg,zero,0.25,0.8878890763715326,0.05127823854032716,0.7503332535694955,0.03945658691198629,0.46413038571675613,5
tcn,dropout,ecg,zero,0.5,0.8646618610127381,0.06144024264048442,0.6994464776367385,0.058585901262506186,0.4678020139535268,5
tcn,dropout,ecg,zero,0.75,0.794991655140778,0.0725765376389832,0.6162551756862052,0.04666883574555707,0.47132129470507306,5
tcn,dropout,ecg,zero,1.0,0.7361856017382332,0.07528315503424204,0.5208144443878414,0.09689027202014384,0.47836294770240784,5
tcn,dropout,ppg,flatline,0.0,0.8991545226545228,0.035162095167635625,0.7654674420672881,0.0519578847738082,0.4558278501033783,5
tcn,dropout,ppg,flatline,0.1,0.8965169925082206,0.03656403996970571,0.7575051195653293,0.03533428879071426,0.465316504240036,5
tcn,dropout,ppg,flatline,0.25,0.8825625203958538,0.045552511738917625,0.7353575790496848,0.04152394082498033,0.4797829290231069,5
tcn,dropout,ppg,flatline,0.5,0.7931638634007055,0.07723328402075934,0.6532174451158023,0.05602794919805253,0.4907896935939789,5
tcn,dropout,ppg,flatline,0.75,0.7303378696799749,0.03537021069236959,0.614802761895153,0.03413066589181909,0.49814521670341494,5
tcn,dropout,ppg,flatline,1.0,0.8547816830711568,0.05372414250812491,0.553494406550536,0.04408503959860628,0.7348820447921753,5
tcn,dropout,ppg,zero,0.0,0.8991545226545228,0.035162095167635625,0.7654674420672881,0.0519578847738082,0.4558278501033783,5
tcn,dropout,ppg,zero,0.1,0.9022479831865796,0.036155571381649924,0.7559351892340537,0.03004087964529212,0.49444697300593055,5
tcn,dropout,ppg,zero,0.25,0.8908378772062984,0.04228166008673225,0.6947368464224329,0.05735270708743122,0.5519299745559693,5
tcn,dropout,ppg,zero,0.5,0.88949622940851,0.044915240394854256,0.6174297604611695,0.057590315291416325,0.6364433487256368,5
tcn,dropout,ppg,zero,0.75,0.8719237175289807,0.05027961091560159,0.5766674433843267,0.04995675951890919,0.6972135106722515,5
tcn,dropout,ppg,zero,1.0,0.8547816830711568,0.05372414250812491,0.553494406550536,0.04408503959860628,0.7348820447921753,5
tcn,ecg_noise,ecg,bw,0.0,0.839360491974527,0.05073203267066469,0.5003587860318417,0.25142308812093794,0.43672812779744463,5
tcn,ecg_noise,ecg,bw,6.0,0.8869645365434838,0.04051729369031783,0.7003710263460705,0.051912692222615076,0.4534703016281128,5
tcn,ecg_noise,ecg,bw,12.0,0.8995598724809252,0.03414921788645853,0.7513309393109997,0.047036209314305154,0.45612349112828576,5
tcn,ecg_noise,ecg,bw,18.0,0.8996973963552911,0.03406660492341595,0.7672323357653889,0.0524392691203595,0.45562347571055095,5
tcn,ecg_noise,ecg,bw,24.0,0.9002566312215435,0.036031576744696314,0.7699320894381392,0.05015994398722583,0.45595595240592957,5
tcn,ecg_noise,ecg,em,0.0,0.8334668851423237,0.057779077220546024,0.4968977805819911,0.27509090696890093,0.39658314983050025,5
tcn,ecg_noise,ecg,em,6.0,0.8895351228421404,0.0439399466805252,0.7150278978720195,0.07346126359613961,0.4348386824131012,5
tcn,ecg_noise,ecg,em,12.0,0.8965144214968775,0.03620757096770479,0.759919893388155,0.04991438443865024,0.44915088216463717,5
tcn,ecg_noise,ecg,em,18.0,0.8997418198032232,0.03509715549040638,0.7660123814761152,0.0519399558994869,0.45431102116902666,5
tcn,ecg_noise,ecg,em,24.0,0.8989471431138097,0.035181270244140375,0.7699320894381392,0.05015994398722583,0.45518929362297056,5
tcn,ecg_noise,ecg,ma,0.0,0.8314827960792872,0.05495537497118219,0.49332284549778826,0.2728559526037466,0.39383109410603845,5
tcn,ecg_noise,ecg,ma,6.0,0.8868923083484488,0.03784178541991017,0.7020759158656422,0.0726680312142862,0.43009433150291443,5
tcn,ecg_noise,ecg,ma,12.0,0.8988260307733992,0.03681393815095745,0.7495167428267657,0.06642169747676009,0.4458800574143728,5
tcn,ecg_noise,ecg,ma,18.0,0.9001526078806782,0.0354334396884558,0.7624957813773852,0.05582292956780751,0.45351593891779574,5
tcn,ecg_noise,ecg,ma,24.0,0.8992340142340144,0.034730396337945516,0.7680912318836224,0.04738929570423615,0.4551577190558115,5
tcn,missing,ecg,missing_noise,1.0,0.6401069090104178,0.10536267274814759,0.04562770562770562,0.10202665144089948,0.24979497889677688,5
tcn,missing,ecg,missing_zero,1.0,0.7361856017382333,0.07528315503424206,0.5208144443878414,0.0968902720201438,0.47836294770240784,5
tcn,missing,ppg,missing_noise,1.0,0.8277656893446366,0.0321550608099005,0.4476459352457399,0.2817554213802766,0.3515147030353546,5
tcn,missing,ppg,missing_zero,1.0,0.8547816830711568,0.053724142508124934,0.553494406550536,0.04408503959860628,0.7348820447921753,5
tcn,ppg_noise,ppg,synthetic_motion,0.0,0.889953795804673,0.03233837127308198,0.7381129019122383,0.06203797206211666,0.447298804918925,5
tcn,ppg_noise,ppg,synthetic_motion,6.0,0.8969103612963263,0.02812640215909062,0.7627873034813012,0.0456949053211714,0.4493658641974131,5
tcn,ppg_noise,ppg,synthetic_motion,12.0,0.9002722502722502,0.033579803917464,0.7702009705306438,0.054398741648174875,0.4536019166310628,5
tcn,ppg_noise,ppg,synthetic_motion,18.0,0.8996875089857547,0.035210317068545466,0.7659689532212265,0.054423959319401645,0.4546862403551737,5
tcn,ppg_noise,ppg,synthetic_motion,24.0,0.8992933247494651,0.03533194476281847,0.7689053945710727,0.049894811916567444,0.4557303488254547,5
tcn,ptt_const,ppg,shift,0.0,0.8991545226545228,0.03516209516763563,0.7654674420672881,0.051957884773808166,0.4558278501033783,5
tcn,ptt_const,ppg,shift,50.0,0.895927047058626,0.040319048236577365,0.7689803508336949,0.05462004204563617,0.45356825590133665,5
tcn,ptt_const,ppg,shift,100.0,0.8778153792890635,0.04582040216411351,0.7403785103785104,0.06317011216587443,0.44837013483047483,5
tcn,ptt_const,ppg,shift,200.0,0.8318740796898692,0.0680665280778981,0.6923651300619811,0.08639605428368297,0.4404650926589966,5
tcn,ptt_const,ppg,shift,300.0,0.8186117302959408,0.07073694081923104,0.6910642690642691,0.07545379865068552,0.43516198396682737,5
tcn,ptt_const,ppg,shift,400.0,0.8432291716239085,0.06481453285819569,0.7019449684288394,0.051756148705200636,0.4407478868961334,5
tcn,ptt_jitter,ppg,random_walk,25.0,0.8988354385810526,0.036192416820169,0.770613467054042,0.04142015822466814,0.45560392141342165,5
tcn,ptt_jitter,ppg,random_walk,50.0,0.8982383712997747,0.04069873277428712,0.7706042756098466,0.05075327471646705,0.4531310319900513,5
tcn,ptt_jitter,ppg,random_walk,100.0,0.8887124471685877,0.04158961608464724,0.7589838463954193,0.05380579606940237,0.44946827093760167,5
tcn,ptt_jitter,ppg,random_walk,200.0,0.8899751174926613,0.04722217631148079,0.7709058555035849,0.060373061538256216,0.4437333981196085,5
transformer,both_noise,both,bw,0.0,0.6159819728153062,0.08367498301443077,0.41415644134785473,0.12293865231147219,0.48130948543548585,5
transformer,both_noise,both,bw,6.0,0.6749608153555522,0.06671484521620391,0.5471274974531847,0.1314312797226775,0.49921880960464476,5
transformer,both_noise,both,bw,12.0,0.7066976068993613,0.08240702640737109,0.5844246110463786,0.07165314277026462,0.507499216000239,5
transformer,both_noise,both,bw,18.0,0.709492809273511,0.088623180865453,0.584358718520549,0.055342503799911354,0.510618766148885,5
transformer,both_noise,both,bw,24.0,0.7166608463099692,0.0907212969345372,0.585561342082378,0.06320959632210553,0.5118036031723022,5
transformer,both_noise,both,em,0.0,0.598604681701173,0.08274271949710445,0.4366191645768301,0.10466993634454036,0.48307587305704747,5
transformer,both_noise,both,em,6.0,0.6714640972184832,0.08034876157765561,0.5614207286800843,0.09157460064944699,0.4997332851092021,5
transformer,both_noise,both,em,12.0,0.692727182551744,0.09044503816447107,0.5659845439731848,0.08101968743394336,0.5080130060513814,5
transformer,both_noise,both,em,18.0,0.7080103261155892,0.09041426884156337,0.5816849105796676,0.06035993488990654,0.5113345305124918,5
transformer,both_noise,both,em,24.0,0.7150491355052758,0.08669935754782998,0.5867700566124819,0.05896378288766111,0.5111782530943553,5
transformer,both_noise,both,ma,0.0,0.6016449356624796,0.08526972006739476,0.44240514931484975,0.13229407587035352,0.4829012989997864,5
transformer,both_noise,both,ma,6.0,0.6656327154221892,0.0962322322693432,0.5423144411722849,0.09376928578380696,0.5023633003234863,5
transformer,both_noise,both,ma,12.0,0.6884799635764548,0.08397380257570179,0.5596001575120495,0.08195879969998407,0.5086078882217407,5
transformer,both_noise,both,ma,18.0,0.7120894251683726,0.08164144198110254,0.5726820311105348,0.06830422527470487,0.5110216557979583,5
transformer,both_noise,both,ma,24.0,0.7173053820159083,0.09058972532979613,0.5898188467834062,0.06575568310492695,0.5116789718468985,5
transformer,clean,none,clean,,0.716687761503551,0.08962462435587995,0.5842063045884013,0.067236445607663,0.5116889774799347,5
transformer,dropout,ecg,flatline,0.0,0.716687761503551,0.08962462435587992,0.5842063045884013,0.067236445607663,0.5116889774799347,5
transformer,dropout,ecg,flatline,0.1,0.7016893295840665,0.08882244149011409,0.5697260538429612,0.06273024461216344,0.5066145320733388,5
transformer,dropout,ecg,flatline,0.25,0.693444570365623,0.07556516135095313,0.5581344749658147,0.07397422980309278,0.5001304268836975,5
transformer,dropout,ecg,flatline,0.5,0.6670999284420338,0.04429112698741128,0.5220124360879481,0.0938435714186928,0.49287889798482254,5
transformer,dropout,ecg,flatline,0.75,0.6249644281837264,0.043784964165564204,0.45882652598232776,0.1072928737464006,0.47460714975992835,5
transformer,dropout,ecg,flatline,1.0,0.6516016635490319,0.058853862117337716,0.13815987933634993,0.255489429864173,0.4124051630496979,5
transformer,dropout,ecg,zero,0.0,0.716687761503551,0.08962462435587992,0.5842063045884013,0.067236445607663,0.5116889774799347,5
transformer,dropout,ecg,zero,0.1,0.7124540688751215,0.09154980911736825,0.5758679470720668,0.07588572733956253,0.5085826933383941,5
transformer,dropout,ecg,zero,0.25,0.7025998725735568,0.08401728307779292,0.5837662175522736,0.07074038885771972,0.5018561164538066,5
transformer,dropout,ecg,zero,0.5,0.6850514034373684,0.056029348720602855,0.539511840555457,0.07999743857763605,0.4887166917324066,5
transformer,dropout,ecg,zero,0.75,0.6208149032008682,0.05383376951904166,0.41683586682932755,0.1354940220990306,0.46174524029095965,5
transformer,dropout,ecg,zero,1.0,0.6516016635490319,0.058853862117337716,0.13815987933634993,0.255489429864173,0.4124051630496979,5
transformer,dropout,ppg,flatline,0.0,0.716687761503551,0.08962462435587992,0.5842063045884013,0.067236445607663,0.5116889774799347,5
transformer,dropout,ppg,flatline,0.1,0.7046552584973638,0.08431989244574921,0.578176854503424,0.07742787867773097,0.5144344766934713,5
transformer,dropout,ppg,flatline,0.25,0.6707883380778117,0.08398722009545147,0.5490344401869344,0.06623869517483302,0.5166897932688396,5
transformer,dropout,ppg,flatline,0.5,0.5995291444326531,0.0550662943112761,0.5061485194272474,0.052524275304062173,0.5260669569174449,5
transformer,dropout,ppg,flatline,0.75,0.5860924163029426,0.05032963841875543,0.5135681383014505,0.04036618334452932,0.5415594935417175,5
transformer,dropout,ppg,flatline,1.0,0.6185765557344505,0.053762892337887086,0.43025101363767,0.24441421038257216,0.62063227891922,5
transformer,dropout,ppg,zero,0.0,0.716687761503551,0.08962462435587992,0.5842063045884013,0.067236445607663,0.5116889774799347,5
transformer,dropout,ppg,zero,0.1,0.7055925221539256,0.08984892279709736,0.593862461398541,0.03965977799833608,0.5265008529027303,5
transformer,dropout,ppg,zero,0.25,0.6774738412019115,0.08263561931960976,0.5788543534646017,0.03428959795077796,0.547828201452891,5
transformer,dropout,ppg,zero,0.5,0.6407042189673768,0.07955238451307088,0.5678749197595544,0.033553416404384494,0.5812478025754293,5
transformer,dropout,ppg,zero,0.75,0.6243219147429675,0.06980451296943092,0.5465369941896278,0.04458582784853453,0.6126938899358114,5
transformer,dropout,ppg,zero,1.0,0.6185765557344505,0.053762892337887086,0.43025101363767,0.24441421038257216,0.62063227891922,5
transformer,ecg_noise,ecg,bw,0.0,0.7012754774246002,0.09060251468881267,0.5300685008057051,0.1362461425300472,0.4812338908513388,5
transformer,ecg_noise,ecg,bw,6.0,0.7062528297528298,0.08571928415061038,0.548351959730032,0.10677908721248401,0.4994840741157532,5
transformer,ecg_noise,ecg,bw,12.0,0.716951684092035,0.09638874622438429,0.5764387215999875,0.08254339279033067,0.5083577692508697,5
transformer,ecg_noise,ecg,bw,18.0,0.7128729393553955,0.08825298319222798,0.5844260968448959,0.048049721601271286,0.5108600298563639,5
transformer,ecg_noise,ecg,bw,24.0,0.7179845997916173,0.09009405081628032,0.5853376828226773,0.06315823545152321,0.5112402419249216,5
transformer,ecg_noise,ecg,em,0.0,0.691755551001165,0.09801797684550025,0.49759089124034583,0.17230366909380684,0.48087783853212995,5
transformer,ecg_noise,ecg,em,6.0,0.7204163260040453,0.09906382675450391,0.5760147815671105,0.09846130359238081,0.5002549389998119,5
transformer,ecg_noise,ecg,em,12.0,0.7223108222932785,0.0917031034269426,0.5840607924479948,0.06301167115228555,0.5084730466206869,5
transformer,ecg_noise,ecg,em,18.0,0.7161070746860221,0.08689250217092878,0.588132786762473,0.06795885207553826,0.5104801217714945,5
transformer,ecg_noise,ecg,em,24.0,0.7157656933972724,0.08932210721505378,0.5815049201437357,0.06376689045357216,0.5114416420459748,5
transformer,ecg_noise,ecg,ma,0.0,0.6761059653252636,0.08446802411055762,0.4995968413200214,0.1239428831255517,0.48241681456565855,5
transformer,ecg_noise,ecg,ma,6.0,0.7069390691057358,0.08813916189826239,0.5636776288286256,0.11139253727719779,0.5002472102642059,5
transformer,ecg_noise,ecg,ma,12.0,0.7117784012082258,0.08695146248451192,0.5764795145646189,0.07404600567978951,0.5085078616937002,5
transformer,ecg_noise,ecg,ma,18.0,0.7179395083342451,0.09361071745600451,0.5864348536164987,0.06564503539216095,0.5111850798130035,5
transformer,ecg_noise,ecg,ma,24.0,0.7182746891869699,0.09049110223213133,0.5872087269820712,0.06190592975778415,0.5115873654683432,5
transformer,missing,ecg,missing_noise,1.0,0.612638590296485,0.07178593957835529,0.21676834618802499,0.22986580752251942,0.4477335214614868,5
transformer,missing,ecg,missing_zero,1.0,0.6516016635490319,0.058853862117337716,0.13815987933634993,0.255489429864173,0.4124051630496979,5
transformer,missing,ppg,missing_noise,1.0,0.6140568338726233,0.05584010410910086,0.4646228408764806,0.1679785522533824,0.5947988053162894,5
transformer,missing,ppg,missing_zero,1.0,0.6185765557344505,0.053762892337887086,0.43025101363767,0.24441421038257216,0.62063227891922,5
transformer,ppg_noise,ppg,synthetic_motion,0.0,0.633341502385362,0.06634414623337902,0.5479701598255451,0.06523492136176907,0.513060700893402,5
transformer,ppg_noise,ppg,synthetic_motion,6.0,0.6838949095615763,0.07588955803481762,0.5735633347638516,0.07709011274069363,0.5118372797966003,5
transformer,ppg_noise,ppg,synthetic_motion,12.0,0.7061779947481701,0.08730339764993718,0.5866408947619342,0.07056633019938749,0.5124253471692403,5
transformer,ppg_noise,ppg,synthetic_motion,18.0,0.7145257608678661,0.08708106074095757,0.5976431193952364,0.05901455051576269,0.511185880502065,5
transformer,ppg_noise,ppg,synthetic_motion,24.0,0.7170709371411126,0.08943686122112089,0.5892245350106506,0.05932899533655456,0.5118525624275208,5
transformer,ptt_const,ppg,shift,0.0,0.716687761503551,0.08962462435587995,0.5842063045884013,0.067236445607663,0.5116889774799347,5
transformer,ptt_const,ppg,shift,50.0,0.7053417772891457,0.07288109204194351,0.5831586979797345,0.06818988543194031,0.5116563081741333,5
transformer,ptt_const,ppg,shift,100.0,0.6675527065527065,0.07198397573233965,0.5681401896112703,0.047355991203714,0.5108631432056427,5
transformer,ptt_const,ppg,shift,200.0,0.6659922609133135,0.08565132173859719,0.5728442169082222,0.05072764983434252,0.5105524897575379,5
transformer,ptt_const,ppg,shift,300.0,0.7002409948988897,0.08465259194487088,0.6048646293200749,0.048334043886418286,0.5102814793586731,5
transformer,ptt_const,ppg,shift,400.0,0.7075361509572036,0.0905112581916159,0.6017043042934103,0.08996003616391464,0.5107734024524688,5
transformer,ptt_jitter,ppg,random_walk,25.0,0.7158262763438202,0.08927202362439188,0.585048550029051,0.08856051585341804,0.5117659370104471,5
transformer,ptt_jitter,ppg,random_walk,50.0,0.7129195799809835,0.09067950841061129,0.5812113340179896,0.09091286776113497,0.5123967270056407,5
transformer,ptt_jitter,ppg,random_walk,100.0,0.7003883664848577,0.07163287217782946,0.5782466424437661,0.06619915738746784,0.5126708984375,5
transformer,ptt_jitter,ppg,random_walk,200.0,0.6908635715916418,0.0692534959213251,0.5793003435333047,0.038485689141598674,0.5143088738123576,5
