record_id,ecg_n,ecg_n_last5s,ecg_hr,ecg_rr_cv,ecg_rr_max,ecg_rr_min,ecg_rmssd,ecg_irregular_frac,ecg_gap_to_end,ecg_longest_gap,ppg_n,ppg_n_last5s,ppg_hr,ppg_rr_cv,ppg_rr_max,ppg_rr_min,ppg_rmssd,ppg_irregular_frac,ppg_gap_to_end,ppg_longest_gap,ecg_kurt,ecg_skew,ecg_spec_entropy,ecg_inband_power,ecg_lowf_power,ecg_highf_power,ecg_flat_frac,ppg_kurt,ppg_skew,ppg_spec_entropy,ppg_inband_power,ppg_lowf_power,ppg_highf_power,ppg_flat_frac,ecg_tmpl_corr,ecg_tmpl_corr_min,ppg_tmpl_corr,ppg_tmpl_corr_min,ecg_acf_peak,ppg_acf_peak,ecg_amp_cv,hr_abs_diff,beat_count_ratio,beat_count_last5s_diff,ecg_beats_with_pulse_frac,recent_beats_with_pulse_frac,ptt_mean,ptt_std,ptt_median,ptt_cv,ppg_peaks_with_r_frac,xcorr_peak,xcorr_lag_s
v100s,18,9,112.78195488721803,0.004524418294098402,0.536,0.528,0.0030000000000000027,0.0,0.476,0.536,18,9,127.11864406779662,0.3511424728328604,0.984,0.304,0.3029488405655318,0.6470588235294118,0.196,0.984,12.201969146728516,3.306889057159424,0.6046816357912032,0.5778579115867615,0.005770367570221424,0.0041867587715387344,0.01640656262505002,-0.1245577335357666,-0.3252403438091278,0.3783350642429537,0.7715487480163574,0.16535691916942596,1.364579369639296e-11,0.014005602240896359,0.9900978661425016,0.9661981203366353,0.5432521167231158,-0.239670370665193,0.8914399147033691,0.2183598428964615,0.09097099304199219,14.336689180578588,1.0,0,0.7777777777777778,0.6666666666666666,0.43000000000000005,0.1313381676654364,0.442,0.30543759211874527,1.0,0.28616707088005294,0.216
v101l,19,9,111.94029850746269,0.008270884609286204,0.544,0.524,0.005401524839176003,0.0,0.308,0.544,17,9,113.20754716981132,0.34028446788591843,1.112,0.332,0.328377019090354,0.375,0.096,1.112,11.583221435546875,3.208355188369751,0.6097440834980724,0.5880564451217651,0.002076760632917285,0.003340011928230524,0.012805122048819529,-0.06229352951049805,-0.2695145905017853,0.34768488350394966,0.713683009147644,0.26166659593582153,2.087471688561049e-11,0.01840736294517807,0.9768852404660322,0.793262388588831,0.6626842882247945,0.11931751290413843,0.8652337193489075,0.36123570799827576,0.09007855504751205,1.267248662348635,1.1111111111111112,0,0.8421052631578947,0.6666666666666666,0.51575,0.05582953967211265,0.538,0.10824922654313208,1.0,0.3207302385592297,0.176
v102s,18,9,109.4890510948905,0.010704986561055696,0.556,0.536,0.004898979485566361,0.0,0.476,0.556,16,7,107.91366906474819,0.3690419062516788,1.364,0.332,0.34936350287752893,0.3333333333333333,0.496,1.364,11.63199234008789,3.2172887325286865,0.6261848148734354,0.5829957127571106,0.002105601131916046,0.010487601161003113,0.011604641856742696,-0.6288027763366699,0.10469785332679749,0.3508274628173086,0.6932563781738281,0.2959710955619812,1.8285858938149602e-11,0.025210084033613446,0.9766692237853867,0.8712884298084311,0.6581069541507137,0.19266506952834178,0.8364456295967102,0.348071426153183,0.0776776447892189,1.5753820301423076,1.1176470588235294,2,0.8333333333333334,0.5,0.45653333333333346,0.09089618009331062,0.508,0.19910085740866387,0.9375,0.3181571159959986,0.136
a103l,4,1,65.50218340611353,0.5128995472708198,1.828,0.5,0.9840325197878372,0.6666666666666666,4.244,4.244,21,10,125.0,0.03611885835994201,0.52,0.44,0.028800584789384496,0.0,0.44,0.52,5.727678298950195,0.5340759754180908,0.5919440540212529,0.3363717496395111,0.08823578804731369,0.012010857462882996,0.04601840736294518,-0.6103312969207764,0.1861611157655716,0.34659313129109726,0.7616477608680725,0.17050045728683472,2.1026248450684015e-11,0.01840736294517807,0.44772888439358693,0.1265426509146056,0.8406815799574116,0.5652431852574339,0.20930282771587372,0.6036093235015869,0.15154185891151428,59.49781659388647,0.22727272727272727,-9,1.0,1.0,0.20700000000000002,0.06538348415311011,0.21600000000000003,0.3158622270265113,0.2857142857142857,0.29803914855006425,0.432
a104s,4,2,23.400936037441497,0.4636847110097374,2.824,0.708,1.3252048898189293,0.3333333333333333,3.736,3.736,22,11,129.3103448275862,0.018811886683881087,0.484,0.44,0.0135055544129073,0.0,0.044,0.484,5.54850959777832,2.153700113296509,0.6347665630035529,0.23043762147426605,0.055899038910865784,0.027048185467720032,0.03601440576230492,-1.2406290769577026,0.1402183324098587,0.2538158692707164,0.8916172981262207,0.014407184906303883,3.332041240144967e-11,0.004401760704281713,0.6256249496438938,0.5163591147784289,0.98448255766442,0.9522248183286236,0.18886218965053558,0.9072732329368591,0.1474819928407669,105.9094087901447,0.21739130434782608,-9,1.0,1.0,0.26899999999999996,0.11100900864344299,0.316,0.41267287924429075,0.22727272727272727,0.16242335368518537,0.008
a105l,3,2,40.816326530612244,0.43673469090656675,2.112,0.828,1.2840000000000003,1.0,4.016,4.016,20,11,133.92857142857142,0.23688771446004697,0.928,0.404,0.17477350422125712,0.05263157894736842,0.116,0.968,14.849504470825195,2.9189789295196533,0.7079460564595872,0.47392526268959045,0.009975768625736237,0.0479736253619194,0.01800720288115246,5.160602569580078,1.0287247896194458,0.34440846679810605,0.6858774423599243,0.2925506830215454,1.2489292586237433e-11,0.027210884353741496,0.8033935791118033,0.7098717273016375,0.7494031869480583,0.2576939683842244,0.42886048555374146,0.4776412546634674,0.1588456779718399,93.11224489795917,0.19047619047619047,-9,1.0,1.0,0.2813333333333333,0.14939284528457922,0.216,0.5310172037004994,0.3,0.2072276752409801,0.208
t106s,23,12,150.0,0.2974678278720168,1.0,0.364,0.19852599685827402,0.18181818181818182,0.176,1.0,9,4,61.855670103092784,0.5130130536930791,2.048,0.408,0.7050106382176089,0.75,0.996,2.048,5.895748138427734,2.4259839057922363,0.6220571236066612,0.42823195457458496,0.04161990061402321,0.0017868168652057648,0.031612645058023206,4.885979652404785,-0.45152246952056885,0.31641836331223533,0.6927101612091064,0.2781922221183777,1.9296160155835018e-11,0.0700280112044818,0.9804702308602347,0.9121676444232759,0.5796626642720853,0.40887235805934985,0.3528788685798645,0.17426671087741852,0.11448869854211807,88.14432989690721,2.4,8,0.43478260869565216,0.5,0.3688,0.17702248444759777,0.42000000000000004,0.47999587756952006,0.8888888888888888,0.08061981973289446,0.432
t107l,26,13,168.53932584269663,0.15678546184306993,0.544,0.328,0.07691553809211765,0.2,0.32,0.544,18,10,122.95081967213115,0.4095327182257915,1.136,0.304,0.285227978992244,0.7058823529411765,0.072,1.136,6.4445953369140625,2.546884536743164,0.5944998970804319,0.4968973994255066,0.001980435336008668,0.0018691542791202664,0.021608643457382955,4.480238914489746,-0.9951245784759521,0.3735148987371185,0.6898103356361389,0.2672668993473053,1.93595261349655e-11,0.020008003201280513,0.980362695363671,0.9534118265894975,0.5710245721071882,0.2078478835351595,0.4676884710788727,0.24816733598709106,0.10859540849924088,45.58850617056548,1.4210526315789473,3,0.9230769230769231,1.0,0.3155,0.1738363694205943,0.228,0.5509868903668,1.0,0.3416328747729607,0.672
t108s,21,13,151.5151515151515,0.29077102467080224,0.716,0.348,0.06435428256309386,0.25,0.26,0.716,10,5,64.1025641025641,0.40515776486789934,1.76,0.42,0.6198612748026772,0.6666666666666666,0.828,1.76,9.37041187286377,2.959639549255371,0.6316653164579533,0.4633406102657318,0.010772405192255974,0.0017250446835532784,0.02040816326530612,4.846336364746094,-0.48687711358070374,0.2928536157657339,0.5399265289306641,0.45153307914733887,9.251896124218284e-12,0.04961984793917567,0.9641746237256863,0.9061929735399713,0.7092833524358462,0.4135645843209658,0.3771359920501709,0.2821575999259949,0.1381179690361023,87.4125874125874,2.0,8,0.6190476190476191,0.3333333333333333,0.31969230769230766,0.18272105037055994,0.236,0.571552834580224,0.9,0.04106785635142899,0.664
v111l,14,9,117.1875,0.29803851321483193,0.916,0.46,0.08706319543871567,0.46153846153846156,0.568,0.916,15,9,90.63444108761328,0.30586675981435646,0.924,0.456,0.1021793295369244,1.0,0.044,0.924,6.900263786315918,-2.3131110668182373,0.591859498005712,0.560562252998352,0.004825486335903406,0.0017971235793083906,0.03041216486594638,-0.9850502014160156,0.5143949389457703,0.29977346009446887,0.9309986233711243,0.04747702181339264,1.6873434940944954e-11,0.017607042817126852,0.9884639883718405,0.9713944836894932,0.8443302125118511,0.13313118511379887,0.37224048376083374,0.749731719493866,0.033776238560676575,26.553058912386717,0.9375,0,1.0,1.0,0.3951428571428572,0.014826892280376133,0.392,0.03752286454664946,0.9333333333333333,0.49527517849711494,0.544
t112s,29,14,182.92682926829266,0.17776742530784811,0.656,0.32,0.0894725283723073,0.03571428571428571,0.324,0.656,4,0,92.5925925925926,0.1364357203408266,0.78,0.56,0.16754700832900596,0.3333333333333333,7.968,7.968,1.3774361610412598,0.8919558525085449,0.6215493148934105,0.4651455581188202,0.029904132708907127,0.02340252324938774,0.004801920768307323,3.9767980575561523,-0.11751332134008408,0.34337016361133743,0.6586847901344299,0.30005231499671936,2.596307197011427e-11,0.5054021608643458,0.8728793719263371,0.7133277896025226,0.557060604017532,0.40483117359559584,0.6215986609458923,0.2541572153568268,0.1539158970117569,90.33423667570007,6.0,14,0.06896551724137931,0.0,0.32599999999999996,0.034,0.32599999999999996,0.10429447532839035,0.75,0.05400569742855986,0.536
v113l,21,13,157.89473684210526,0.6349047052612895,1.596,0.268,0.4062936454287582,0.5,0.188,1.596,20,10,129.3103448275862,0.22686941744438227,0.96,0.428,0.16591564121564908,0.05263157894736842,0.404,0.96,3.0393595695495605,0.8002398610115051,0.6551537143908287,0.6851428747177124,0.0034188900608569384,0.0111316479742527,0.008803521408563426,-0.1513051986694336,0.462766170501709,0.33009267793321306,0.8369528651237488,0.12687206268310547,1.3271017097749027e-11,0.013605442176870748,0.48463774377753077,-0.44700354788234825,0.8473595439716468,0.6753589821069144,0.20627421140670776,0.5449449419975281,0.07647661864757538,28.584392014519068,1.0476190476190477,3,0.9047619047619048,0.6666666666666666,0.3572631578947368,0.13002382053230546,0.392,0.3639440956046591,0.85,0.2766611495866661,0.656
t114s,25,13,149.25373134328356,0.021848747691419708,0.412,0.388,0.002637521893583147,0.0,0.28,0.412,19,7,117.6470588235294,0.4402358277724727,1.284,0.3,0.3142872421658813,0.8333333333333334,0.204,1.284,3.2520523071289062,1.386460542678833,0.5845488828632859,0.48646095395088196,0.0194670632481575,0.00511652696877718,0.009203681472589036,1.3134679794311523,-0.2872961163520813,0.3476069012030316,0.5942220687866211,0.37478238344192505,6.50174055219499e-12,0.025610244097639057,0.9744019520507449,0.929931999997589,0.48598319805925727,-0.19256511191873354,0.7005967497825623,0.4469156265258789,0.1192859411239624,31.606672519754156,1.3,6,0.84,0.5,0.27752380952380945,0.15340442007899657,0.264,0.5527612741213215,0.9473684210526315,0.07282539143910363,0.016
v115l,17,7,128.75536480686696,0.7160886300576326,1.824,0.212,0.6775800075759811,0.75,0.032,1.824,10,5,60.483870967741936,0.061362604073548294,1.132,0.928,0.09226050075736635,0.0,0.616,1.132,0.5824270248413086,0.5388166904449463,0.4701984725171219,0.11948893964290619,0.15981949865818024,0.000828780815936625,0.012805122048819529,-1.1793066263198853,-0.21011902391910553,0.3099413424459861,0.8692386150360107,0.10286092758178711,1.217208278614379e-11,0.023609443777511004,0.1588682894330956,-0.6285007044221937,0.9579044782694849,0.6500410996597559,0.2714386582374573,0.8009371757507324,0.41473278403282166,68.27149383912503,1.6363636363636365,2,0.35294117647058826,0.16666666666666666,0.36600000000000005,0.1899719277507425,0.40800000000000003,0.5190489687438601,0.5,0.1324797292229403,0.208
t117l,24,12,151.5151515151515,0.2103916621842997,0.704,0.332,0.13603475491746417,0.21739130434782608,0.144,0.704,15,7,115.38461538461539,0.637280857665222,1.876,0.316,0.5094081029828789,0.5714285714285714,0.356,1.876,2.681276321411133,-1.7069991827011108,0.5644771838469964,0.4059646725654602,0.007569009903818369,0.007523141801357269,0.006802721088435374,0.13277506828308105,0.09831218421459198,0.35677285062548114,0.6672767996788025,0.32429200410842896,8.414483519680882e-12,0.041216486594637856,0.9526352178061579,0.8999560298072622,0.5851825944175819,0.027927071710370614,0.32650575041770935,0.1629471331834793,0.11233443766832352,36.130536130536115,1.5625,5,0.625,0.5,0.26720000000000005,0.16693120339429254,0.152,0.6247425042921687,0.9333333333333333,0.21148937903849624,0.272
t118s,18,10,128.2051282051282,0.5124355779246611,1.332,0.264,0.38059427215868613,0.6470588235294118,0.164,1.332,11,5,61.09979633401222,0.4644891750182953,1.616,0.32,0.7403770811027461,0.6,0.372,1.616,1.8442316055297852,-1.3273736238479614,0.6280454339044299,0.33011460304260254,0.007081581279635429,0.045859936624765396,0.006802721088435374,-0.439624547958374,-0.31028512120246887,0.28249915592565655,0.5399989485740662,0.4358120262622833,8.18660503970614e-12,0.029611844737895156,0.6353411473810018,-0.484835725517334,0.5552992217041968,-0.1319795024684818,0.2867687940597534,0.3496880531311035,0.20459133386611938,67.105331871116,1.5833333333333333,5,0.6111111111111112,0.5,0.3265454545454545,0.15663992503733676,0.368,0.479687951738594,1.0,0.1428960984006624,0.264
v119l,20,13,145.63106796116506,0.34351550680061776,0.944,0.356,0.1890960954999688,0.21052631578947367,0.156,0.944,11,6,76.53061224489795,0.457022690898766,1.76,0.46,0.7227982660005026,0.6,0.388,1.76,0.34104013442993164,0.01688077673316002,0.546774428160413,0.341356486082077,0.008952615782618523,0.0006455398397520185,0.03281312525010004,-0.5253481864929199,-0.43182021379470825,0.30745508194126264,0.6903954148292542,0.29766973853111267,2.4394866335319954e-11,0.03201280512204882,0.7754088428848196,-0.05654626897135548,0.5930270288312295,-0.2578759779129531,0.572404146194458,0.24941283464431763,0.16392748057842255,69.1004557162671,1.75,7,0.45,0.3333333333333333,0.29777777777777775,0.10217390162286799,0.308,0.3431212998973489,0.9090909090909091,0.09451544426011847,0.48
f120s,21,9,140.18691588785046,0.26718626841414883,0.8,0.328,0.15261647838187137,0.3,0.492,0.8,20,9,140.18691588785046,0.23878628745530184,0.776,0.36,0.16817186975763151,0.2631578947368421,0.56,0.776,0.5346119403839111,-0.379314124584198,0.41613418111702605,0.1447322815656662,0.01941286399960518,4.660542617784813e-05,0.013205282112845138,-0.3457329273223877,0.011566701345145702,0.3708609225786024,0.7405055165290833,0.23058830201625824,2.2243692998635822e-11,0.009203681472589036,0.9154514254459561,0.4918003383080815,0.7211032248771267,0.37246226720923353,0.44797638058662415,0.21645276248455048,0.3194616138935089,0.0,1.0476190476190477,0,0.8571428571428571,0.8333333333333334,0.32222222222222224,0.14010296037619202,0.296,0.4348022773288011,1.0,0.22068549113105634,0.792
f121l,18,9,145.63106796116506,0.3864454133593504,1.12,0.34,0.24323856602109792,0.35294117647058826,0.64,1.12,20,10,138.88888888888889,0.2110073145919188,0.704,0.332,0.10802880274363047,0.3157894736842105,0.736,0.736,1.7228379249572754,-0.4736609160900116,0.4148738324585525,0.16797420382499695,0.0172282662242651,9.186042007058859e-05,0.03481392557022809,-0.22736477851867676,0.4228866696357727,0.375468495012844,0.850762128829956,0.10813209414482117,6.849670136643837e-12,0.008403361344537815,0.6158388712973966,-0.20649366838668312,0.733661856608459,0.05319246886786101,0.5210919976234436,0.1955588161945343,0.36876532435417175,6.742179072276173,0.9047619047619048,-1,0.8888888888888888,0.6666666666666666,0.32075,0.10061032501686892,0.3,0.31367208692173987,0.95,0.15233563920347773,0.792
v122s,19,12,131.57894736842104,0.3325858218697847,0.916,0.288,0.20295000833297086,0.5555555555555556,0.1,0.916,17,10,111.94029850746269,0.31180695504713035,0.952,0.34,0.2197525881531319,0.625,0.352,0.952,1.6298561096191406,-0.39499807357788086,0.46267307306489447,0.18140700459480286,0.025139180943369865,0.00017232516256626695,0.03281312525010004,-0.7865908145904541,0.20737195014953613,0.3609703177912585,0.6727186441421509,0.3082115948200226,8.07630091276268e-12,0.017607042817126852,0.556643521463102,-0.15546384054224374,0.7289586473149775,0.38015276575026513,0.2959196865558624,0.12010917067527771,0.3981170952320099,19.638648860958355,1.1111111111111112,2,0.8421052631578947,0.6666666666666666,0.28200000000000003,0.1386145735483827,0.28,0.4915410235211789,0.9411764705882353,0.15237287369972227,0.792
b124s,8,4,51.369863013698634,0.2594215198160069,1.728,0.908,0.5158707848547606,0.7142857142857143,0.44,1.728,8,4,50.33557046979866,0.2526715272740396,1.724,0.916,0.5046424476795427,0.5714285714285714,0.08,1.724,5.074444770812988,2.240896463394165,0.5514806063139972,0.2274538278579712,0.10998016595840454,0.0004984568804502487,0.01720688275310124,-0.6595437526702881,-0.40893206000328064,0.30120545574587215,0.6738678216934204,0.31831735372543335,6.302643736771918e-12,0.03281312525010004,0.9758047405046083,0.9504378739664072,0.9907451421630243,0.9825142352410317,0.25695565342903137,0.1755559891462326,0.10487561672925949,1.0342925438999728,1.0,0,0.375,0.16666666666666666,0.14133333333333334,0.03138293945583951,0.148,0.22204908421237265,0.625,0.2056695994340688,0.352
b125l,8,4,46.15384615384615,0.2045879930803372,1.928,1.064,0.4690046197355985,0.14285714285714285,0.02,1.928,8,4,54.347826086956516,0.2671899974400439,1.908,0.808,0.508044617463204,0.5714285714285714,0.432,1.908,5.01116943359375,2.2859091758728027,0.5350777704699895,0.1944238543510437,0.14150071144104004,0.000385551480576396,0.010004001600640256,-0.5143430233001709,-0.4924507737159729,0.30700218307956734,0.6755288243293762,0.3147115111351013,7.511938987514455e-12,0.03361344537815126,0.9742787569685972,0.9396750251209702,0.8389293930591396,-0.16706752946160708,0.1923000067472458,0.24881207942962646,0.11538440734148026,8.193979933110363,1.0,0,0.25,0.16666666666666666,0.11599999999999999,0.036,0.11599999999999999,0.3103448008323448,0.5,0.20524845311357315,0.24
b126s,6,3,33.333333333333336,0.2505064219089489,2.076,0.932,0.3311434734371191,0.4,0.86,2.076,7,2,46.22496147919877,0.2575313577509423,1.832,0.948,0.3155034072716173,0.6666666666666666,1.64,1.832,6.339516639709473,2.639939308166504,0.550841709997385,0.2256188839673996,0.11411689221858978,0.0003847113694064319,0.031612645058023206,0.02340841293334961,0.03963693976402283,0.29992416142806116,0.7292245030403137,0.26525557041168213,8.2750837432366e-12,0.04601840736294518,0.9883103745433658,0.9748012035769346,0.9945214163268551,0.9852493506253954,0.1552291065454483,0.24562875926494598,0.08121183514595032,12.891628145865432,0.875,1,0.16666666666666666,0.16666666666666666,0.132,-1.0,0.132,-1.0,0.14285714285714285,0.11888203446714227,0.336
v127l,1,1,0.0,0.0,10.0,10.0,0.0,1.0,2.684,7.316,12,7,64.93506493506493,0.2556171571388646,1.16,0.52,0.3371053247873726,0.45454545454545453,0.3,1.16,2.6674365997314453,-0.27030593156814575,0.40589435311102545,0.0797211229801178,0.023836426436901093,0.002819493878632784,0.05042016806722689,0.03268170356750488,0.7520347833633423,0.32859554665195206,0.8646667003631592,0.11421659588813782,2.5625567640075175e-11,0.05922368947579031,0.0,0.0,0.7562223425686287,0.3962371776919363,0.4088689386844635,0.6018595695495605,0.0,64.93506493506493,0.15384615384615385,-6,1.0,1.0,0.42,-1.0,0.42,-1.0,0.08333333333333333,0.09851221414054454,0.616
v128s,1,1,0.0,0.0,10.0,10.0,0.0,1.0,1.424,8.576,12,5,67.26457399103138,0.28044932712793896,1.072,0.396,0.21870528114336885,0.45454545454545453,0.432,1.072,3.310791015625,-0.0645928680896759,0.4411123632383487,0.09621807187795639,0.05248803645372391,0.004621641710400581,0.024009603841536616,0.16489505767822266,-0.1331198811531067,0.30688995731097346,0.8742518424987793,0.11539372056722641,6.891474804010533e-12,0.03721488595438175,0.0,0.0,0.7053002842413788,-0.15585917898071272,0.4014340341091156,0.2604856789112091,0.0,67.26457399103138,0.15384615384615385,-4,1.0,1.0,0.564,-1.0,0.564,-1.0,0.0,0.14512313800596383,0.048
f129l,15,7,88.23529411764706,0.0071951418733894905,0.688,0.672,0.003999999999999987,0.0,0.368,0.688,9,3,97.40259740259738,0.8193731015516762,2.668,0.34,0.8004056114603038,0.5,1.576,2.668,-0.3748748302459717,-0.020698998123407364,0.40999420276292636,0.1912459433078766,0.00649115489795804,3.25438886648044e-05,0.01920768307322929,3.1886258125305176,0.4347832500934601,0.36779409136249885,0.8319080471992493,0.07583784312009811,2.7092278073737042e-11,0.08083233293317327,0.9964794983370243,0.9897091698584972,0.6059508622573919,0.28744451757793954,0.8713727593421936,0.3015516996383667,0.08482826501131058,9.167303284950322,1.6,4,0.4,0.0,0.3233333333333333,0.14551823100751177,0.328,0.4500563706400456,1.0,0.0918335791202852,0.16
f130s,15,7,91.46341463414633,0.03959353418756423,0.732,0.64,0.027757188951000395,0.0,0.404,0.732,16,8,112.78195488721803,0.4179668533186412,1.136,0.328,0.319460259097837,0.7333333333333333,0.66,1.136,1.2118382453918457,-0.70200115442276,0.49291916369914146,0.2854280471801758,0.003270817920565605,5.84907757001929e-05,0.027210884353741496,11.48005199432373,-0.8569859266281128,0.3781849429430046,0.7971436381340027,0.17848354578018188,2.6457048357686475e-12,0.024809923969587835,0.98920217956585,0.9741930572433078,0.42682497292191035,-0.43551541315030623,0.7205531001091003,0.10274758189916611,0.0710517019033432,21.318540253071703,0.9411764705882353,-1,0.7333333333333333,0.6666666666666666,0.31345454545454543,0.1361846097541286,0.336,0.43446364834814777,0.9375,0.1043984176722141,0.0
v132s,16,10,76.53061224489795,0.331578365663896,0.864,0.368,0.2526929248825821,0.4666666666666667,0.032,0.864,23,10,150.0,0.3283932963680374,0.9,0.332,0.23597901440190658,0.09090909090909091,0.276,0.9,4.46897554397583,1.5242621898651123,0.5976859574343028,0.4013637900352478,0.015641778707504272,0.0018105128547176719,0.041216486594637856,1.2127571105957031,1.2808493375778198,0.3529822233535841,0.9121526479721069,0.06098335236310959,7.590010217550791e-12,0.02040816326530612,0.8264419845121161,-0.326163056545639,0.7134555539458298,0.3591904565883769,0.3379880487918854,0.5881693959236145,0.14965054392814636,73.46938775510205,0.7083333333333334,0,0.875,0.6666666666666666,0.2302857142857143,0.1750475154152758,0.114,0.760131857752916,0.9130434782608695,0.5911007913617349,0.672
a134s,6,0,81.08108108108108,0.5902464572125632,1.992,0.432,0.998258483560245,0.8,5.248,5.248,14,7,83.79888268156425,0.02487863233903827,0.748,0.684,0.03193743884534263,0.0,0.152,0.748,3.2743515968322754,-0.23218542337417603,0.37188676578340624,0.04289442300796509,0.38350141048431396,0.00021663829102180898,0.37975190076030413,2.721012592315674,0.9983367919921875,0.34890035474462217,0.8211038112640381,0.1534804254770279,1.9622758279380648e-11,0.01720688275310124,0.1461486688479169,-0.4805829168848971,0.8526636264272404,0.2682125586253994,0.41302919387817383,0.43203720450401306,0.29920920729637146,2.7178016004831704,0.4666666666666667,-7,0.8333333333333334,0.8333333333333334,0.4016,0.17278148048908482,0.432,0.4302327594291763,0.35714285714285715,0.15266168432471286,0.768
v135l,16,9,86.70520231213874,0.21985360139860882,0.94,0.392,0.14668138454292204,0.4,0.064,0.94,12,7,84.74576271186442,0.4543627588200362,1.428,0.36,0.6577282113456895,0.6363636363636364,0.396,1.428,1.0156779289245605,-0.42292332649230957,0.4842307753095867,0.3048664927482605,0.006769667845219374,7.321422162931412e-05,0.020808323329331732,8.61999225616455,0.9156188368797302,0.3240440656192799,0.7665128111839294,0.22340771555900574,9.248240194492663e-12,0.04721888755502201,0.9646975351774678,0.85324651743801,0.6981632190919097,0.13139836773188723,0.42463451623916626,0.16334879398345947,0.04814404249191284,1.9594396002743224,1.3076923076923077,2,0.5,0.5,0.379,0.16773490990250062,0.426,0.4425723099651122,0.9166666666666666,0.20100821357713625,0.792
v136s,15,9,87.2093023255814,0.3186183993775315,0.936,0.328,0.21040327578613996,0.5,0.704,0.936,12,7,79.36507936507937,0.20767351977622348,1.32,0.676,0.2316756353180023,0.09090909090909091,0.44,1.32,2.746391773223877,-1.0806963443756104,0.5241212357082788,0.42187485098838806,0.02411043830215931,5.451273682410829e-05,0.024809923969587835,-0.7339060306549072,-0.5585566759109497,0.26812764086556207,0.8854563236236572,0.10846297442913055,1.1120442240664108e-11,0.022809123649459785,0.9632126453651002,0.885662078490162,0.774546549954966,-0.23280981868997577,0.445083886384964,0.6054671406745911,0.1564379632472992,7.844222960502037,1.2307692307692308,2,0.6666666666666666,0.5,0.32239999999999996,0.08517652258691945,0.34199999999999997,0.2641951611196273,0.9166666666666666,0.16007066427127645,0.584
f137l,2,0,70.09345794392523,0.0,0.856,0.856,0.0,0.0,5.792,5.792,11,6,69.93006993006993,0.013345643796063221,0.876,0.832,0.019686430746977884,0.0,0.672,0.876,0.21638250350952148,-0.10717593133449554,0.4564232750076838,0.05431710556149483,0.1370801329612732,0.011501987464725971,0.0056022408963585435,-0.22578167915344238,0.6855710744857788,0.3138415960764464,0.9046280384063721,0.08424917608499527,1.276897077656658e-11,0.023209283713485393,0.0,0.0,0.9729365049981985,0.9140241375455052,0.5472785830497742,0.7437169551849365,0.2212710678577423,0.16338801385529678,0.25,-6,0.0,0.0,-1.0,-1.0,-1.0,-1.0,0.18181818181818182,0.22006586392853622,0.792
f138s,2,2,48.8599348534202,0.0,1.228,1.228,0.0,0.0,1.304,7.468,14,7,75.0,0.22953159507532425,0.992,0.412,0.2387606891149937,0.38461538461538464,0.284,0.992,4.858449935913086,-0.6487810611724854,0.3883985190559689,0.037333231419324875,0.04982343688607216,0.0007023636717349291,0.08083233293317327,2.465087413787842,0.3495250642299652,0.2869118800212407,0.648952841758728,0.33739620447158813,1.6941427427585865e-11,0.01800720288115246,0.0,0.0,0.6855577130322289,-0.8334212242433263,0.5221483111381531,0.3736163079738617,0.2966318428516388,26.1400651465798,0.2,-5,1.0,1.0,0.42600000000000005,0.086,0.42600000000000005,0.2018779295333819,0.07142857142857142,0.23621285962165134,0.0
v139l,14,8,73.17073170731707,0.27713287241585877,0.92,0.288,0.3079675307560848,0.3076923076923077,0.128,0.92,12,5,71.77033492822967,0.22599897999554885,1.08,0.492,0.27473914901229496,0.5454545454545454,0.28,1.08,0.8861191272735596,-0.6219400763511658,0.49081157923251223,0.17341291904449463,0.020882783457636833,0.0012371063930913806,0.03801520608243297,-0.24326372146606445,0.1025698184967041,0.3117881051177267,0.7793115973472595,0.21074481308460236,1.420075342040139e-11,0.030012004801920768,0.7987988439771756,0.4063348243370501,0.8583827167372307,0.2566862888365092,0.38267946243286133,0.22343184053897858,0.1381606012582779,1.4003967790874015,1.1538461538461537,3,0.7857142857142857,0.8333333333333334,0.4407272727272727,0.10350677703687804,0.472,0.23485448052220825,0.9166666666666666,0.3726198518486938,0.68
v140s,24,12,140.18691588785046,0.021199332974921083,0.456,0.408,0.015421354733556396,0.0,0.14,0.456,20,11,130.43478260869566,0.3059519187935056,0.924,0.312,0.18798345080825007,0.2631578947368421,0.264,0.924,4.976048946380615,2.1249642372131348,0.5635429000269069,0.4785620868206024,0.032935816794633865,0.00048512587090954185,0.01840736294517807,0.4961671829223633,-0.18192915618419647,0.39261377392013747,0.7761765122413635,0.11801136285066605,3.511136173472984e-11,0.01840736294517807,0.9429482443309439,0.7023564126042497,0.7438325963545568,0.4532453052860359,0.6894916296005249,0.44294121861457825,0.09698113054037094,9.752133279154805,1.1904761904761905,1,0.9166666666666666,0.8333333333333334,0.21709090909090903,0.14303302514102026,0.168,0.658862313264811,1.0,0.4196801912867429,0.752
v141l,5,5,94.33962264150944,0.6925848743785661,1.62,0.248,0.8248312958821743,1.0,0.448,6.412,20,10,123.96694214876034,0.1623686649944617,0.7,0.372,0.1375596840163086,0.21052631578947367,0.292,0.7,7.2571210861206055,1.5388240814208984,0.4615412770479343,0.10961965471506119,0.047176964581012726,5.9495814639376476e-05,0.04321728691476591,4.660483360290527,0.17465196549892426,0.3150981208094204,0.8513614535331726,0.12033459544181824,1.8484319977418728e-11,0.013605442176870748,0.5863226875471037,-0.33976093889478015,0.7044850124105554,-0.036964147163327764,0.1763683557510376,0.3342025578022003,0.21599113941192627,29.627319507250903,0.2857142857142857,-5,0.8,0.8,0.365,0.13300751858447704,0.408,0.3644041505217412,0.3,0.17216266690705495,0.2
a142s,10,1,109.4890510948905,0.09144652149998433,0.584,0.424,0.059565090447341706,0.1111111111111111,4.9,4.9,10,0,122.95081967213115,0.22534386171871834,0.716,0.344,0.19791917542269621,0.4444444444444444,5.236,5.236,8.081233978271484,2.598907470703125,0.5142980437199104,0.3070868253707886,0.043616533279418945,0.00020179455168545246,0.022809123649459785,3.047959804534912,-0.6886227130889893,0.3930599701708447,0.600365400314331,0.31924164295196533,1.6692787777050633e-11,0.3997599039615846,0.987070375987335,0.9589644329662592,0.40282730701243463,-0.056633258271868096,0.4924352169036865,0.14375311136245728,0.0922030657529831,13.461768577240647,1.0,1,0.8,0.6666666666666666,0.234,0.09453041838477179,0.226,0.403976129679532,0.9,0.07080214951718933,0.112
f144s,20,10,114.50381679389312,0.282155085233906,0.704,0.228,0.26276647849796636,0.5263157894736842,0.132,0.704,14,8,96.7741935483871,0.4472661081695896,1.552,0.36,0.5222757892148554,0.6153846153846154,0.208,1.552,0.34824609756469727,-0.00869559496641159,0.4304973179133855,0.05437661334872246,0.36624300479888916,0.0002640589082147926,0.01520608243297319,1.6570439338684082,1.0305683612823486,0.2916845472165167,0.49815458059310913,0.49532437324523926,1.0994426723198725e-11,0.031612645058023206,0.4950956000731331,0.0019360364957734307,0.5802660990212258,-0.3780370827687026,0.3987031579017639,0.34472137689590454,0.3929772675037384,17.72962324550602,1.4,2,0.65,0.6666666666666666,0.3341538461538462,0.0853966727453496,0.316,0.25556093749231645,1.0,0.12518266978349415,0.576
a145l,5,2,23.62204724409449,0.4835358869894053,2.676,0.332,1.2570356664258444,0.25,0.528,2.676,7,3,43.66812227074235,0.21746981861310555,1.936,1.068,0.41560750715067685,0.6666666666666666,1.004,1.936,15.225107192993164,-1.2627263069152832,0.4838705099689819,0.15599067509174347,0.0671352818608284,2.0959334506187588e-05,0.06282513005202081,-0.5215063095092773,0.37348657846450806,0.21443253013799415,0.4076322615146637,0.590664803981781,1.1392537087318022e-11,0.0468187274909964,0.28353371978628317,-0.8366295336216542,0.7869316330395829,0.5801211358816534,0.043925657868385315,0.4162440896034241,0.2565244138240814,20.046075026647863,0.75,-1,0.6,0.6,0.29733333333333334,0.10990096551997268,0.352,0.3696220689139641,0.42857142857142855,0.2571615778339981,0.712
v146s,8,4,72.11538461538461,0.8664404712013539,2.864,0.268,1.69187233560928,0.8571428571428571,0.616,2.864,15,8,87.71929824561403,0.09012757370715097,0.752,0.552,0.10012300127650679,0.0,0.184,0.752,2.3052968978881836,0.2802853584289551,0.4366378118529458,0.12473984062671661,0.06239545717835426,2.8278177524043713e-06,0.01520608243297319,-0.6507165431976318,0.1991143524646759,0.2327806699249025,0.889896810054779,0.10900801420211792,7.582445088472056e-12,0.01680672268907563,0.11612367909926882,-0.5271576070723859,0.9338625554841761,0.7049869166838766,0.3173042833805084,0.5538334846496582,0.2503417134284973,15.603913630229414,0.5625,-4,0.875,0.8333333333333334,0.32171428571428573,0.18847789888299088,0.292,0.5858549072695793,0.3333333333333333,0.143088715777717,0.424
v147l,15,6,169.49152542372883,0.5921871081669103,1.184,0.196,0.35860069930001737,0.7142857142857143,3.296,3.296,9,5,58.252427184466015,0.007252639328807822,1.04,1.016,0.014501231474799465,0.0,0.844,1.04,1.419321060180664,0.026800859719514847,0.5752096537606146,0.2465979903936386,0.09878557920455933,0.002793398452922702,0.006802721088435374,-1.0225831270217896,-0.27751389145851135,0.2653875619351233,0.8416374325752258,0.15489159524440765,7.513964494013092e-13,0.008003201280512205,0.12491536445713834,-0.5079703539996643,0.9940995064416526,0.9789567655796277,0.13470272719860077,0.878689169883728,0.2879922688007355,111.23909823926282,1.6,1,0.6,0.6666666666666666,0.32222222222222224,0.13767738277725597,0.324,0.4272746229450302,0.7777777777777778,0.08683337610684258,0.56
v148s,3,3,148.5148514851485,0.3960395941574358,0.564,0.244,0.31999999999999995,1.0,3.7,5.492,10,5,63.55932203389831,0.009410347703550514,0.956,0.928,0.01095445115010327,0.0,0.536,0.984,14.743453979492188,-0.028875097632408142,0.6163947492509113,0.410126268863678,0.03108207695186138,0.003142931964248419,0.01680672268907563,-1.128310203552246,0.02839113399386406,0.2633207946507928,0.9118319153785706,0.08011163026094437,4.084059045811328e-12,0.012805122048819529,0.40669796959400556,-0.26936228101511006,0.9955780631124241,0.988225007689516,0.2588048279285431,0.8934634923934937,0.2723054885864258,84.9555294512502,0.36363636363636365,-2,0.6666666666666666,0.6666666666666666,0.22599999999999998,0.122,0.22599999999999998,0.5398229849635848,0.2,0.11331443800299146,0.512
t149l,24,12,144.23076923076923,0.010362486533334367,0.424,0.408,0.0050452497910951355,0.0,0.196,0.424,17,10,140.8450704225352,0.45658909412903365,1.252,0.356,0.28308773669423876,0.3125,0.648,1.252,4.769006252288818,1.4661146402359009,0.6515914055470741,0.4664934575557709,0.027119867503643036,0.02978195808827877,0.008403361344537815,-0.22075152397155762,0.17851528525352478,0.2954290295896887,0.7325214743614197,0.2519901394844055,1.6632058577603637e-11,0.0196078431372549,0.9506075141634387,0.8938940769281598,0.5796739264716708,0.23860231658727069,0.7940354943275452,0.47400909662246704,0.11266157776117325,3.385698808234025,1.3888888888888888,2,0.75,0.6666666666666666,0.2693333333333333,0.135213411563597,0.24,0.5020299747894701,0.9411764705882353,0.2588215568271333,0.384
t150s,24,12,141.50943396226415,0.008096932018268934,0.432,0.416,0.004824181513244223,0.0,0.092,0.432,15,8,111.94029850746269,0.4532326955432326,1.292,0.304,0.38601873210825083,0.6428571428571429,0.104,1.292,4.752316951751709,1.554289698600769,0.6324326794851687,0.4898030161857605,0.010807819664478302,0.03205019235610962,0.010004001600640256,0.2220139503479004,-0.10154324024915695,0.2983657399251695,0.5783711671829224,0.4075596034526825,1.1078010904441715e-11,0.03321328531412565,0.9667829974891731,0.9146262423253823,0.5636242664271214,0.13947400798511714,0.8319992423057556,0.39310359954833984,0.10696739703416824,29.56913545480147,1.5625,4,0.7083333333333334,0.8333333333333334,0.23411764705882354,0.12705620912342933,0.196,0.5427023775977121,1.0,0.1812980374316704,0.368
t151l,24,12,141.50943396226415,0.009511780303472925,0.432,0.416,0.0036181361349331667,0.0,0.172,0.432,16,8,89.82035928143712,0.24839264256152357,0.968,0.416,0.2549397687970351,0.4666666666666667,0.196,0.968,4.908799648284912,1.4597455263137817,0.627869404435085,0.4889802038669586,0.0035849781706929207,0.033510997891426086,0.008803521408563426,0.09989118576049805,-0.2743748724460602,0.32193635225628553,0.7099776864051819,0.27408722043037415,8.33610871303625e-12,0.022809123649459785,0.9546848809842611,0.9215435385493493,0.6273741091754159,0.03432800996193276,0.8343380689620972,0.3494105339050293,0.14808791875839233,51.689074680827034,1.4705882352941178,4,0.625,0.5,0.22613333333333335,0.04548679906180351,0.216,0.20115034072951105,0.9375,0.1837593449667228,0.0
v153l,16,8,96.7741935483871,0.006536961484037527,0.628,0.612,0.004535573676110731,0.0,0.384,0.628,16,8,96.7741935483871,0.018416693539240744,0.64,0.6,0.02047995535709422,0.0,0.424,0.64,2.1606688499450684,1.597352147102356,0.5734161897358652,0.3473055064678192,0.0037873191758990288,0.00416877306997776,0.01640656262505002,-1.0242023468017578,0.054066240787506104,0.29253517729562145,0.9616166949272156,0.007040357682853937,1.7537991892080385e-11,0.01800720288115246,0.99477498745527,0.9892733745077983,0.9931284179303097,0.9471551646253249,0.9020828008651733,0.9211434721946716,0.04618173837661743,0.0,1.0,0,0.9375,0.8333333333333334,0.4333333333333334,0.004988876515698593,0.432,0.011512791693624635,0.9375,0.5386189906346083,0.584
v154s,20,10,116.27906976744185,0.0076111824948488825,0.524,0.508,0.003399346342395193,0.0,0.144,0.524,19,9,115.38461538461539,0.04609653956078913,0.592,0.464,0.043233973569268815,0.0,0.42,0.592,4.686916828155518,1.6799097061157227,0.6327406558669761,0.5740560293197632,0.0087863989174366,0.027800533920526505,0.007202881152460984,-0.9496853351593018,0.2967553734779358,0.2752063714470766,0.9391849040985107,0.03872501105070114,1.0854552933564632e-12,0.007202881152460984,0.9668052185504662,0.8908841341448945,0.9647612640646303,0.7907576268921607,0.8340441584587097,0.7861102223396301,0.1005132794380188,0.894454382826467,1.05,1,0.9,0.6666666666666666,0.5462222222222223,0.02930975483341787,0.552,0.05365902942869165,1.0,0.552536548028184,0.2
v155l,19,9,111.1111111111111,0.01708787667051862,0.568,0.524,0.014025187426659957,0.0,0.224,0.568,19,10,112.35955056179775,0.15103669444582396,0.76,0.364,0.14105151332674423,0.1111111111111111,0.088,0.76,1.2005462646484375,1.0445504188537598,0.5707237594950783,0.38350388407707214,0.09354639798402786,0.0031807594932615757,0.011604641856742696,-0.2947075366973877,0.08012010157108307,0.34408646219522443,0.785401463508606,0.20224826037883759,2.1341237804728408e-11,0.01680672268907563,0.896858618806891,0.43331726046073543,0.7705263601147491,-0.2238390727113976,0.6272733807563782,0.5406046509742737,0.1467132866382599,1.2484394506866465,1.0,-1,0.9473684210526315,0.8333333333333334,0.4984444444444444,0.010510429858120424,0.5,0.021086461619550217,0.9473684210526315,0.4207241720100852,0.664
t156s,23,13,153.84615384615384,0.2430390304821481,0.66,0.32,0.10982930478918727,0.4090909090909091,0.032,0.66,15,8,98.68421052631578,0.35547508800929234,1.096,0.328,0.33731975243767653,0.5,0.664,1.096,5.858342170715332,2.1268298625946045,0.6050325776280618,0.5166472792625427,0.005629166029393673,0.004308168310672045,0.013205282112845138,3.747325897216797,-0.2695358097553253,0.31311893860521184,0.702373206615448,0.2868669331073761,1.1244055166115263e-11,0.028011204481792718,0.9786177332885686,0.9584465061008502,0.6251966883359613,0.06076311665900646,0.33152225613594055,0.23183710873126984,0.10419005155563354,55.16194331983806,1.5,5,0.6521739130434783,0.5,0.32613333333333333,0.1340795120648772,0.412,0.4111186875113154,1.0,0.22078778799470192,0.568
t157l,21,12,143.54066985645935,0.24088635130191272,0.72,0.344,0.14312600263955866,0.25,0.42,0.72,22,11,142.85714285714286,0.26707793439911637,0.716,0.324,0.1630926117272024,0.3333333333333333,0.34,0.716,7.120038032531738,2.6707472801208496,0.5944621304454418,0.5189317464828491,0.002225293777883053,0.0034168532583862543,0.01640656262505002,-0.36424875259399414,0.1496773362159729,0.3711624111766971,0.8561042547225952,0.08583659678697586,9.858658160666334e-12,0.012404961984793917,0.9826708815909568,0.9596267907053552,0.6804083770917873,0.352281227628055,0.3593241274356842,0.17282134294509888,0.10128047317266464,0.6835269993164843,0.9565217391304348,1,0.9047619047619048,0.6666666666666666,0.38947368421052636,0.0671740617399091,0.4,0.1724739378767871,0.9090909090909091,0.44980227041058246,0.536
v158s,15,8,105.6338028169014,0.3543467361128283,1.136,0.436,0.22978786203466348,0.35714285714285715,0.424,1.136,13,7,100.33444816053512,0.35026696249950373,1.092,0.484,0.2877094493976993,0.4166666666666667,0.252,1.092,10.228659629821777,-1.8864942789077759,0.6364286816322107,0.5004702210426331,0.006218075752258301,0.004196031019091606,0.040416166466586634,0.4843297004699707,0.992715060710907,0.30844850771023025,0.7689668536186218,0.21354208886623383,7.593709515363312e-12,0.04561824729891957,0.4416966075316637,-0.055629679810968204,0.7687779954024182,-0.2977004914893584,0.19726154208183289,0.5312854647636414,0.22488220036029816,5.299354656366276,1.1428571428571428,1,0.8666666666666667,0.6666666666666666,0.4876923076923077,0.0678906186057732,0.488,0.13920789018580848,1.0,0.4403458644994855,0.664
v159l,16,8,98.03921568627452,0.044919222305132865,0.656,0.564,0.02880476151115102,0.0,0.504,0.656,16,8,98.03921568627452,0.0451156334182443,0.656,0.56,0.035697138740881124,0.0,0.476,0.656,-0.8945722579956055,0.390868216753006,0.3854443432630097,0.11199667304754257,0.016188783571124077,0.0007610046304762363,0.0820328131252501,-0.6871142387390137,0.6600814461708069,0.2993667061314986,0.9402384161949158,0.014605855569243431,3.019449967833765e-11,0.011204481792717087,0.9742277306716989,0.5959277448613879,0.9875703137480234,0.9325885853910895,0.7706218361854553,0.7905704379081726,0.06591299176216125,0.0,1.0,0,0.9375,0.8333333333333334,0.4938666666666666,0.023635754459904356,0.492,0.047858573126320116,0.9375,0.5977625685209041,0.64
v160s,29,15,181.8181818181818,0.2264232943836891,0.552,0.256,0.10802468853615516,0.32142857142857145,0.304,0.552,23,12,157.06806282722513,0.26038789005563123,0.744,0.304,0.15631226378478372,0.4090909090909091,0.04,0.744,2.8762998580932617,0.7409656643867493,0.6530618982462033,0.6401469111442566,0.004597773775458336,0.00065772415837273,0.01680672268907563,-0.35451412200927734,0.1450439691543579,0.42159182507945675,0.7001517415046692,0.08059601485729218,1.2499355717121574e-11,0.007603041216486595,0.7117694019274946,-0.5597152604493741,0.46614876023111407,0.09654594205415076,0.15766917169094086,0.1893574744462967,0.10135360807180405,24.75011899095668,1.25,3,0.9310344827586207,0.6666666666666666,0.29318518518518516,0.13011591329131258,0.276,0.4438011039715945,1.0,0.13255358950070645,0.08
a161l,4,0,57.25190839694656,0.004766442485382964,1.052,1.04,0.006324555320336765,0.0,5.9,5.9,9,4,57.14285714285714,0.24049535489241183,1.764,0.788,0.3659070920329367,0.25,0.656,1.764,7.177968978881836,-1.2230737209320068,0.4624443249822016,0.06522918492555618,0.1428382396697998,3.9338538044830784e-05,0.041616646658663464,0.2516140937805176,0.2822412848472595,0.24095903688027137,0.755486249923706,0.24225953221321106,2.011507497026721e-12,0.06042416966786715,0.9583953213840704,0.8580595598093685,0.8432064138808067,0.5788054598569815,0.4721156656742096,0.7396128177642822,0.1497260183095932,0.1090512540894224,0.5,-4,1.0,1.0,0.335,0.005196152422706636,0.336,0.015510902291336158,0.4444444444444444,0.4057628781290974,0.568
v162s,27,13,178.57142857142856,0.22675303847568562,0.592,0.252,0.1478918523786892,0.38461538461538464,0.3,0.592,18,8,100.0,0.34843974991811527,0.936,0.304,0.2751490505162611,0.7058823529411765,0.196,0.936,5.260284423828125,2.091773748397827,0.6497719044565635,0.6181435585021973,0.0016993135213851929,0.0010516756447032094,0.01720688275310124,0.08552813529968262,-0.3169090449810028,0.35108312875759107,0.7986360192298889,0.16746728122234344,7.464718947136628e-12,0.01800720288115246,0.926417628291965,0.6240541713788882,0.6067734088749783,0.18526406672469053,0.15592628717422485,0.21537072956562042,0.10878339409828186,78.57142857142856,1.4736842105263157,5,0.6666666666666666,0.5,0.30266666666666664,0.10308141334778922,0.332,0.34057734562340014,0.9444444444444444,0.13128817375084217,0.52
a163l,12,6,71.09004739336493,0.005873463193568316,0.852,0.836,0.0061967733539318726,0.0,0.264,0.852,15,9,74.25742574257426,0.3495963230962447,1.124,0.316,0.3466392494089053,0.5,0.248,1.124,22.439743041992188,4.41727352142334,0.7020113670497224,0.48247817158699036,0.021470854058861732,0.006263366434723139,0.028011204481792718,-0.07117486000061035,-0.037331439554691315,0.31808580965731953,0.9323883056640625,0.059707917273044586,2.5759349514542507e-11,0.024009603841536616,0.9908451581269714,0.976053370676428,0.7303815849911053,-0.13025944605524853,0.8018592000007629,0.6641878485679626,0.021598011255264282,3.1673783492093293,0.8125,-3,0.9166666666666666,0.8333333333333334,0.3265454545454545,0.025428558162977583,0.336,0.07787141737942581,0.9333333333333333,0.43704961781244783,0.528
v164s,13,7,76.72634271099744,0.10935454106518074,0.908,0.528,0.1493160163119574,0.08333333333333333,0.064,0.908,13,6,77.51937984496124,0.10540755174685561,0.892,0.528,0.13945347872058525,0.08333333333333333,0.452,0.892,15.342681884765625,3.560778856277466,0.6782186018332639,0.487074077129364,0.08215109258890152,0.0018939311848953366,0.03041216486594638,-0.9095563888549805,0.08476560562849045,0.32984820449397145,0.9375733733177185,0.04220396280288696,1.1988661799411382e-11,0.02921168467386955,0.9758878747020753,0.9344843588339162,0.9899835279701862,0.9602754873498281,0.29576197266578674,0.7257108688354492,0.05650997906923294,0.7930371339637929,1.0,1,0.9230769230769231,0.8333333333333334,0.30666666666666664,0.0820298048814508,0.3,0.2674884854561933,0.9230769230769231,0.3796778603994345,0.464
a165l,11,6,71.42857142857143,0.004494512158024684,0.848,0.836,0.005811865258054236,0.0,0.812,0.848,12,6,71.42857142857143,0.038429145358202084,0.92,0.772,0.055641710972974226,0.0,0.28,0.92,23.454544067382812,4.435024261474609,0.6965718115438683,0.47910988330841064,0.032300304621458054,0.006695634685456753,0.030012004801920768,-0.6800456047058105,0.17930570244789124,0.2971202573141437,0.9523513913154602,0.0414745956659317,2.7973097796452073e-11,0.010804321728691477,0.9916215010313132,0.9810487766134126,0.9734633972315986,0.8342933360552038,0.7995939254760742,0.8301396369934082,0.04113340750336647,0.0,0.9230769230769231,0,1.0,1.0,0.3367272727272727,0.0041140758178126345,0.336,0.012217827389842865,0.9166666666666666,0.502325913314869,0.536
v166s,15,7,90.36144578313252,0.01785187416563539,0.692,0.652,0.01553160549430641,0.0,0.548,0.692,13,7,88.49557522123894,0.33967012003774866,1.424,0.488,0.4430866937539629,0.5833333333333334,0.16,1.424,5.1173553466796875,1.7480347156524658,0.689997065750105,0.36241281032562256,0.015101650729775429,0.029991496354341507,0.006802721088435374,0.20224738121032715,-0.03184951841831207,0.3430728211796552,0.6915629506111145,0.28127729892730713,1.1456029701262249e-11,0.036414565826330535,0.9380881640336389,0.8147425484882785,0.6081547940429547,0.14077130667515197,0.5700643062591553,0.34778982400894165,0.11052603274583817,1.865870561893587,1.1428571428571428,0,0.8,0.6666666666666666,0.4023333333333334,0.10404432815979073,0.446,0.2586023005147499,1.0,0.15233571649651226,0.0
a167l,2,0,25.423728813559322,0.0,2.36,2.36,0.0,0.0,7.016,7.016,4,3,28.57142857142857,0.6572498872825531,5.7,1.148,2.6330879210539098,0.6666666666666666,0.052,5.7,15.840181350708008,3.4448935985565186,0.45674508626601773,0.06222805380821228,0.10651876032352448,0.0016622674884274602,0.025210084033613446,12.887913703918457,-2.4122314453125,0.17435290358207503,0.10949046164751053,0.8836321830749512,3.068408374606868e-11,0.04241696678671469,0.0,0.0,0.8510490547578713,0.6556968403737955,0.0832596868276596,0.1822795867919922,0.10962934046983719,3.1476997578692476,0.6,-3,0.0,0.0,-1.0,-1.0,-1.0,-1.0,0.25,0.0651773347320916,0.296
v168s,20,10,125.0,0.054961922855149566,0.536,0.436,0.04465173879904094,0.0,0.344,0.536,19,9,127.11864406779662,0.3299395828006844,0.948,0.308,0.28745045608918823,0.3888888888888889,0.108,0.948,-0.17587780952453613,-0.044210370630025864,0.52177089642061,0.28611335158348083,0.021351508796215057,0.009270244278013706,0.008003201280512205,-0.4226384162902832,0.19214770197868347,0.3429750962521411,0.777910053730011,0.19862064719200134,2.1652350051803992e-11,0.024009603841536616,0.7719646030806671,0.4431959021484061,0.49111150109431234,0.07735227128548532,0.8274955153465271,0.2213410586118698,0.07312407344579697,2.118644067796623,1.05,1,0.7,0.5,0.35028571428571426,0.1583465587029324,0.34199999999999997,0.4520497060673114,0.9473684210526315,0.18886996522122426,0.256
v169l,16,8,98.03921568627452,0.009792966212959412,0.624,0.604,0.009007933011676834,0.0,0.36,0.624,16,8,97.40259740259741,0.09356847316091807,0.72,0.484,0.1043346264943441,0.06666666666666667,0.276,0.72,6.350274085998535,1.9392145872116089,0.6767069052627405,0.37913545966148376,0.009523377753794193,0.026088964194059372,0.007603041216486595,-0.6107423305511475,-0.28702425956726074,0.3145709776413965,0.8664052486419678,0.10593371093273163,1.2252300736481647e-11,0.01920768307322929,0.9562000673523134,0.919400198432557,0.8854331333245028,0.6563427902256771,0.7220298051834106,0.7098332047462463,0.13854354619979858,0.6366182836771088,1.0,0,0.9375,0.8333333333333334,0.48800000000000004,0.00888444333277743,0.488,0.018205826128522885,0.9375,0.4217708334709595,0.04
a170s,17,8,126.05042016806723,0.45897703797927214,1.316,0.348,0.3241069782237546,0.25,0.536,1.316,4,3,30.0,0.6780149669980441,5.8,1.148,2.7537160347428706,0.6666666666666666,0.052,5.8,3.0533952713012695,0.045387838035821915,0.688639915921401,0.3877951502799988,0.0066576446406543255,0.0296197310090065,0.005202080832332933,12.20263385772705,-2.231893301010132,0.17721913982990806,0.1106700450181961,0.879906415939331,2.8326346476759134e-11,0.03481392557022809,0.5056496234713572,-0.12901939585882743,0.8622397002084313,0.6878919181688736,0.4099263548851013,0.17458932101726532,0.3200131952762604,96.05042016806723,3.6,5,0.23529411764705882,0.5,0.383,0.17705084015615405,0.442,0.46227372201936506,1.0,0.06132931324522896,0.792
a171l,21,10,130.43478260869566,0.2100456396356973,0.92,0.432,0.1508544087243689,0.05,0.096,0.92,2,2,75.0,0.0,0.8,0.8,0.0,0.0,0.208,8.992,5.0800886154174805,0.7750055193901062,0.6373579814595143,0.47609907388687134,0.005789048504084349,0.03140866756439209,0.004401760704281713,34.74058532714844,-3.290785551071167,0.1455775849224151,0.1451883763074875,0.8547921776771545,1.912737850051638e-11,0.7202881152460985,0.8577197786084614,-0.2031169263340632,0.0,0.0,0.7755096554756165,0.02309158258140087,0.12260115146636963,55.434782608695656,7.333333333333333,8,0.09523809523809523,0.3333333333333333,0.244,0.07200000000000001,0.244,0.29508195511959207,1.0,0.12054966337115301,0.792
a172s,30,16,176.47058823529412,0.322459149634688,0.644,0.148,0.1879376796402771,0.4827586206896552,0.12,0.644,4,3,30.0,0.6773068133385781,5.8,1.152,2.753098617921269,0.6666666666666666,0.048,5.8,0.7413880825042725,0.25137144327163696,0.6562040908704667,0.16573137044906616,0.11585424840450287,0.05961393564939499,0.003601440576230492,12.256485939025879,-2.2470595836639404,0.17753916802185732,0.11055345833301544,0.8799485564231873,2.8789312947474777e-11,0.036414565826330535,0.1367304928685906,-0.3448073047545759,0.8608226046233837,0.6839292548703927,0.09512245655059814,0.17479737102985382,0.2973420321941376,146.47058823529412,6.2,13,0.1,0.16666666666666666,0.34,0.1355679411463738,0.344,0.39872922693847507,1.0,0.05235907281379645,0.352
t173l,31,15,184.04907975460122,0.08788924052279506,0.38,0.264,0.0384815226596726,0.0,0.252,0.38,23,11,170.45454545454547,0.3045433938432897,0.652,0.3,0.1997350626156941,0.3181818181818182,0.38,0.652,6.9100341796875,2.656632423400879,0.661859204064313,0.5771158337593079,0.005527723580598831,0.009068140760064125,0.014805922368947578,-0.20459604263305664,-0.1906861662864685,0.36924121085408024,0.8010144233703613,0.15607993304729462,1.4110932908262264e-11,0.01920768307322929,0.9674478519597477,0.827503645332891,0.7283476096366244,0.1435541789787498,0.372836172580719,0.39907383918762207,0.05922501161694527,13.594534300055756,1.3333333333333333,4,0.8709677419354839,0.6666666666666666,0.28074074074074074,0.13845726512580683,0.364,0.4931854914560293,1.0,0.33852216573781624,0.528
t174s,30,15,178.57142857142856,0.13508483211456457,0.5,0.272,0.06194467577720345,0.06896551724137931,0.1,0.5,22,13,168.53932584269663,0.32129062798082914,0.672,0.312,0.21932624102008408,0.38095238095238093,0.124,0.672,5.891538619995117,2.388312578201294,0.6588932127712147,0.5092774033546448,0.013197105377912521,0.007721286732703447,0.025610244097639057,-0.0086669921875,-0.5497484803199768,0.3907841329822348,0.8033189177513123,0.12814068794250488,1.4674813447745905e-11,0.014405762304921969,0.9810151268050863,0.9506029321533513,0.71107920718684,0.32683574672570553,0.2384669929742813,0.2943055331707001,0.08188671618700027,10.032102728731928,1.3478260869565217,2,0.8,0.8333333333333334,0.29516666666666663,0.12205998070165705,0.34,0.41352900022484607,1.0,0.2638766435653999,0.512
t175l,28,14,163.04347826086956,0.12308371733027001,0.452,0.292,0.06400961466241437,0.07407407407407407,0.24,0.452,23,11,154.63917525773195,0.33151168148787274,0.788,0.316,0.22111061657438516,0.22727272727272727,0.088,0.788,7.803299903869629,2.8557751178741455,0.6599587560564859,0.5024390816688538,0.0028726852033287287,0.007487769238650799,0.015606242496998799,-0.253887414932251,-0.395140677690506,0.38805720148104167,0.7106299996376038,0.22070294618606567,7.492974123113338e-12,0.01840736294517807,0.9848913321076136,0.9686826116921723,0.6741617000666399,0.14084559707671973,0.20563647150993347,0.2396896779537201,0.06532258540391922,8.404303003137613,1.2083333333333333,3,0.8214285714285714,0.6666666666666666,0.3086956521739131,0.07314692467761075,0.316,0.23695481874442798,1.0,0.2720644653098819,0.792
v176s,15,8,78.53403141361257,0.25054471036018866,0.808,0.312,0.19227224288652636,0.21428571428571427,0.328,0.808,13,7,78.53403141361257,0.10559205958363961,0.944,0.62,0.13764777183416044,0.08333333333333333,0.088,0.944,3.785170078277588,-0.6745309829711914,0.4877605163384125,0.17789603769779205,0.16326680779457092,0.0014745054068043828,0.020008003201280513,-0.984661340713501,-0.12053030729293823,0.2715900120608675,0.9432609677314758,0.04302380234003067,2.732486632794906e-11,0.012404961984793917,0.6130806680581975,-0.3740935967050377,0.922893023145939,0.654212152139938,0.1758270561695099,0.7663590312004089,0.3035019338130951,0.0,1.1428571428571428,1,0.8666666666666667,0.8333333333333334,0.31969230769230766,0.06317665661324919,0.348,0.1976170621467809,1.0,0.3732203798863626,0.552
v177l,18,8,109.4890510948905,0.26413415925996203,0.884,0.276,0.20907175801623712,0.47058823529411764,0.336,0.884,16,8,106.38297872340426,0.26961116050920997,1.096,0.444,0.26382461706866667,0.26666666666666666,0.492,1.096,5.847964286804199,1.4428445100784302,0.6301501396855708,0.321414977312088,0.046861737966537476,0.004885501693934202,0.01520608243297319,-0.6454362869262695,0.29319214820861816,0.36038285112434265,0.844698429107666,0.13620629906654358,1.3454853550753931e-11,0.021208483393357343,0.7192416097282112,-0.6328114786656627,0.878298615751554,0.35692664335124047,0.11898725479841232,0.2794753909111023,0.12427625805139542,3.106072371486235,1.1176470588235294,0,0.8888888888888888,0.6666666666666666,0.39049999999999996,0.19241556589839606,0.472,0.4927415133699896,0.9375,0.2505384485028676,0.752
a178s,1,0,0.0,0.0,10.0,10.0,0.0,1.0,5.048,5.048,13,7,78.94736842105263,0.012612214327964957,0.772,0.732,0.012240023767059526,0.0,0.304,0.772,6.286102294921875,1.235744595527649,0.335381618036385,0.03792837634682655,0.34540051221847534,0.002024092711508274,0.32573029211684673,-1.2782764434814453,-0.19279947876930237,0.2299736722982214,0.9804399609565735,0.015103560872375965,2.5014218127394905e-11,0.007603041216486595,0.0,0.0,0.9968041499412233,0.9855380886518039,0.18070335686206818,0.9085925817489624,0.0,78.94736842105263,0.14285714285714285,-7,0.0,0.0,-1.0,-1.0,-1.0,-1.0,0.07692307692307693,0.11243229101904689,0.2
v179l,1,1,0.0,0.0,10.0,10.0,0.0,1.0,2.192,7.808,16,8,88.23529411764706,0.23569435126552432,0.764,0.348,0.13933310549081396,0.26666666666666666,0.344,0.764,52.384422302246094,5.268795013427734,0.5955568043092377,0.3084755837917328,0.018049634993076324,0.0034200921654701233,0.025210084033613446,-1.1188535690307617,-0.2291507124900818,0.27992378506715676,0.9473044276237488,0.042438797652721405,3.4567255741829728e-12,0.014805922368947578,0.0,0.0,0.7276070643292029,-0.1425977866622341,0.1782316416501999,0.7016304731369019,0.0,88.23529411764706,0.11764705882352941,-7,1.0,1.0,0.236,-1.0,0.236,-1.0,0.0625,0.0953683275265315,0.448
v180s,12,6,68.80733944954129,0.2189554522120307,1.188,0.552,0.3462438447106316,0.36363636363636365,0.32,1.188,10,6,68.80733944954129,0.283111821905364,1.756,0.848,0.45096341315011357,0.2222222222222222,0.424,1.756,14.085258483886719,1.1089725494384766,0.6727805071528815,0.32891950011253357,0.030914049595594406,0.01486922986805439,0.009603841536614645,-0.8632068634033203,-0.2549379765987396,0.22521537704766,0.9063528776168823,0.09303861111402512,2.1477342473930072e-11,0.030012004801920768,0.6939011915874634,-0.5544426008097401,0.936639763553235,0.4522210327147185,0.38549962639808655,0.7305339574813843,0.08484882116317749,0.0,1.1818181818181819,0,0.8333333333333334,0.8333333333333334,0.3104,0.13640175951944314,0.25,0.43943864408845584,1.0,0.18250247352095794,0.712
v182s,4,3,42.492917847025495,0.5806536487838757,2.848,0.58,1.1735246056218847,0.6666666666666666,1.932,3.228,17,9,106.76156583629893,0.2667330725428238,1.108,0.324,0.1572089904129744,0.125,0.392,1.108,8.387177467346191,-0.6941846013069153,0.6292879518990572,0.5674780607223511,0.026689164340496063,0.0023959586396813393,0.014405762304921969,0.26845860481262207,0.012242775410413742,0.35767233242697916,0.808836042881012,0.1621583253145218,1.5781265183534288e-11,0.022408963585434174,0.4994872908815116,-0.767800636320288,0.6702980162304368,-0.5716109978992137,0.37957897782325745,0.4305655360221863,0.29779118299484253,64.26864798927343,0.2777777777777778,-6,1.0,1.0,0.39599999999999996,0.14352700094407322,0.41,0.362441912423369,0.29411764705882354,0.11021157921639195,0.56
b183l,8,3,56.81818181818181,0.45080911070829205,2.532,0.668,0.8781116102182,0.42857142857142855,0.732,2.532,9,4,56.497175141242934,0.26148226408141395,1.84,0.892,0.42325811105214345,0.25,0.2,1.84,22.24155044555664,4.287137985229492,0.6537136841993308,0.5463692545890808,0.015094134025275707,0.0007718013948760927,0.06482593037214886,-0.6475286483764648,0.01602436974644661,0.2754899219676874,0.7406945824623108,0.2561742961406708,9.084433726103125e-12,0.023609443777511004,0.9940376774782693,0.9823809338901424,0.9605206590783419,0.778000548790004,0.307498574256897,0.542022168636322,0.09344269335269928,0.32100667693887885,0.9,-1,0.125,0.16666666666666666,0.328,-1.0,0.328,-1.0,0.7777777777777778,0.26227746041176997,0.168
b184s,5,4,39.577836411609496,0.45147460167818443,2.74,0.904,1.3127741618420132,1.0,0.556,2.768,11,5,63.02521008403362,0.2184352052079858,1.04,0.388,0.23896071271701175,0.2,0.224,1.04,16.995025634765625,2.798943519592285,0.6310152491230278,0.39230772852897644,0.13014660775661469,0.0005860816454514861,0.06402561024409764,-1.0260859727859497,0.291159451007843,0.22302897245373926,0.8702396154403687,0.12696422636508942,6.860184295631733e-12,0.005202080832332933,0.8956746357020396,0.5087062205760757,0.87838561534032,-0.12705040944977108,0.09781526029109955,0.7646023631095886,0.21704863011837006,23.44737367242412,0.5,-1,0.0,0.0,-1.0,-1.0,-1.0,-1.0,0.45454545454545453,0.27859085997421434,0.28
a186s,9,6,39.0625,0.5798843945715911,1.752,0.268,0.8761513241770185,0.375,0.128,1.752,11,7,115.83011583011583,0.6041252383052504,1.624,0.312,0.48378875096012264,1.0,1.988,1.988,2.759922981262207,-0.29579102993011475,0.3684476818647386,0.0233154259622097,0.09819924086332321,0.00017429835861548781,0.07162865146058424,2.511082649230957,-0.803169846534729,0.29341599060689977,0.661231279373169,0.3280562460422516,1.4302927765774687e-11,0.041216486594637856,0.5163085998236402,-0.9175941810527385,0.49288834297910883,-0.10617099239907533,0.54726642370224,0.17779844999313354,0.25265517830848694,76.76761583011583,0.8333333333333334,-1,0.4444444444444444,0.3333333333333333,0.155,0.047696960070847276,0.15999999999999998,0.30772230318467253,0.5454545454545454,0.08856712005692893,0.728
b187l,21,11,129.3103448275862,0.321068395981596,0.908,0.292,0.2437911098936093,0.4,0.064,0.908,8,3,49.66887417218543,0.14236995491022175,1.512,0.98,0.2830453438349882,0.14285714285714285,1.14,1.512,3.795788288116455,-0.11841170489788055,0.4215313297187446,0.053228992968797684,0.10647968202829361,0.003710939083248377,0.04601840736294518,-0.39861607551574707,0.9017143845558167,0.27839782396555635,0.651147723197937,0.34087327122688293,2.224469393408146e-11,0.07042817126850741,0.24285674134958307,-0.48680415801285826,0.991626736888475,0.9851783746276626,0.042116761207580566,0.4995843768119812,0.5126755237579346,79.64147065540075,2.4444444444444446,8,0.2857142857142857,0.16666666666666666,0.35400000000000004,0.12761922530193742,0.378,0.3605062759798719,0.875,0.0382206349997435,0.088
v188s,22,12,129.3103448275862,0.1898657247849401,0.656,0.236,0.11859173664298875,0.19047619047619047,0.14,0.656,10,5,64.93506493506493,0.12815243552470962,1.196,0.784,0.1489227987918572,0.2222222222222222,0.508,1.196,-1.146131992340088,-0.18885590136051178,0.21573341670330853,0.010373353026807308,0.0106519078835845,0.00035386596573516726,0.006802721088435374,-1.2768762111663818,0.2913341522216797,0.21634853164054985,0.8403935432434082,0.1566276103258133,9.970828850069946e-12,0.024409763905562223,0.7345026861728732,-0.9325667292628231,0.956759942796304,0.7098680746216011,0.8867204785346985,0.632680356502533,0.06972375512123108,64.37527989252126,2.090909090909091,7,0.45454545454545453,0.16666666666666666,0.38320000000000004,0.15532984259310892,0.404,0.4053492655000424,1.0,0.08978544363690107,0.352
f189l,22,11,130.43478260869566,0.05749285075217349,0.548,0.396,0.0457121428069173,0.0,0.084,0.548,20,10,119.04761904761905,0.027536714027370207,0.532,0.476,0.021888606879176025,0.0,0.076,0.532,-0.23669195175170898,0.21474899351596832,0.46215860470611075,0.08410555869340897,0.029429253190755844,0.014626272954046726,0.009603841536614645,-1.4665790796279907,0.028638284653425217,0.18049239857480537,0.9921202659606934,0.005017765332013369,1.1035473750087288e-12,0.010404161664665866,0.1497694045243847,-0.444590816453411,0.9920278942214333,0.9809014397287317,0.6341017484664917,0.9280076026916504,0.17747525870800018,11.387163561076605,1.0952380952380953,1,0.9545454545454546,0.8333333333333334,0.3154285714285714,0.15181083825684152,0.308,0.48128434515760266,0.95,0.07938994466865926,0.392
f190s,6,2,31.578947368421055,0.41526401128375806,2.12,0.312,1.1006089223697944,0.2,1.596,2.12,23,12,155.440414507772,0.31055098837959155,0.792,0.312,0.2048293133783532,0.22727272727272727,0.352,0.792,3.4746880531311035,-0.7349987626075745,0.3609239150998031,0.015765344724059105,0.07127784192562103,0.00019235338550060987,0.031212484993997598,-0.3783235549926758,-0.21044467389583588,0.39885252985539993,0.7324908971786499,0.10980972647666931,3.581487537096528e-11,0.010004001600640256,0.6707577197681981,-0.9659317987020751,0.7023203279125098,-0.13802967109276607,0.07080083340406418,0.47458598017692566,0.07383489608764648,123.86146713935095,0.2916666666666667,-10,1.0,1.0,0.35600000000000004,0.08076302784484166,0.372,0.2268624313938689,0.43478260869565216,0.10228309472414522,0.152
t191l,22,12,141.50943396226415,0.19315891853310688,0.608,0.32,0.06015313790651323,0.3333333333333333,0.144,0.608,20,12,138.88888888888889,0.1983308817050212,0.608,0.32,0.05966573556070519,0.3684210526315789,0.388,0.652,1.8217244148254395,-1.0090196132659912,0.550505634207974,0.23948977887630463,0.01825001649558544,0.004793611355125904,0.008803521408563426,-0.4860539436340332,0.7042494416236877,0.36625661551894473,0.9021262526512146,0.02999120205640793,2.3794684972378022e-11,0.01920768307322929,0.9090660543834215,0.8301875424197992,0.8283242131239126,0.31095073002318374,0.4571406841278076,0.6115434169769287,0.12862898409366608,2.6205450733752684,1.0952380952380953,0,0.9090909090909091,0.6666666666666666,0.368,0.07595788306686806,0.352,0.20640728533368263,1.0,0.6713564838220489,0.592
t192s,21,12,110.7011070110701,0.28468047001821717,0.768,0.264,0.11682825901836918,0.4,0.176,0.768,16,7,108.69565217391303,0.32176860964638704,1.136,0.308,0.2573624459229212,0.2,0.568,1.136,3.122213363647461,-1.5442010164260864,0.5565285746625142,0.23905625939369202,0.019999194890260696,0.0038819285109639168,0.004801920768307323,1.9992270469665527,0.844538152217865,0.3355879166688136,0.8529620170593262,0.1357358694076538,2.683798148994665e-11,0.029611844737895156,0.921792064827617,0.7200347905895215,0.7736215328649769,-0.2079092457957675,0.5583994388580322,0.5293442606925964,0.09901835024356842,2.0054548371570746,1.2941176470588236,5,0.7619047619047619,0.5,0.44325,0.08676656902286732,0.472,0.19575085632342643,0.9375,0.3909175161128704,0.656
t193l,23,13,127.11864406779662,0.18038847852770476,0.536,0.296,0.048473851566739425,0.2727272727272727,0.036,0.536,21,11,114.94252873563218,0.18114410367037878,0.712,0.356,0.10353743284435828,0.35,0.14,0.712,2.4434571266174316,-1.334946870803833,0.5403128533752546,0.24702729284763336,0.007698207162320614,0.0008877640357241035,0.007202881152460984,-0.38573217391967773,0.4245221018791199,0.35371409691492717,0.8394282460212708,0.129660502076149,2.4309772944652863e-12,0.012805122048819529,0.9456151261264522,0.8284468909449433,0.7605394401327431,0.1160742307592848,0.4377020001411438,0.548643171787262,0.07722103595733643,12.176115332164443,1.0909090909090908,2,0.9130434782608695,0.6666666666666666,0.37066666666666664,0.15729297303147197,0.464,0.424351534499883,0.9523809523809523,0.5734035649738344,0.616
v194s,18,10,102.04081632653062,0.2981041813292077,1.0,0.324,0.20632013958894077,0.4117647058823529,0.072,1.0,15,7,99.00990099009901,0.28679808302199766,1.068,0.368,0.36677387710015136,0.2857142857142857,0.08,1.068,4.553053855895996,0.08435376733541489,0.587627099924978,0.49978771805763245,0.004823346622288227,0.0005173409590497613,0.03081232492997199,2.432271957397461,1.522043228149414,0.3725996915790717,0.805034339427948,0.1623629927635193,1.3737752255216229e-11,0.0664265706282513,0.5129835885131007,-0.29496929976234804,0.8821222378683313,0.28292775484861166,0.32800883054733276,0.2729835510253906,0.2741134762763977,3.0309153364316046,1.1875,3,0.8333333333333334,0.6666666666666666,0.42506666666666665,0.13310219966460193,0.48,0.3131325200751492,0.9333333333333333,0.5324095816637955,0.64
t195l,23,12,144.92753623188406,0.16932588054590186,0.572,0.324,0.09933876623046248,0.18181818181818182,0.348,0.572,17,9,113.20754716981132,0.2920581717692517,0.944,0.364,0.2882184356814579,0.625,0.236,0.944,6.763761520385742,2.2853894233703613,0.6590807140170584,0.5476399064064026,0.007054346613585949,0.0022653634659945965,0.01640656262505002,0.6774284839630127,1.082905650138855,0.3745348556745803,0.8079226016998291,0.15078473091125488,4.4306829038998075e-11,0.024009603841536616,0.8896723182609957,-0.6512398296087428,0.8350450537199859,0.3768722302235935,0.13648803532123566,0.18623192608356476,0.14242307841777802,31.71998906207274,1.3333333333333333,3,0.9565217391304348,0.8333333333333334,0.398909090909091,0.1790284154923989,0.516,0.4487950139127019,0.9411764705882353,0.4069118307615636,0.688
v198s,12,10,120.96774193548387,0.42460454807295717,1.18,0.348,0.34243597941805115,0.6363636363636364,0.088,4.132,17,9,102.73972602739727,0.1531343459161604,0.832,0.408,0.12563651273946333,0.125,0.068,0.832,2.1745758056640625,-0.4540320634841919,0.5659594490808096,0.4704446792602539,0.009346728213131428,0.0025226790457963943,0.008003201280512205,-0.6582303047180176,0.3453853726387024,0.3353813817263822,0.8186233043670654,0.1692398190498352,7.717905307902395e-12,0.014805922368947578,0.5852813256256896,-0.18633761769041712,0.8543444106185708,0.5457829961447386,0.37304016947746277,0.2664620578289032,0.28684741258621216,18.228015908086604,0.7222222222222222,1,0.75,0.6666666666666666,0.40488888888888885,0.05826461560929383,0.392,0.14390272435027424,0.5882352941176471,0.23491375368794096,0.632
v199l,7,5,109.4890510948905,0.9142522899657332,3.428,0.46,0.9524318348312386,0.3333333333333333,2.08,3.428,19,9,120.48192771084338,0.14652148525046452,0.732,0.432,0.1212057074951991,0.2222222222222222,0.312,0.732,3.5142955780029297,0.27986767888069153,0.44619118078359243,0.12565161287784576,0.004711868241429329,0.0014543206198140979,0.028011204481792718,-0.9618113040924072,0.6164709329605103,0.3054737084988465,0.9594804644584656,0.01579967513680458,1.002245682280023e-11,0.03361344537815126,0.5550159220367733,-0.5029578306735849,0.9344099154541259,0.6533295662005401,0.42929932475090027,0.5079783797264099,0.2712671458721161,10.99287661595288,0.4,-4,1.0,1.0,0.39199999999999996,0.06218865307617276,0.424,0.1586445191064479,0.3684210526315789,0.34956822063159987,0.584
v200s,1,1,0.0,0.0,10.0,10.0,0.0,1.0,2.364,7.636,18,9,108.69565217391303,0.14607714997801355,0.768,0.44,0.14450605523645021,0.17647058823529413,0.312,0.768,19.19715690612793,1.2908438444137573,0.6057054166541644,0.26758527755737305,0.08167104423046112,0.0012770870234817266,0.007202881152460984,-0.7089924812316895,-0.3513948619365692,0.31843404467050995,0.9046003818511963,0.08429530262947083,1.698035635711026e-11,0.007202881152460984,0.0,0.0,0.9018860939670175,0.7216500780256699,0.13157987594604492,0.44754624366760254,0.0,108.69565217391303,0.10526315789473684,-8,1.0,1.0,0.188,-1.0,0.188,-1.0,0.05555555555555555,0.15569269852370202,0.4
v201l,17,8,95.84664536741214,0.1772482635508201,0.916,0.472,0.1751220526756506,0.25,0.048,0.916,16,8,96.15384615384616,0.27904096444026905,1.048,0.388,0.22410201758510404,0.4666666666666667,0.544,1.048,8.3743257522583,2.50799298286438,0.6351739184828938,0.41048404574394226,0.009348361752927303,0.0011084843426942825,0.028811524609843937,0.703294038772583,-0.659027099609375,0.3230652051395747,0.6687950491905212,0.32262489199638367,1.8051468306246043e-11,0.021608643457382955,0.9518261476992597,0.7034831083592931,0.7649033506470039,0.13584021929080672,0.1817915141582489,0.25254759192466736,0.07420922070741653,0.3072007864340236,1.0588235294117647,0,0.8235294117647058,0.6666666666666666,0.41000000000000003,0.11140402660073442,0.406,0.27171713142332465,0.9375,0.23271300362788164,0.696
v202s,13,6,77.31958762886597,0.005345598728046708,0.784,0.768,0.006149648918286465,0.0,0.596,0.784,12,6,80.21390374331551,0.39240546168777923,1.368,0.34,0.5416655794860885,0.5454545454545454,0.816,1.368,4.432575702667236,1.2645556926727295,0.6369291432526477,0.3785214126110077,0.1050386130809784,0.007643898017704487,0.010004001600640256,3.2977395057678223,0.07194893062114716,0.3106227530803715,0.7564901113510132,0.23005840182304382,8.71084367831676e-12,0.03241296518607443,0.8423706265954021,0.4169851359027252,0.6381876117563902,-0.27150352489445745,0.25749868154525757,0.18615323305130005,0.19118058681488037,2.8943161144495377,1.0769230769230769,0,0.7692307692307693,0.5,0.2552,0.0704227236053818,0.28200000000000003,0.2759511004932242,1.0,0.16420683141472872,0.632
a203l,2,2,19.05972045743329,0.0,3.148,3.148,0.0,0.0,1.712,5.14,4,3,29.940119760479043,0.6604456227872185,5.796,1.244,2.7346721924208763,0.6666666666666666,0.052,5.796,35.9449348449707,4.594522953033447,0.6525749707441074,0.3812510669231415,0.04095766693353653,0.019894380122423172,0.0056022408963585435,13.493186950683594,-2.567673921585083,0.18664464356632218,0.10669101774692535,0.8733665943145752,3.033479717418075e-11,0.02040816326530612,0.0,0.0,0.7949876065194813,0.4737848253562485,0.1534377932548523,0.18854527175426483,0.04725830256938934,10.880399303045753,0.6,-1,0.0,0.0,-1.0,-1.0,-1.0,-1.0,0.25,0.05722962614855162,0.4
v204s,2,0,47.61904761904762,0.0,1.26,1.26,0.0,0.0,7.336,7.336,16,8,103.44827586206897,0.31783208493421405,1.144,0.384,0.2613306608220977,0.5333333333333333,0.5,1.144,4.620181560516357,0.41722553968429565,0.5528346196644824,0.09367917478084564,0.12340764701366425,0.03504068776965141,0.05922368947579031,0.31900596618652344,0.4328934848308563,0.36288219461012927,0.8258423209190369,0.1087847352027893,1.7081214914727028e-11,0.017607042817126852,0.0,0.0,0.5956137003732523,0.011549914294855563,0.09047912806272507,0.28133419156074524,0.1292271912097931,55.82922824302135,0.17647058823529413,-8,1.0,1.0,0.32,0.068,0.32,0.21249999335937522,0.1875,0.2997738940133851,0.68
v205l,13,6,73.89162561576354,0.2234347468713013,0.844,0.268,0.19755965727298216,0.16666666666666666,0.72,0.844,11,5,86.20689655172414,0.3531087002079906,1.328,0.34,0.42140716652662663,0.5,1.776,1.776,6.566710472106934,0.184721902012825,0.5048696183325527,0.1753396838903427,0.045068513602018356,0.0012686315458267927,0.024809923969587835,1.286149501800537,-0.34425172209739685,0.36048265987642675,0.7447869777679443,0.20344124734401703,1.539599177313722e-11,0.1292517006802721,0.5411196079328933,-0.5327694303430438,0.4520132949148002,-0.30158614600377603,0.20316582918167114,0.3131389319896698,0.4156239628791809,12.315270935960598,1.1666666666666667,1,0.5384615384615384,0.6666666666666666,0.28914285714285715,0.13789792142992538,0.336,0.47691967224560305,1.0,0.12075950598620912,0.792
v206s,15,8,89.82035928143712,0.17146320628658313,1.124,0.632,0.1169404845341293,0.07142857142857142,0.196,1.124,15,8,87.97653958944281,0.2244833505146814,1.052,0.416,0.21366256646331924,0.21428571428571427,0.184,1.052,7.938010215759277,0.6492905020713806,0.6750196088774226,0.29135751724243164,0.19595971703529358,0.015858985483646393,0.013205282112845138,-0.649296760559082,0.19123917818069458,0.3581208917777143,0.7640606760978699,0.19513607025146484,5.268387722606738e-12,0.012004801920768308,0.9580732435535404,0.9226532577842355,0.7005095136813446,-0.26059795331873487,0.15194685757160187,0.516700267791748,0.1406054049730301,1.8438196919943124,1.0,0,0.8666666666666667,0.8333333333333334,0.37015384615384617,0.037015269518332464,0.376,0.09999968635460574,1.0,0.2950069868099163,0.576
v207l,6,3,47.92332268370607,0.7002462154508452,3.88,0.5,2.167367989059541,0.8,0.164,3.88,14,7,83.33333333333334,0.06509354123970387,0.8,0.628,0.08329865945299884,0.0,0.472,0.8,1.0159473419189453,0.46566328406333923,0.2633434374456048,0.010968329384922981,0.589768648147583,0.00024059459974523634,0.03681472589035614,-0.9200167655944824,-0.22350053489208221,0.3050559553793831,0.8305185437202454,0.1527804732322693,7.825053972843055e-12,0.012404961984793917,0.3389774487931535,0.11708127930132495,0.8972041235930335,0.45252995341348384,0.4274340867996216,0.7261747121810913,0.3500932455062866,35.410010649627274,0.4666666666666667,-4,0.8333333333333334,0.8333333333333334,0.3024,0.08335370417683907,0.32,0.2756405470252434,0.35714285714285715,0.09203718629642015,0.528
v210s,21,10,126.05042016806723,0.015141377028813513,0.488,0.456,0.011126071799346353,0.0,0.404,0.488,21,11,126.05042016806723,0.021265152578126126,0.496,0.456,0.017579892820462437,0.0,0.168,0.496,4.609849452972412,1.6287133693695068,0.6894703092711766,0.23882345855236053,0.01300161425024271,0.05541691184043884,0.007202881152460984,-0.8284249305725098,0.1699514240026474,0.2991747364783296,0.8476188778877258,0.019727816805243492,2.324465446512658e-11,0.004001600640256103,0.9678673069780105,0.8498715496754373,0.9689175931043671,0.8049641242075688,0.6974743604660034,0.8751956820487976,0.09715968370437622,0.0,1.0,-1,1.0,1.0,0.11333333333333336,0.010053823406016493,0.112,0.08871019869630445,1.0,0.6598476632814881,0.72
v211l,21,11,125.0,0.0230024354627288,0.496,0.456,0.017864990756696227,0.0,0.124,0.496,20,10,125.0,0.04244737879504705,0.564,0.464,0.02594010194445827,0.0,0.344,0.564,5.601461410522461,-0.6503300070762634,0.6559809282969306,0.28430667519569397,0.01045745424926281,0.056585296988487244,0.01680672268907563,-0.8724536895751953,-0.017497429624199867,0.29785408580369166,0.8810012340545654,0.029190320521593094,2.298892153029808e-11,0.007202881152460984,0.8023991495502871,-0.27504652629074394,0.9530443900409186,0.6107242356464122,0.7961942553520203,0.839931845664978,0.07459349185228348,0.0,1.0476190476190477,1,0.9523809523809523,0.8333333333333334,0.1636,0.16635816781871576,0.092,1.0168591543406127,1.0,0.5958987407378445,0.712
v212s,3,0,48.54368932038835,0.5889967589886994,1.964,0.508,1.456,1.0,6.94,6.94,21,11,122.95081967213115,0.018180862298881488,0.5,0.464,0.01196486083232238,0.0,0.108,0.5,17.467472076416016,2.292170286178589,0.4547545396989481,0.12034060806035995,0.24226340651512146,0.005447057541459799,0.038815526210484196,-1.0496472120285034,0.19809895753860474,0.26782787088566945,0.899296760559082,0.004144539590924978,2.4363030690088827e-11,0.003601440576230492,0.49052536625176746,-0.25679098673426937,0.9917166390012545,0.9607693243485035,0.14156368374824524,0.9467417001724243,0.6396315097808838,74.4071303517428,0.18181818181818182,-11,1.0,1.0,0.436,0.024657656011875927,0.432,0.056554255610856356,0.19047619047619047,0.22753827999005813,0.576
t213l,24,12,151.5151515151515,0.10927888813358652,0.528,0.348,0.06059102843881038,0.08695652173913043,0.392,0.528,12,5,66.3716814159292,0.3287512802518795,1.244,0.356,0.5167312647788985,0.6363636363636364,0.464,1.244,4.961013317108154,2.05139422416687,0.6074010913032173,0.40581485629081726,0.0006085842614993453,0.0029920898377895355,0.022809123649459785,0.8567464351654053,-0.627510130405426,0.2758159438406163,0.6177169680595398,0.37705522775650024,1.984228059637161e-11,0.03201280512204882,0.9663127158294255,0.8347696707194346,0.735025787905581,0.20041362968539986,0.4584854543209076,0.2753438949584961,0.10776932537555695,85.1434700992223,1.9230769230769231,7,0.7916666666666666,0.5,0.3322105263157895,0.18826397451377413,0.472,0.566700793423409,0.9166666666666666,0.13925273680352704,0.696
t214s,24,12,150.0,0.11281067895118457,0.528,0.352,0.05800313471152777,0.08695652173913043,0.14,0.528,20,11,147.05882352941177,0.33776569116209404,0.844,0.32,0.2115256748272207,0.3684210526315789,0.492,0.844,4.696263790130615,1.7409054040908813,0.6488331522291486,0.47201451659202576,0.0031687014270573854,0.0030307872220873833,0.025610244097639057,0.1252894401550293,-0.4160108268260956,0.34511357288095224,0.777915894985199,0.20460331439971924,7.99290147956988e-12,0.017607042817126852,0.9683617573835168,0.9299149386846898,0.6009964649670261,0.23952426990986364,0.3434755206108093,0.15576955676078796,0.1253742277622223,2.941176470588232,1.1904761904761905,1,0.8333333333333334,0.6666666666666666,0.35839999999999994,0.16532344056424667,0.45,0.4612819083466172,0.95,0.3221616639446635,0.632
b215l,8,4,34.96503496503497,0.5364783980262845,2.312,0.32,0.8325398889342579,0.7142857142857143,0.156,2.312,17,9,103.44827586206897,0.06433147054154427,0.652,0.488,0.060336832311062995,0.0,0.088,0.652,8.764861106872559,0.1885579377412796,0.6198516208679702,0.3126676082611084,0.15021762251853943,0.0006205922109074891,0.07122849139655862,-1.075907588005066,0.12453652173280716,0.2949556147232064,0.941813588142395,0.022872380912303925,2.1576818456936486e-11,0.01680672268907563,0.5432422067796694,-0.35095790746633654,0.8697383702511523,0.49411794450547414,0.10088995099067688,0.8381673097610474,0.14764907956123352,68.483240897034,0.5,-5,0.875,0.8333333333333334,0.3765714285714286,0.1172724022374003,0.412,0.3114213937262157,0.4117647058823529,0.2233034682547777,0.008
b216s,8,3,75.37688442211055,0.35590408305139887,1.576,0.752,0.5563739749485054,0.42857142857142855,1.38,1.576,13,7,77.12082262210797,0.014839637649560663,0.8,0.764,0.016135787441697316,0.0,0.104,0.8,29.00359344482422,1.787851095199585,0.6583848025415933,0.41745126247406006,0.026347441598773003,0.001227244851179421,0.07803121248499399,-1.0807857513427734,-0.22398805618286133,0.2767267470395204,0.942398726940155,0.0312594473361969,2.1213265519182123e-11,0.013605442176870748,0.7873754115255903,-0.515045660599846,0.9910121228368497,0.9384330038109343,0.16723154485225677,0.8602244257926941,0.22805237770080566,1.743938199997416,0.6428571428571429,-4,1.0,1.0,0.244,0.013266499161421603,0.246,0.05437089597423215,0.6153846153846154,0.33749216268886767,0.496
v217l,21,10,121.45748987854252,0.16244451405760307,0.608,0.288,0.13760354952582168,0.2,0.228,0.608,20,10,126.05042016806723,0.026924152052872182,0.504,0.448,0.019955506062794344,0.0,0.48,0.504,0.15777301788330078,0.6396445631980896,0.25872121379119073,0.019911831244826317,0.4358082711696625,0.00014616383123211563,0.02921168467386955,-0.5981318950653076,0.3552320897579193,0.2963596828288264,0.817297101020813,0.016430307179689407,2.433280313351993e-11,0.010404161664665866,0.1245980434479697,-0.6119970393689642,0.9548995733677643,0.8143594546203534,0.2855636179447174,0.8301587104797363,0.3642676770687103,4.592930289524716,1.0476190476190477,0,0.9523809523809523,0.8333333333333334,0.21919999999999992,0.18251838263583206,0.118,0.8326568171043064,1.0,0.47010661586462227,0.24
v218s,2,2,180.72289156626505,0.0,0.332,0.332,0.0,0.0,2.508,7.16,18,9,111.1111111111111,0.01634475326727264,0.564,0.528,0.013190905958272913,0.0,0.252,0.564,15.904632568359375,0.716356098651886,0.5046889485940622,0.18569731712341309,0.09258187562227249,0.00022229384921956807,0.03321328531412565,-0.9350523948669434,0.16390953958034515,0.272343604659739,0.9618110656738281,0.021625090390443802,1.4394899335024025e-11,0.006802721088435374,0.0,0.0,0.9747982167414078,0.8010523935084259,0.2171131819486618,0.8019214868545532,0.12933023273944855,69.61178045515395,0.15789473684210525,-7,1.0,1.0,0.35,0.10200000000000001,0.35,0.29142856310204107,0.1111111111111111,0.08620567309204634,0.064
a219l,7,3,72.46376811594202,0.6946998985889599,3.128,0.556,1.4875601500443603,0.5,1.184,3.128,16,8,127.11864406779662,0.6326578987244285,1.784,0.304,0.6403195630754559,0.8666666666666667,0.496,1.784,6.540148735046387,-1.4628009796142578,0.4304299051144101,0.09293989092111588,0.03539643809199333,4.5876413423684426e-06,0.24129651860744297,0.30074024200439453,-0.20663391053676605,0.4112535632159337,0.5020655393600464,0.35201767086982727,1.540615378325949e-11,0.014805922368947578,0.543201771463836,-0.6455734261202981,0.43967703957581056,-0.08775312941895118,0.13059917092323303,0.09857703000307083,0.32989126443862915,54.654875951854606,0.47058823529411764,-5,0.8571428571428571,0.8333333333333334,0.33066666666666666,0.10704931366223491,0.324,0.32373783394613886,0.5625,0.1387999391269295,0.792
b220s,6,3,29.52755905511811,0.29400124214578344,2.292,0.776,0.7664202502543888,0.2,0.468,2.292,12,7,84.74576271186442,0.7197741098478164,2.564,0.316,1.0380990318847234,0.7272727272727273,0.428,2.564,7.550665855407715,0.9912152886390686,0.4848538173732849,0.17060257494449615,0.016770629212260246,0.00012110998795833439,0.16966786714685875,0.7137494087219238,0.12177251279354095,0.2721062849687634,0.33559706807136536,0.6248265504837036,1.1689857415397853e-11,0.054821928771508606,0.9889643336575317,0.97285880923669,0.4352662486449903,-0.29291352747422594,0.23427139222621918,0.3298341929912567,0.03947790339589119,55.218203656746304,0.5384615384615384,-4,0.3333333333333333,0.3333333333333333,0.28400000000000003,0.16,0.28400000000000003,0.5633802618528077,0.25,0.10093272693255821,0.0
v221l,17,8,97.7198697068404,0.3382007160470036,0.904,0.324,0.2520677157696585,0.8125,0.224,0.904,16,8,84.26966292134831,0.31155184458645807,0.92,0.36,0.17683567836513409,0.4666666666666667,0.42,0.92,3.0705819129943848,-0.6957250833511353,0.42912203666264986,0.14135411381721497,0.006411660462617874,0.0018099788576364517,0.010804321728691477,-0.8544943332672119,0.06982144713401794,0.3124609226611018,0.9369463324546814,0.03731550648808479,9.901692313296628e-12,0.011604641856742696,0.2439223100997535,-0.8606269058278782,0.7108255847878309,-0.18751011118821717,0.5990080833435059,0.7328768372535706,0.29944419860839844,13.450206785492085,1.0588235294117647,0,0.8235294117647058,0.6666666666666666,0.33142857142857146,0.06211247204606712,0.362,0.18740831517408954,0.9375,0.2616028265128622,0.544
v222s,6,4,28.142589118198874,0.5277061961868471,2.556,0.268,1.1054121403349975,0.4,0.676,2.556,13,6,79.57559681697613,0.11806578084236273,0.96,0.528,0.1600636237137084,0.16666666666666666,0.792,0.96,4.724437713623047,1.7842339277267456,0.5458782546989539,0.20172306895256042,0.0925435945391655,0.004300565924495459,0.01720688275310124,-1.0524945259094238,-0.1530943065881729,0.2783752241361994,0.9520214796066284,0.038569796830415726,1.1762514573465666e-11,0.008003201280512205,0.7992003007917438,0.6690556271512663,0.9776359581866552,0.8464357585962872,0.11088781803846359,0.7674585580825806,0.1443178504705429,51.43300769877726,0.5,-2,0.6666666666666666,0.6666666666666666,0.369,0.14938206050259178,0.354,0.40482942128535926,0.38461538461538464,0.08774540344410976,0.024
a223l,4,0,267.85714285714283,0.616747206185569,0.544,0.116,0.37787828728308803,0.6666666666666666,7.412,7.412,14,7,80.64516129032258,0.28371920310388227,1.1,0.348,0.2605174338376097,0.3076923076923077,0.216,1.1,5.103148460388184,0.4925927221775055,0.40328518992212786,0.07536643743515015,0.2268017828464508,0.00277393008582294,0.010804321728691477,0.3639390468597412,0.05554424971342087,0.32793237485323595,0.7398194670677185,0.24845626950263977,1.9906397710767187e-11,0.01680672268907563,0.38985075393100954,-0.08083165347629628,0.7548600452611329,0.1636059489168025,0.1537085622549057,0.5499037504196167,0.4732406735420227,187.21198156682027,0.3333333333333333,-7,1.0,1.0,0.287,0.09012768719988325,0.274,0.3140337423677555,0.21428571428571427,0.18281719555608514,0.784
v224s,14,7,80.21390374331551,0.42741053089320624,1.504,0.224,0.4674626544798347,0.38461538461538464,0.764,1.504,14,7,79.7872340425532,0.1199839887784628,0.948,0.496,0.16024148443313088,0.15384615384615385,0.192,0.948,1.0338811874389648,0.9301029443740845,0.49059245541175084,0.22292988002300262,0.03319401293992996,0.0014072279445827007,0.01600640256102441,-1.1153497695922852,-0.04239653795957565,0.27228890963545876,0.9485598206520081,0.0429694764316082,1.3657416343682005e-11,0.004401760704281713,0.767247533481532,-0.13886289175810793,0.9774189630157251,0.8238409600331583,0.6496445536613464,0.7468032836914062,0.21334654092788696,0.4266697007623179,1.0,0,1.0,1.0,0.3591428571428571,0.09821467532390254,0.374,0.2734696531919022,0.8571428571428571,0.3820712582572911,0.592
a225l,19,8,106.00706713780917,0.43161790443019526,1.0,0.192,0.34968759166534047,0.6666666666666666,0.252,1.0,13,7,80.21390374331551,0.010065576822065051,0.76,0.736,0.012533591228810254,0.0,0.388,0.76,2.0709877014160156,0.02657271735370159,0.48269497511877957,0.11951971799135208,0.2718597650527954,0.006190658546984196,0.008003201280512205,-1.221693515777588,-0.0585310198366642,0.23749649382314575,0.9825173020362854,0.010460440069437027,2.279439310914899e-11,0.005202080832332933,0.5227152509707527,-0.18649385339240587,0.9964817277454459,0.9925316669312056,0.30276188254356384,0.9104881882667542,0.4456827640533447,25.79316339449366,1.4285714285714286,1,0.7894736842105263,0.8333333333333334,0.36053333333333343,0.10502943502762557,0.4,0.2913168420334425,1.0,0.26890081079172784,0.624
a226s,14,7,80.21390374331551,0.2327981250545227,0.932,0.36,0.23149082055234932,0.3076923076923077,0.468,0.932,13,7,79.7872340425532,0.15948273322509973,0.972,0.44,0.20600441301539682,0.16666666666666666,0.652,0.972,1.0160493850708008,0.5426612496376038,0.47316222960655746,0.15790213644504547,0.11547575145959854,0.0013075509341433644,0.020008003201280513,-1.0691447257995605,-0.1397387981414795,0.27405605731898935,0.9025982618331909,0.09107081592082977,5.700025954707977e-12,0.011204481792717087,0.27035806288632186,-0.5388432978421681,0.9211688801935349,0.695204035660348,0.31946492195129395,0.5617652535438538,0.38063761591911316,0.4266697007623179,1.0714285714285714,0,0.7857142857142857,0.6666666666666666,0.352,0.1031574260315492,0.348,0.2930608610822176,0.9230769230769231,0.20433900717437886,0.0
b227l,7,3,41.1522633744856,0.15563153564585147,1.64,1.104,0.2501647457176969,0.3333333333333333,0.94,1.64,8,4,43.988269794721404,0.16793195193027685,1.628,1.092,0.22129316904655377,0.0,0.236,1.628,29.939743041992188,4.904810428619385,0.6561040243256524,0.39252594113349915,0.04259681701660156,0.004336517304182053,0.08403361344537816,-0.4562087059020996,0.9152742624282837,0.26839411261778995,0.5795769095420837,0.4177757501602173,3.3284844064979113e-12,0.08283313325330131,0.9963927892864906,0.9897601391963462,0.9971906180200046,0.9950868154418764,0.2680968642234802,0.2889963686466217,0.03348721191287041,2.8360064202358046,0.8888888888888888,-1,0.8571428571428571,0.8333333333333334,0.462,0.008246211251235308,0.46,0.017848941715900197,0.875,0.48153246505270103,0.712
b228s,7,3,40.54054054054054,0.16496797959768925,1.688,1.068,0.2696071215676618,0.3333333333333333,0.836,1.688,8,4,43.35260115606937,0.17387616110271173,1.68,1.076,0.24346389191555004,0.42857142857142855,0.136,1.68,27.48375129699707,4.677412509918213,0.6452848501237407,0.3844524323940277,0.04239246994256973,0.004200763534754515,0.09043617446978791,-0.43632984161376953,0.8538925647735596,0.25395952426968027,0.5454308390617371,0.4527963399887085,3.358065778572006e-12,0.09203681472589036,0.9975824121224848,0.993138191167525,0.9935573257563576,0.9880229874100017,0.20045363903045654,0.3144714832305908,0.032120805233716965,2.8120606155288286,0.8888888888888888,-1,0.8571428571428571,0.8333333333333334,0.39466666666666667,0.12182318699200448,0.442,0.30867360786807874,0.875,0.4729479976214901,0.736
b229l,7,3,39.164490861618795,0.17467143217938236,1.64,1.04,0.25250742563338596,0.3333333333333333,0.904,1.64,8,4,40.98360655737705,0.19024337577139258,1.652,1.024,0.23397435756937116,0.42857142857142855,0.2,1.652,35.1618537902832,5.485082626342773,0.6564528608552135,0.4055638909339905,0.02909781038761139,0.0039455401711165905,0.09083633453381353,-0.5771138668060303,0.817268431186676,0.2644042974962753,0.6090312600135803,0.3886794447898865,1.987080291976362e-11,0.07883153261304522,0.9950967724037747,0.9920838496295925,0.9956035381838192,0.9859498720068953,0.14856864511966705,0.23382821679115295,0.02986733987927437,1.8191156957582564,0.8888888888888888,-1,0.8571428571428571,0.8333333333333334,0.4546666666666667,0.012995725793078611,0.452,0.0285829739895503,0.875,0.46485733771981863,0.72
v230s,9,6,89.02077151335313,0.9283602439069589,3.12,0.208,1.5296475784590757,0.75,0.252,3.12,20,10,118.11023622047244,0.020810552077507656,0.524,0.484,0.014636332266733446,0.0,0.072,0.524,1.5557103157043457,0.6605042219161987,0.5761617682445505,0.25476551055908203,0.06111731007695198,0.0020307712256908417,0.026810724289715888,0.47768425941467285,-0.4538705050945282,0.36734016132988234,0.8332768678665161,0.06925033777952194,2.0609468992516256e-12,0.005202080832332933,0.22480576968204025,-0.24396320257163157,0.9499810720060258,0.8711551045383548,0.19209496676921844,0.6710340976715088,0.24818451702594757,29.08946470711932,0.47619047619047616,-4,0.8888888888888888,0.8333333333333334,0.3495,0.14221023169941044,0.404,0.40689621639613244,0.45,0.10646185416649102,0.576
b231l,11,5,117.6470588235294,0.6446009680493814,2.02,0.5,0.923159791152106,0.4,0.32,2.02,20,10,120.0,0.015197947491721108,0.52,0.496,0.01214724477219241,0.0,0.076,0.52,10.666099548339844,-0.5157446265220642,0.6106412021995427,0.31785428524017334,0.08143896609544754,0.0026571962516754866,0.04241696678671469,-0.7789762020111084,0.7311592698097229,0.2912265999138529,0.9192155003547668,0.012637272477149963,4.160761362184684e-13,0.021208483393357343,0.8445680367402846,-0.1869882206553542,0.9822463630035662,0.9503206295710444,0.2204185575246811,0.8893818259239197,0.1097751334309578,2.352941176470594,0.5714285714285714,-5,1.0,1.0,0.11636363636363639,0.01390403948676739,0.12,0.11948782907092192,0.75,0.4971460761508365,0.76
v232s,4,4,122.95081967213115,0.4369981623803646,0.904,0.312,0.5116248625702235,0.6666666666666666,0.868,7.428,15,7,107.14285714285714,0.4941923882060741,1.692,0.368,0.5043661673518861,0.5,0.436,1.692,12.50411605834961,-1.4173249006271362,0.46189144550660205,0.07778046280145645,0.07990048080682755,0.0002742077340371907,0.06442577030812324,0.4256398677825928,0.19302432239055634,0.32823532427680235,0.8552329540252686,0.11464116722345352,1.7307910313291153e-11,0.024009603841536616,0.3989822012577172,-0.7961401277918251,0.6050451943084753,0.16881604097344463,0.29968318343162537,0.18401923775672913,0.14535550773143768,15.807962529274008,0.3125,-3,0.75,0.75,0.3733333333333333,0.16189983185771242,0.288,0.43366025228868726,0.26666666666666666,0.08410716751136096,0.0
v233l,10,5,65.21739130434783,0.3903607098124846,1.744,0.436,0.5190337175945315,0.5555555555555556,0.432,1.744,16,8,94.9367088607595,0.15349235772078965,0.824,0.5,0.174198573062878,0.13333333333333333,0.14,0.824,2.516817092895508,-0.3504955470561981,0.4841006329462364,0.11395353078842163,0.10862034559249878,0.00035722501343116164,0.054821928771508606,-0.7168276309967041,-0.5034323930740356,0.3109341022504004,0.8783403038978577,0.1132940798997879,1.6421010384792822e-11,0.006002400960384154,0.12806819366387245,-0.8101801073840385,0.9142881859581732,0.7128310675456516,0.12404192984104156,0.656853437423706,0.11719607561826706,29.719317556411667,0.6470588235294118,-3,0.9,0.8333333333333334,0.3537777777777778,0.14757429599868052,0.372,0.4171383877027857,0.75,0.14534333143181402,0.648
t234s,23,13,145.63106796116506,0.1980444551743559,0.624,0.32,0.0662347916056782,0.45454545454545453,0.38,0.624,22,13,140.18691588785046,0.20698458834639097,0.652,0.312,0.10297572529484803,0.47619047619047616,0.216,0.652,2.225599765777588,-1.6110236644744873,0.5435437696641989,0.3255630433559418,0.002871463540941477,0.0011244986671954393,0.01840736294517807,-0.3134124279022217,0.7631782293319702,0.38512197345376015,0.8744689226150513,0.051200494170188904,1.0796685594172128e-11,0.014005602240896359,0.9626745079594903,0.918099363535334,0.7800388299610408,0.39317301537696253,0.354114830493927,0.4497731029987335,0.05347630754113197,5.444152073314598,1.0434782608695652,0,0.9565217391304348,0.8333333333333334,0.33018181818181813,0.16018955713427774,0.44,0.48515558235405876,0.9545454545454546,0.6694495995602683,0.584
t235l,21,13,158.73015873015873,0.29320537716716755,0.68,0.36,0.05773988861127207,0.3,0.388,0.68,20,13,159.5744680851064,0.31411661477697644,0.772,0.352,0.10414946524640017,0.42105263157894735,0.168,0.772,2.545224666595459,-1.7869683504104614,0.5205304407678253,0.36240530014038086,0.0009447273332625628,0.0007838711026124656,0.058823529411764705,-0.5620999336242676,0.6825634241104126,0.31873153748128485,0.9476909637451172,0.011346427723765373,1.1152015942650362e-11,0.01680672268907563,0.9780983858515055,0.9429706459681731,0.7829521467643885,0.5854669911561737,0.5870972275733948,0.7298288345336914,0.033633120357990265,0.8443093549476544,1.0476190476190477,0,1.0,1.0,0.3161904761904762,0.1681426885678377,0.388,0.5317765584716136,0.95,0.5968020517266368,0.616
t238s,24,14,159.5744680851064,0.29791178329197643,0.752,0.328,0.12391492682848619,0.17391304347826086,0.288,0.752,22,13,161.29032258064515,0.30050850440969995,0.756,0.32,0.11863557645158554,0.19047619047619047,0.384,0.756,5.005960464477539,2.059115409851074,0.6744391455796802,0.5866907238960266,0.004481032025068998,0.01094074361026287,0.020808323329331732,-0.646719217300415,0.36868172883987427,0.3688812033062057,0.8767910003662109,0.07599437981843948,1.3744087465350496e-11,0.015606242496998799,0.9334238349332336,0.8547756882545431,0.7676020757134914,0.39837271091955484,0.2852438986301422,0.4504011571407318,0.12530049681663513,1.715854495538764,1.0869565217391304,1,0.9166666666666666,0.6666666666666666,0.2925454545454545,0.1766446683117699,0.252,0.6038195416436667,1.0,0.588640103098078,0.624
a239l,15,8,86.20689655172414,0.06153851805721309,0.732,0.604,0.06951258878793105,0.0,0.12,0.732,15,8,89.28571428571428,0.07785917050202791,0.772,0.576,0.09230051254128883,0.0,0.144,0.772,7.824092864990234,2.501004934310913,0.682392395033308,0.4597885310649872,0.011509496718645096,0.007816859520971775,0.010004001600640256,-0.9808552265167236,-0.2884947955608368,0.2828626221926626,0.884136974811554,0.1076015755534172,6.429069082658501e-12,0.02921168467386955,0.9874792236133044,0.9652266700255261,0.9202543554971049,0.8484706290175805,0.35160794854164124,0.7046464681625366,0.06546378880739212,3.0788177339901353,1.0,0,0.9333333333333333,0.8333333333333334,0.49028571428571427,0.015617886135675945,0.494,0.03185466221442461,1.0,0.37129833792259204,0.712
t240s,22,12,151.5151515151515,0.26815183413684224,0.728,0.3,0.10730517228913058,0.42857142857142855,0.392,0.728,22,13,153.0612244897959,0.2440216668498756,0.588,0.304,0.06021295541658789,0.42857142857142855,0.52,0.588,7.958925247192383,2.5181267261505127,0.6819825905230291,0.6274626851081848,0.00314755248837173,0.009010586887598038,0.01840736294517807,-0.9423980712890625,0.41400080919265747,0.35841688079756234,0.9524993300437927,0.012233547866344452,2.004540977651459e-11,0.011204481792717087,0.9546049361932119,0.8335822478358601,0.7972303569793372,0.5127782253514676,0.3109598159790039,0.5494942665100098,0.10386784374713898,1.546072974644403,1.0,-1,0.9545454545454546,0.8333333333333334,0.32609523809523805,0.1753695159375808,0.46,0.5377861743215684,0.9545454545454546,0.6661422139728437,0.616
v241l,1,0,0.0,0.0,10.0,10.0,0.0,1.0,9.916,9.916,11,5,61.855670103092784,0.07001162814527002,1.12,0.82,0.12502799686470234,0.0,0.22,1.12,7.429553031921387,0.8350716829299927,0.49106954382463996,0.11270283907651901,0.12121444940567017,0.0008132009534165263,0.03281312525010004,-1.1339216232299805,0.007326724473387003,0.26725840674442014,0.8965256810188293,0.09873171895742416,3.2483445187164728e-12,0.004801920768307323,0.0,0.0,0.9959929440559859,0.9882307145118193,0.16574889421463013,0.800507664680481,0.0,61.855670103092784,0.16666666666666666,-5,0.0,0.0,-1.0,-1.0,-1.0,-1.0,0.0,0.07497991277240569,0.0
v242s,7,3,92.59259259259261,0.6208606156924709,1.844,0.384,0.7524296644869871,1.0,1.996,2.708,14,7,79.7872340425532,0.1949019106167418,0.996,0.492,0.20619731650371526,0.3076923076923077,0.452,0.996,6.73924446105957,0.515659749507904,0.5399201491160861,0.194442018866539,0.02434414252638817,0.0022375991102308035,0.009203681472589036,-0.194671630859375,0.5585721731185913,0.3199857635624136,0.8972350358963013,0.08440586924552917,3.32221611332173e-11,0.022809123649459785,0.35220706486340375,-0.6075880791945014,0.8399213105500072,0.4726187521561713,0.13271279633045197,0.26728513836860657,0.35783156752586365,12.805358550039415,0.5333333333333333,-4,0.8571428571428571,0.8333333333333334,0.43799999999999994,0.10335053620244712,0.458,0.23596012292887195,0.5,0.1403468772244013,0.696
v243l,3,1,31.948881789137378,0.9126730515832107,3.592,0.164,3.428,1.0,2.884,3.592,13,6,80.0,0.2818513616387684,1.164,0.404,0.3133235330511201,0.4166666666666667,0.568,1.164,5.9228668212890625,1.0882048606872559,0.5872550190842342,0.17973721027374268,0.06689005345106125,0.01620316132903099,0.01640656262505002,-0.2212972640991211,-0.3493300974369049,0.30773878284096606,0.6499927639961243,0.34208112955093384,7.601893073361232e-12,0.022008803521408563,0.5948038056933239,0.47082389034718564,0.7078704195303779,0.11563214449650978,0.11637907475233078,0.277067631483078,0.22886526584625244,48.051118210862626,0.2857142857142857,-5,0.6666666666666666,0.6666666666666666,0.41600000000000004,0.05200000000000002,0.41600000000000004,0.12499999699519242,0.15384615384615385,0.11826241584370334,0.792
v244s,2,2,108.69565217391303,0.0,0.552,0.552,0.0,0.0,4.252,5.196,12,6,73.17073170731707,0.03836232163779958,0.872,0.764,0.04033856715353185,0.0,0.568,0.872,42.459938049316406,3.8395562171936035,0.5999496783645882,0.29940465092658997,0.10838741809129715,0.004663271829485893,0.010004001600640256,-1.1134663820266724,-0.11637021601200104,0.285521474930327,0.9566695094108582,0.02946816012263298,2.6130951569225402e-11,0.017607042817126852,0.0,0.0,0.9879171879735099,0.9701369055708788,0.05118308961391449,0.8398602604866028,0.5841180086135864,35.52492046659596,0.23076923076923078,-4,0.5,0.5,0.256,-1.0,0.256,-1.0,0.16666666666666666,0.1181441167704304,0.432
v245l,1,1,0.0,0.0,10.0,10.0,0.0,1.0,0.32,9.68,12,6,68.18181818181819,0.07595263771873838,0.98,0.772,0.04788319120526533,0.0,0.22,0.98,412.7725830078125,-16.373489379882812,0.10595173802001981,1.3186054559355398e-07,0.7921867966651917,1.1991216179729758e-11,0.7523009203681472,-0.9415183067321777,-0.07376477122306824,0.31991145480790245,0.9396376013755798,0.03647196665406227,1.1511791520035786e-11,0.01600640256102441,0.0,0.0,0.9925781644574148,0.9827027771655072,0.041652798652648926,0.6705408692359924,0.0,68.18181818181819,0.15384615384615385,-5,0.0,0.0,-1.0,-1.0,-1.0,-1.0,0.0,0.1026700250046985,0.104
v246s,9,4,54.347826086956516,0.026372083033731536,1.164,1.08,0.02067434573157202,0.0,0.916,1.164,9,4,54.24954792043399,0.028788812687264423,1.16,1.064,0.040539222629800975,0.0,0.692,1.16,30.419269561767578,5.206203937530518,0.6814621070005382,0.4703426659107208,0.021458692848682404,0.007280487101525068,0.010804321728691477,-0.9536604881286621,0.0027081756852567196,0.21939039992726864,0.714388906955719,0.2763421833515167,2.321126364029924e-12,0.007202881152460984,0.9898674540738965,0.9747499303628198,0.9968259210321505,0.9936683769730384,0.4224908649921417,0.8694274425506592,0.025938209146261215,0.09827816652252608,1.0,0,0.0,0.0,-1.0,-1.0,-1.0,-1.0,1.0,0.4055146372920804,0.272
v247l,13,7,73.34963325183375,0.44670730829253597,1.636,0.3,0.47156836966947563,0.4166666666666667,0.248,1.636,12,6,73.52941176470588,0.032739446476168825,0.868,0.788,0.04394542069431123,0.0,0.44,0.868,6.660772323608398,0.1576979011297226,0.6492759112434517,0.3985586166381836,0.01296787615865469,0.008633251301944256,0.013605442176870748,-1.0884751081466675,-0.25831249356269836,0.230338792735247,0.9361997842788696,0.06120288372039795,2.999687651050742e-11,0.011604641856742696,0.5554160391745321,-0.697356236041277,0.9897690327785985,0.9632073965490509,0.17352019250392914,0.8362990021705627,0.21502602100372314,0.17977851287213298,1.0769230769230769,1,0.7692307692307693,0.6666666666666666,0.27959999999999996,0.03396233207540377,0.288,0.1214675638795713,0.8333333333333334,0.28081941156639384,0.568
v248s,13,7,80.4289544235925,0.025082436882980428,0.78,0.72,0.03514127332509585,0.0,0.5,0.78,13,7,90.9090909090909,0.23227636106531663,0.884,0.372,0.20466558088745648,0.4166666666666667,0.692,1.432,4.839877605438232,0.12656870484352112,0.6753666838233267,0.6070553660392761,0.005060454364866018,0.006706120911985636,0.003601440576230492,1.750744342803955,-0.8789594769477844,0.3155804939732808,0.6986813545227051,0.27227577567100525,7.786098155104781e-12,0.024009603841536616,0.46962438362892656,-0.1658878126036055,0.4645800891952776,-0.34681077808746436,0.4734731912612915,0.42819100618362427,0.19470545649528503,10.480136485498406,1.0,0,0.7692307692307693,0.8333333333333334,0.2512,0.07969542019463853,0.288,0.31725882572472247,1.0,0.2617826715745818,0.576
t249l,24,11,161.29032258064515,0.23413597266878233,0.668,0.328,0.1399766214246313,0.2608695652173913,0.36,0.668,15,7,84.98583569405099,0.31311557621885,1.084,0.38,0.3613376856583369,0.5714285714285714,0.068,1.084,9.011432647705078,2.1308557987213135,0.720135914608544,0.475646048784256,0.027977291494607925,0.027952244505286217,0.013205282112845138,-0.2447493076324463,0.05461738258600235,0.3453051773277533,0.7959781289100647,0.19297601282596588,1.2393981674296839e-11,0.011204481792717087,0.9333651855721111,0.6517637149783108,0.7456745241258436,0.25013943348213175,0.11343205720186234,0.12564370036125183,0.09455913305282593,76.30448688659416,1.5625,4,0.75,0.6666666666666666,0.3655555555555556,0.14107611114502155,0.406,0.38592248193682993,1.0,0.1058115371570128,0.616
v250s,19,10,110.7011070110701,0.2642375320398908,0.752,0.216,0.201791972090071,0.3888888888888889,0.312,0.752,15,7,95.23809523809524,0.221834882085693,1.012,0.42,0.25081283245296065,0.2857142857142857,0.18,1.012,4.029681205749512,-0.033904921263456345,0.5240388709309456,0.15285024046897888,0.03547733277082443,0.0017576285172253847,0.026010404161664665,-0.13179564476013184,-0.16898931562900543,0.3549865833144527,0.8422772288322449,0.13353802263736725,1.3253563177495487e-11,0.008803521408563426,0.4532445959301941,-0.43652875245217215,0.8750959260642714,0.4354550415925667,0.15268579125404358,0.3621731102466583,0.37355712056159973,15.463011772974866,1.25,3,0.6842105263157895,0.6666666666666666,0.4326153846153847,0.1579082199163798,0.516,0.36500832351739954,1.0,0.20424383376476934,0.192
t251l,25,13,160.42780748663102,0.21921376768205558,0.656,0.272,0.11297094663057711,0.375,0.044,0.656,18,9,123.96694214876034,0.3601142708029009,1.044,0.368,0.27159896907020836,0.4117647058823529,0.064,1.044,11.674569129943848,3.3889167308807373,0.7176467109701495,0.47915852069854736,0.005426839925348759,0.021156614646315575,0.01920768307322929,-0.6332418918609619,-0.04547383636236191,0.3344472268026578,0.8282251358032227,0.15930193662643433,1.0847225027921237e-11,0.005202080832332933,0.9662020833092921,0.8989834376437673,0.6500503979042509,-0.028772237237495907,0.14696410298347473,0.41008803248405457,0.07231713831424713,36.460865337870686,1.368421052631579,4,0.76,0.8333333333333334,0.3103157894736842,0.13525689111020475,0.304,0.43586852921961833,0.9444444444444444,0.07923552781575927,0.448
t252s,25,12,157.89473684210526,0.15548425827807602,0.548,0.3,0.08242414167241767,0.25,0.42,0.548,19,11,138.24884792626727,0.3223630055391125,0.82,0.36,0.21709092700579474,0.3333333333333333,0.076,0.82,10.350165367126465,3.047682285308838,0.7088802543487666,0.4925600290298462,0.022389177232980728,0.024780061095952988,0.01840736294517807,-0.29908275604248047,-0.05527416989207268,0.3536427742595421,0.8062171339988708,0.1794223040342331,1.2368284348085457e-11,0.007603041216486595,0.9541337305711858,0.8637830697050235,0.6868541536699196,0.25662281596984055,0.2622373402118683,0.2767545282840729,0.11712702363729477,19.645888915837986,1.3,1,0.8,0.8333333333333334,0.3128,0.11548575669752525,0.312,0.3691999776391479,1.0,0.15347103496086048,0.576
v253l,19,9,112.78195488721803,0.26160308785517206,0.948,0.348,0.1813725447800741,0.3333333333333333,0.392,0.948,19,9,113.20754716981132,0.34699880554446794,1.084,0.356,0.24683597792866419,0.4444444444444444,0.132,1.084,5.535666465759277,-0.9732457995414734,0.434380535740918,0.22659073770046234,0.014985607005655766,0.0009689780999906361,0.024409763905562223,-0.7137250900268555,0.1325743943452835,0.34038722244622144,0.8625619411468506,0.12270007282495499,1.582060524252249e-11,0.009603841536614645,0.4985090232907295,-0.6934542682914686,0.760985636402325,0.028197753024925314,0.5867375731468201,0.5259057879447937,0.26729726791381836,0.42559228259328563,1.0,0,0.6842105263157895,0.5,0.29292307692307695,0.2034904879797207,0.228,0.6946891421814024,0.8947368421052632,0.33958784712987905,0.248
v254s,19,8,108.30324909747291,0.4024795281308868,1.132,0.2,0.28504695175686817,0.3888888888888889,0.028,1.132,18,9,107.91366906474819,0.3071001906657014,1.016,0.312,0.24821563206212457,0.4117647058823529,0.368,1.016,6.38752555847168,1.13294517993927,0.5437103896988877,0.2799531817436218,0.045617762953042984,0.0013713464140892029,0.03681472589035614,-0.04893088340759277,0.2353133112192154,0.345635194988002,0.873685359954834,0.11227650940418243,1.4661881084232498e-11,0.027210884353741496,0.8961055666054561,0.5483148185855988,0.7000232070835293,-0.2946344403874025,0.27081385254859924,0.2985800802707672,0.3163328766822815,0.38958003272472297,1.0526315789473684,-1,0.8947368421052632,0.8333333333333334,0.3955294117647059,0.17927373668320704,0.476,0.45325006641314813,0.9444444444444444,0.24375120505904613,0.712
v255l,21,10,117.6470588235294,0.23934191164282473,0.888,0.344,0.1561807320146489,0.35,0.052,0.888,20,10,119.04761904761905,0.23561952493562177,0.872,0.348,0.15232421562793838,0.3157894736842105,0.18,0.872,5.363239288330078,2.126293897628784,0.5233137429460456,0.32585954666137695,0.0033461693674325943,0.001677459105849266,0.015606242496998799,-0.5581521987915039,0.2909424602985382,0.3629659772474792,0.8817796111106873,0.08553260564804077,1.4455157557047293e-11,0.006402561024409764,0.9221357138084194,0.8570686663370566,0.8083140615268704,0.1484037552001227,0.29167813062667847,0.37496450543403625,0.2781209349632263,1.400560224089645,1.0476190476190477,0,0.9047619047619048,0.6666666666666666,0.21557894736842106,0.1432724000267263,0.156,0.6645936216394072,0.95,0.2779150007085984,0.792
v256s,15,8,86.70520231213874,0.09862208588145974,0.88,0.52,0.1233681170630901,0.14285714285714285,0.08,0.88,15,7,86.95652173913044,0.08131156164218048,0.836,0.544,0.09869923232497026,0.14285714285714285,0.24,0.836,15.603145599365234,3.701349973678589,0.6476572306898508,0.563900351524353,0.00602202070876956,0.009859830141067505,0.021208483393357343,-0.8897366523742676,0.13995936512947083,0.3231196423711246,0.9470659494400024,0.017420297488570213,3.3244088905315383e-12,0.02040816326530612,0.9931090891764658,0.9565097533346689,0.9917178071234939,0.965252331892045,0.7198772430419922,0.7320985198020935,0.039346884936094284,0.2513194269916994,1.0,1,0.9333333333333333,0.8333333333333334,0.39542857142857146,0.060885975731824526,0.394,0.15397464571696043,0.9333333333333333,0.4228114196040581,0.552
v257l,12,6,72.11538461538461,0.22181428464070232,1.112,0.504,0.3308050785583559,0.36363636363636365,0.372,1.112,13,7,72.28915662650603,0.2559656959630625,1.064,0.3,0.26061744865886194,0.3333333333333333,0.756,1.064,16.81915283203125,3.6934633255004883,0.6634252949009313,0.46024978160858154,0.02267306111752987,0.007352354004979134,0.03041216486594638,-0.7479207515716553,0.005216559860855341,0.35707320063901693,0.8711649775505066,0.10162435472011566,2.142143233629934e-11,0.01520608243297319,0.9791977079553161,0.9094488534992515,0.867233286409741,0.061911781324180334,0.40031617879867554,0.49878963828086853,0.060734350234270096,0.1737720111214145,0.9285714285714286,-1,0.8333333333333334,0.8333333333333334,0.33599999999999997,0.1290581264392134,0.27,0.38410155535177937,0.9230769230769231,0.30937711351337854,0.416
v259l,22,11,129.3103448275862,0.004200180727626065,0.464,0.46,0.0034641016151377583,0.0,0.092,0.464,7,2,117.6470588235294,1.378354535304167,5.06,0.408,2.900117514860389,0.3333333333333333,2.444,5.06,0.22580313682556152,0.6579788327217102,0.4685708121834152,0.3412502110004425,0.008303605020046234,0.0011655095731839538,0.003601440576230492,36.59274673461914,-4.7353105545043945,0.44211805564473344,0.6455729007720947,0.18094861507415771,1.1578994707495127e-11,0.335734293717487,0.9926515807450981,0.9753985666940963,0.37999219473612883,-0.14573270786079479,0.9059139490127563,0.06395945698022842,0.05428437888622284,11.663286004056786,2.875,9,0.22727272727272727,0.0,0.28080000000000005,0.16094520806783902,0.256,0.5731666749863684,0.8571428571428571,0.10573204951863908,0.416
f260s,12,9,100.0,0.41082957284063004,1.236,0.252,0.3411111255881285,0.45454545454545453,0.204,2.572,4,3,29.239766081871345,0.6655586240297532,5.772,1.168,2.703687851805382,0.6666666666666666,0.048,5.772,3.9893107414245605,0.9182532429695129,0.47493201966557375,0.0979931429028511,0.17874491214752197,0.0015944547485560179,0.021208483393357343,11.007772445678711,-1.8719748258590698,0.1667727983642036,0.11477386951446533,0.8852201700210571,2.5924894175854973e-11,0.4057623049219688,0.507863472705355,-0.47198217938234527,0.9154972689734006,0.9052797381258646,0.13239479064941406,0.160328671336174,0.38481026887893677,70.76023391812865,2.6,6,0.25,0.5,0.26399999999999996,0.10476640682967035,0.292,0.39684243508047734,0.75,0.0959796884745813,0.736
f261l,13,7,77.51937984496124,0.17339838160846438,0.988,0.5,0.22686800327302856,0.25,0.324,0.988,14,7,81.08108108108108,0.23121347819443,0.872,0.372,0.24819078682873516,0.3076923076923077,0.48,0.872,5.561908721923828,1.3848471641540527,0.5402822619712582,0.22360315918922424,0.032296180725097656,0.00030172185506671667,0.03321328531412565,-0.23644399642944336,0.10520601272583008,0.3403044709797927,0.7888063192367554,0.19544827938079834,1.202965504987219e-11,0.029611844737895156,0.6010797002994402,-0.5585899866510762,0.7109343991917302,-0.3373959833319633,0.20265498757362366,0.5083956122398376,0.32756689190864563,3.561701236119845,0.9333333333333333,0,0.6923076923076923,0.6666666666666666,0.424,0.08264515849232926,0.456,0.19491782203573357,0.8571428571428571,0.26363277778018024,0.624
v262s,18,10,108.69565217391303,0.2689892077368209,0.796,0.384,0.21441548451546127,0.6470588235294118,0.044,0.796,16,8,101.35135135135135,0.3400740498271287,1.248,0.344,0.24685218248984553,0.4666666666666667,0.348,1.248,5.057662010192871,1.5255193710327148,0.597416263272946,0.2582721710205078,0.08990071713924408,0.004035803023725748,0.01640656262505002,-0.7449769973754883,0.03131522238254547,0.33417171082214164,0.7034159302711487,0.2782774567604065,1.1563057802921328e-11,0.018807523009203683,0.8716595747842744,0.3175307678759808,0.6639185595569036,-0.5291392079575625,0.15585431456565857,0.12768055498600006,0.15383316576480865,7.344300822561678,1.1176470588235294,2,0.8333333333333334,0.6666666666666666,0.39200000000000007,0.13592154599866302,0.408,0.3467386289063181,0.9375,0.10866053234469104,0.736
t263l,24,12,148.5148514851485,0.1413621877426975,0.596,0.34,0.07015826265082266,0.21739130434782608,0.072,0.596,13,5,75.37688442211055,0.45771429226186955,1.74,0.34,0.5680614563423734,0.5833333333333334,0.268,1.74,5.708930969238281,2.1584744453430176,0.6430655984394332,0.35980114340782166,0.0644424632191658,0.002101622987538576,0.01520608243297319,0.6091108322143555,0.03230779618024826,0.3398406588925144,0.7305722236633301,0.22805359959602356,1.644994730709559e-11,0.03201280512204882,0.8796373711682137,0.6247443898080727,0.4825998195271545,-0.34389781839100547,0.1585238128900528,0.17648175358772278,0.1644182950258255,73.13796706303796,1.7857142857142858,7,0.5416666666666666,0.5,0.36923076923076914,0.11048853323459118,0.372,0.29923976940594077,0.9230769230769231,0.10761250349326645,0.2
t264s,22,13,150.0,0.2723755307643346,0.596,0.284,0.04235091498421256,0.6190476190476191,0.4,0.596,21,12,105.26315789473685,0.25218414370669406,0.628,0.304,0.09994946091321405,0.4,0.216,0.628,7.2418365478515625,2.3912713527679443,0.654600706018864,0.5907296538352966,0.010009659454226494,0.009155400097370148,0.012805122048819529,-0.9580609798431396,0.25589367747306824,0.2782510110056462,0.9417283535003662,0.042051106691360474,1.9943829573931815e-11,0.012004801920768308,0.9370196256237817,0.829385872416659,0.5961688507643034,-0.4071585824056248,0.3787972033023834,0.6672537326812744,0.12704135477542877,44.73684210526315,1.0454545454545454,1,0.9545454545454546,0.8333333333333334,0.3234285714285714,0.14132588865003146,0.412,0.43696165634403905,0.9523809523809523,0.44262881654814623,0.584
b265l,5,2,32.715376226826606,0.22216352927164204,2.852,1.736,0.6482057286592479,0.25,0.96,2.852,7,4,36.05769230769231,0.14508614388305086,1.888,1.264,0.2961837267643176,0.16666666666666666,0.3,1.888,32.28714370727539,4.969640731811523,0.6272324845294052,0.39840641617774963,0.05711944401264191,0.003966411110013723,0.08683473389355742,1.5646367073059082,1.3417788743972778,0.3096001752501516,0.5906623005867004,0.3992910385131836,1.8221287326203317e-11,0.1172468987595038,0.9968883123307286,0.992500648337259,0.9195355394901,0.6313701928389973,0.24327851831912994,0.0984475165605545,0.02374168485403061,3.3423160808657,0.75,-2,0.8,0.8,0.44,0.10403845442911962,0.496,0.2364510274195667,0.7142857142857143,0.5023289610147915,0.672
a266s,6,0,141.50943396226415,0.6264443626949838,1.208,0.272,0.4410442154705127,0.8,6.24,6.24,14,7,87.71929824561403,0.23955669911600688,0.916,0.44,0.22113344387495978,0.6153846153846154,0.432,0.916,4.254147052764893,1.7714214324951172,0.5645475182969153,0.19390249252319336,0.16771580278873444,0.011160869151353836,0.0744297719087635,4.364271640777588,1.0808037519454956,0.3508473128575423,0.8886076807975769,0.0826200470328331,1.8396442355572695e-11,0.03081232492997199,0.6146141818569648,-0.11667961628830716,0.7345023747754235,0.2906784001658978,0.12964816391468048,0.2790816128253937,0.12638859450817108,53.79013571665013,0.4666666666666667,-7,0.5,0.5,0.252,0.11919731540601071,0.18,0.4730052010950742,0.35714285714285715,0.09774140137032906,0.352
a267l,2,0,170.45454545454547,0.0,0.352,0.352,0.0,0.0,7.552,7.552,10,6,61.47540983606557,0.10393831158242194,1.136,0.804,0.13685759021698432,0.0,0.312,1.136,7.662161827087402,1.5085265636444092,0.5500938532867629,0.1411181539297104,0.11208095401525497,0.007679503411054611,0.03681472589035614,-0.7122135162353516,0.6803421974182129,0.272730852306116,0.8280001878738403,0.16667106747627258,5.7513546876386545e-12,0.037615046018407365,0.0,0.0,0.9942751419285211,0.9858453697335108,0.19381128251552582,0.6187278628349304,0.037944041192531586,108.97913561847989,0.2727272727272727,-6,0.5,0.5,0.288,-1.0,0.288,-1.0,0.1,0.1315138853950884,0.792
b269l,6,3,28.409090909090907,0.4769123596163023,3.22,0.74,1.1940234503559803,0.6,0.06,3.22,10,3,85.22727272727273,0.2832092308642562,0.956,0.36,0.32589875728514217,0.4444444444444444,3.372,3.372,37.675113677978516,5.648922443389893,0.6284834667186775,0.40661904215812683,0.07268641889095306,0.0007494434830732644,0.03441376550620248,1.4057798385620117,0.23321326076984406,0.29168162556557325,0.6749857664108276,0.29169824719429016,5.684169281094942e-12,0.17486994797919167,0.9726844895334634,0.8963150356157388,0.5889386957200481,0.09068868665018705,0.1634524017572403,0.2511831223964691,0.14505168795585632,56.81818181818183,0.6363636363636364,0,0.3333333333333333,0.3333333333333333,0.434,0.04199999999999998,0.434,0.09677419131856697,0.5,0.054998664706889654,0.168
t270s,21,13,151.5151515151515,0.35122541846074146,0.876,0.332,0.2021109648318546,0.3,0.132,0.876,17,12,138.88888888888889,0.681560256236875,2.016,0.324,0.5431601359942879,0.625,0.312,2.016,2.5714144706726074,0.8877082467079163,0.6294975373887972,0.6197904944419861,0.05241924524307251,0.0003614176530390978,0.017607042817126852,6.743340492248535,-0.03373343124985695,0.34876060960206795,0.6990117430686951,0.2792806029319763,3.507850607209484e-11,0.07563025210084033,0.8633651307361001,-0.2630733772583112,0.5830261520597507,0.14334788313214014,0.21354235708713531,0.10116975754499435,0.10839366167783737,12.626262626262616,1.2222222222222223,1,0.8571428571428571,0.8333333333333334,0.3453333333333333,0.18095548869511777,0.41000000000000003,0.524002365217454,0.9411764705882353,0.19391749293522367,0.648
v271l,17,9,101.35135135135135,0.10253414806063443,0.656,0.364,0.09615542973054962,0.0625,0.236,0.656,15,7,99.66777408637874,0.345351672554723,1.204,0.4,0.4067507269153355,0.5,0.176,1.204,17.93700408935547,3.9566524028778076,0.6945845733168377,0.48759961128234863,0.010660018771886826,0.010934271849691868,0.01600640256102441,0.16957736015319824,-0.2806941568851471,0.34307271376601756,0.8653917908668518,0.11250100284814835,1.855176949561166e-11,0.01640656262505002,0.9794004420967287,0.8864047495046905,0.6689351258954801,0.11260404795480711,0.474866658449173,0.11905823647975922,0.1129663810133934,1.6835772649726124,1.125,2,0.8235294117647058,0.6666666666666666,0.3668571428571429,0.13060237207584224,0.426,0.3560033409698839,0.9333333333333333,0.16199195140167216,0.608
a272s,16,8,93.16770186335404,0.03998334674723067,0.684,0.588,0.01492840054584359,0.0,0.304,0.684,17,8,118.57707509881423,0.33860162665928345,1.028,0.332,0.2306998049414,0.625,1.012,1.028,14.061765670776367,3.30643630027771,0.7194690477806934,0.46221211552619934,0.005750804673880339,0.031733714044094086,0.004801920768307323,1.6391100883483887,0.8550101518630981,0.34910270055518605,0.8640478849411011,0.11402564495801926,1.802455927568669e-11,0.029611844737895156,0.9567945117111077,0.8832184127522885,0.5149187494889906,-0.2058291864344291,0.3678663671016693,0.12167219072580338,0.097646065056324,25.409373235460194,0.9444444444444444,0,0.8125,0.6666666666666666,0.31753846153846155,0.14038661747782052,0.336,0.4421090042968741,1.0,0.2370145470764497,0.64
a273l,20,10,116.27906976744185,0.008515747395319377,0.524,0.508,0.005333333333333339,0.0,0.06,0.524,18,7,120.96774193548387,0.250599409769551,0.916,0.312,0.1669460990859026,0.17647058823529413,0.92,0.92,12.416895866394043,3.2748656272888184,0.6555566873937544,0.4701360762119293,0.006489685736596584,0.019789595156908035,0.008803521408563426,0.012935161590576172,-0.1460476964712143,0.3443210750625318,0.7901579737663269,0.190000981092453,1.937983454269876e-11,0.01520608243297319,0.9784630754375022,0.9541170125889584,0.606376078957204,0.06504000616348389,0.8402434587478638,0.2608763575553894,0.06616893410682678,4.688672168042018,1.105263157894737,3,0.8,0.5,0.49225,0.10794877257291999,0.55,0.2192966386591236,0.9444444444444444,0.2758163074247442,0.704
v274s,18,9,107.14285714285714,0.011932532299557262,0.58,0.556,0.005916079783099593,0.0,0.04,0.58,17,9,106.38297872340426,0.01993569874959268,0.584,0.536,0.020053262411222045,0.0,0.456,0.584,12.748412132263184,3.163665533065796,0.6989661904229647,0.4442834258079529,0.023617969825863838,0.038673415780067444,0.0056022408963585435,-1.180337905883789,0.30653053522109985,0.2465302385404025,0.9732558727264404,0.018625225871801376,2.3153900671757377e-11,0.003201280512204882,0.9386091863071586,0.8756743342227951,0.9869317141216167,0.9357014727370943,0.6304702162742615,0.8709291815757751,0.09189577400684357,0.7598784194528747,1.0555555555555556,0,0.8888888888888888,0.6666666666666666,0.55325,0.007709571972554607,0.552,0.013935059797928619,1.0,0.561304657128005,0.168
v275l,12,8,106.38297872340426,0.5890320472759147,1.976,0.552,0.6266992899309843,0.2727272727272727,0.228,1.976,17,8,105.26315789473685,0.18007967945253842,0.956,0.472,0.18063591374179536,0.0625,0.544,0.956,8.78055191040039,2.3113253116607666,0.677030907759282,0.31372612714767456,0.009123126044869423,0.018580706790089607,0.01840736294517807,-0.7261865139007568,-0.0014783571241423488,0.30866378612276457,0.8365994095802307,0.1554832011461258,1.9373395249155934e-11,0.006802721088435374,0.9496101377646095,0.7841144701840951,0.9109531002476787,0.5505914902360458,0.28312310576438904,0.4939396381378174,0.1146497130393982,1.1198208286674145,0.7222222222222222,0,0.8333333333333334,0.6666666666666666,0.5419999999999999,0.11878383728437131,0.578,0.2191583673298665,0.7058823529411765,0.3179936260952318,0.216
a278s,14,7,83.79888268156425,0.10364216056063294,0.88,0.512,0.12778627991037744,0.15384615384615385,0.224,0.88,14,7,85.22727272727273,0.1362961321051957,0.952,0.476,0.1632993161855452,0.15384615384615385,0.4,0.952,14.23099136352539,3.4075686931610107,0.6601521865351266,0.5230684876441956,0.019876673817634583,0.006360742263495922,0.022008803521408563,-0.8293352127075195,-0.003354864427819848,0.2984753877664603,0.94476318359375,0.03546760231256485,1.0076533357716855e-11,0.017607042817126852,0.9798708912831018,0.8490389141146845,0.9409332805267702,0.8039066552917294,0.5250080227851868,0.7055613994598389,0.040068816393613815,1.4283900457084826,1.0,0,0.9285714285714286,0.8333333333333334,0.38523076923076915,0.07357900395143445,0.372,0.19099980561874466,0.9285714285714286,0.3579916207325508,0.576
v280s,17,10,110.7011070110701,0.42600712875643254,0.948,0.196,0.31855004839637574,0.8125,0.236,0.948,15,9,86.70520231213874,0.3281791158001932,0.872,0.316,0.27732347122504375,0.6428571428571429,0.112,0.872,0.24702835083007812,0.9438217878341675,0.5215278408413851,0.2000769078731537,0.030206376686692238,0.0007662706775590777,0.027611044417767107,-0.1111454963684082,0.36308830976486206,0.33678136811377235,0.8623549938201904,0.13013064861297607,2.6124668400795414e-11,0.027210884353741496,0.51005113193059,-0.3283042344940764,0.6695862632912272,-0.16415618187682596,0.2329169362783432,0.5779946446418762,0.1329631209373474,23.99590469893137,1.125,1,0.8235294117647058,0.5,0.37400000000000005,0.10797618785110513,0.41400000000000003,0.2887063769092015,0.9333333333333333,0.29806012497234935,0.624
f281l,16,10,95.54140127388536,0.37649311583433326,0.94,0.144,0.2203788945041179,0.6666666666666666,0.112,0.94,11,6,68.4931506849315,0.06682149550757054,0.952,0.752,0.10642472561497272,0.0,0.412,0.952,1.2037310600280762,0.5243203043937683,0.4629581058937045,0.11579537391662598,0.09442904591560364,0.0006294016493484378,0.051220488195278115,0.3133969306945801,0.5535678267478943,0.3052615021163483,0.8575705289840698,0.1341140866279602,1.56813468460415e-11,0.05162064825930372,0.24577598876654502,-0.3952650584874997,0.9241186996013753,0.700652250556426,0.1849662959575653,0.5397617220878601,0.21409238874912262,27.04825058895385,1.4166666666666667,4,0.75,0.5,0.37400000000000005,0.12641202474448388,0.416,0.3380000571242869,1.0,0.3330476398334646,0.664
v282s,12,6,72.11538461538461,0.04736733320099203,0.888,0.772,0.06382476008572219,0.0,0.556,0.888,12,7,72.81553398058253,0.2177029089880134,0.892,0.352,0.17454397726647575,0.18181818181818182,0.74,0.892,1.5720434188842773,0.5328914523124695,0.6374727421899562,0.3436351418495178,0.08621945232152939,0.0015446583274751902,0.022008803521408563,0.4915168285369873,0.21365322172641754,0.33406182667084805,0.7306740880012512,0.25112685561180115,8.9083072515872e-12,0.05722288915566227,0.40929772998476316,0.024789356099504087,0.7765309289358969,0.17412429419386177,0.10925109684467316,0.2840350270271301,0.12437963485717773,0.700149365197916,1.0,-1,0.75,0.6666666666666666,0.368,0.11862920757085452,0.416,0.3223619683348773,1.0,0.4545414308703645,0.592
v291l,20,9,130.43478260869566,0.21666538350922554,0.8,0.452,0.13345660967770262,0.21052631578947367,0.024,0.8,19,9,122.44897959183673,0.2615781114202539,0.788,0.3,0.18476567035349525,0.3888888888888889,0.4,0.788,9.587774276733398,2.9065864086151123,0.6340258815239244,0.3249167799949646,0.05434291437268257,0.0047724125906825066,0.035214085634253704,-0.6705429553985596,-0.29311081767082214,0.31976752053348073,0.8767838478088379,0.10386095941066742,1.0100753566888443e-11,0.02040816326530612,0.9368214352630932,0.8205668846128809,0.5907262014882319,-0.25923423790996886,0.3823249638080597,0.5121484994888306,0.0879453644156456,7.985803016858924,1.05,0,0.9,0.6666666666666666,0.23155555555555557,0.12147895209652218,0.176,0.5246211716184233,1.0,0.21067877199375093,0.792
v292s,13,6,77.92207792207792,0.006968243425907438,0.78,0.764,0.0041778637429367525,0.0,0.408,0.78,13,6,77.92207792207792,0.010576380444965625,0.788,0.76,0.008696916904073752,0.0,0.632,0.788,18.265226364135742,3.806868076324463,0.6770029372480436,0.43514034152030945,0.05209388583898544,0.007206686772406101,0.03561424569827931,-1.2918412685394287,-0.1654692441225052,0.22714706094130943,0.9749297499656677,0.021853022277355194,1.3076905010234174e-11,0.003201280512204882,0.9721226525044329,0.8109316132301688,0.9934933163959802,0.9561015872163693,0.7055778503417969,0.8839036822319031,0.07355227321386337,0.0,1.0,0,0.9230769230769231,0.8333333333333334,0.29799999999999993,0.006633249580710805,0.298,0.022259226033954853,0.9230769230769231,0.4243062906986837,0.536
v293l,20,10,131.57894736842104,0.21886102885040098,0.816,0.42,0.17974055376198958,0.21052631578947367,0.088,0.816,17,8,119.5219123505976,0.33898347354141467,0.944,0.368,0.31067925582503897,0.5625,0.252,0.944,8.332758903503418,2.5653088092803955,0.661863457644363,0.3627418875694275,0.08658890426158905,0.004902875982224941,0.03481392557022809,0.013871431350708008,-0.5118975639343262,0.30747712321970394,0.8703709244728088,0.11260198056697845,5.350590196601113e-12,0.018807523009203683,0.9111974098607861,0.7660962553805033,0.6053342374465813,0.16969490711078267,0.16559915244579315,0.35084399580955505,0.12910190224647522,12.057035017823438,1.1666666666666667,2,0.75,0.8333333333333334,0.3242666666666667,0.16863667717578193,0.252,0.5200555262393914,1.0,0.19672806411096921,0.792
a297l,10,3,71.09004739336493,0.372300488884928,1.02,0.296,0.33878016470862043,0.5555555555555556,3.468,3.468,16,9,100.67114093959732,0.18136659599110888,0.872,0.432,0.15773757592007953,0.2,0.152,0.872,5.702580451965332,-1.2660075426101685,0.5385954382059458,0.15573173761367798,0.24554459750652313,0.0017467117868363857,0.06922769107643058,0.9148359298706055,0.08243922144174576,0.35298181518176114,0.8454561233520508,0.12524700164794922,2.3555163028432524e-11,0.028411364545818326,0.3194511486346343,-0.3758540975939548,0.7233590137381644,-0.008477499768750566,0.038483161479234695,0.24776434898376465,0.4122323989868164,29.581093546232395,0.6470588235294118,-6,0.8,0.8333333333333334,0.3345,0.1470637616817957,0.29400000000000004,0.43965248814729685,0.5625,0.1833783882927496,0.416
v298s,5,3,27.52293577981651,0.6250953927843126,4.272,0.684,1.3393351584523818,1.0,0.648,4.272,15,8,94.9367088607595,0.10659490504536712,0.808,0.556,0.09164479925652753,0.07142857142857142,0.492,0.808,12.389800071716309,1.9818953275680542,0.6251222791700178,0.24080438911914825,0.08307911455631256,0.028088640421628952,0.014805922368947578,-1.086809754371643,-0.16022689640522003,0.2861580725950939,0.9637616276741028,0.01777140237390995,1.088881502325778e-11,0.0056022408963585435,0.5867094604593557,-0.11564288576171823,0.9751664472357758,0.8902905735081841,0.11067154258489609,0.6456337571144104,0.16969561576843262,67.41377308094299,0.375,-5,0.6,0.6,0.44399999999999995,0.13462045411699763,0.512,0.30319921415541784,0.4,0.14847830013176538,0.144
b299l,5,2,32.57328990228013,0.21517986864472186,2.592,1.496,0.6398583176506083,0.25,1.884,2.592,7,3,46.15384615384616,0.20202605222073428,1.66,0.952,0.41628451808829015,0.3333333333333333,1.128,1.66,31.320072174072266,4.845528602600098,0.6187798475917166,0.3942713439464569,0.024093329906463623,0.0025623647961765528,0.09163665466186474,1.2632627487182617,1.4292808771133423,0.27977542535086475,0.5877127647399902,0.41003626585006714,1.398999232432585e-11,0.08043217286914765,0.9954704314968478,0.9905568988242128,0.9361153057271542,0.7062449854810705,0.21718645095825195,0.3099576532840729,0.03278018906712532,13.58055625156603,0.75,-1,1.0,1.0,0.4864,0.005986651818838311,0.488,0.012308083256080344,0.7142857142857143,0.5266076247964727,0.76
t300s,24,12,147.05882352941177,0.13442301280623234,0.528,0.34,0.06915069183904225,0.13043478260869565,0.324,0.528,19,9,129.87012987012986,0.37440080430992534,1.04,0.308,0.30156610825332947,0.2777777777777778,0.096,1.04,4.123117923736572,2.0398449897766113,0.5632607458835852,0.42372527718544006,0.0064806644804775715,0.0007034548325464129,0.026410564225690276,1.1115055084228516,-0.18133579194545746,0.35976926146075566,0.7627635598182678,0.21026161313056946,2.250055697317066e-11,0.028411364545818326,0.9739685974230451,0.9302263081544907,0.6304551192312299,-0.07152698945796108,0.3138451874256134,0.17983673512935638,0.0955258384346962,17.18869365928191,1.25,3,0.7916666666666666,0.8333333333333334,0.35515789473684206,0.16032377213425758,0.42,0.45141546899554763,1.0,0.36086630651460394,0.624
a301l,18,9,109.4890510948905,0.027343054345606334,0.568,0.524,0.008485281374238542,0.0,0.24,0.568,19,9,110.7011070110701,0.06222052918288111,0.612,0.484,0.057802910571944664,0.0,0.112,0.612,11.724715232849121,3.0302159786224365,0.7144840667892817,0.4377184808254242,0.02726133167743683,0.03439396992325783,0.007603041216486595,-0.46942973136901855,0.4521787464618683,0.35645439067264123,0.7371693253517151,0.24014753103256226,1.7067861013408958e-11,0.011204481792717087,0.9625037784962144,0.9064214997783733,0.8022497319398276,0.5810060886515297,0.38594749569892883,0.600677490234375,0.06613997370004654,1.212055916179608,0.95,0,0.9444444444444444,0.8333333333333334,0.5101176470588236,0.09099830790472145,0.54,0.17838690083654188,0.9473684210526315,0.4931563486588056,0.688
a302s,18,9,107.14285714285714,0.016274208211362415,0.576,0.536,0.009797958971132685,0.0,0.024,0.576,17,8,107.91366906474819,0.021500794750920118,0.584,0.544,0.016297239029970635,0.0,0.484,0.584,7.023948669433594,0.8840605616569519,0.6701923970369591,0.33421364426612854,0.10196162760257721,0.0262625589966774,0.008403361344537815,-0.9577426910400391,0.3671358525753021,0.29773204242861856,0.9458606243133545,0.02180090919137001,1.883631792209961e-11,0.010804321728691477,0.9111036331744724,0.7003482844822732,0.9764715859942721,0.8810794461069428,0.34791040420532227,0.8181950449943542,0.16933786869049072,0.7708119218910525,1.0555555555555556,1,0.8888888888888888,0.6666666666666666,0.5085,0.011213830746002912,0.51,0.02205276406189827,0.9411764705882353,0.5895442744817617,0.096
v303l,23,11,140.8450704225352,0.06337874605192642,0.52,0.4,0.011447603201003216,0.045454545454545456,0.356,0.52,22,12,144.23076923076923,0.16634207710720056,0.66,0.34,0.0752967462776447,0.09523809523809523,0.168,0.66,9.305608749389648,2.4183919429779053,0.713876621185767,0.40865853428840637,0.017034700140357018,0.03403739258646965,0.008803521408563426,-0.042154788970947266,-0.002156726084649563,0.37160035806003455,0.7889367341995239,0.12067914754152298,1.4663468356213016e-11,0.011204481792717087,0.9252884410806139,0.6298893999485984,0.7368736423403923,0.09698101904557697,0.38039544224739075,0.32241615653038025,0.14800487458705902,3.385698808234025,1.0434782608695652,-1,0.9130434782608695,0.8333333333333334,0.22380952380952382,0.06526693835802615,0.224,0.2916182221869622,1.0,0.4611478129316722,0.768
f304s,14,7,86.20689655172414,0.014321795131373063,0.716,0.684,0.01188836966675133,0.0,0.62,0.716,14,8,81.9672131147541,0.2597490390947439,0.984,0.324,0.18186808406094784,0.3076923076923077,0.564,0.984,13.294042587280273,3.4918909072875977,0.5959544925611922,0.6270967125892639,0.002081583021208644,0.003329792758449912,0.02040816326530612,2.0597972869873047,0.5959233641624451,0.3053257139889224,0.7684479355812073,0.21957653760910034,5.263608559430422e-12,0.03961584633853541,0.9928955275226304,0.9857732819515848,0.657447851027134,-0.0309071967285602,0.796272873878479,0.4196538031101227,0.05039569362998009,4.23968343697004,1.0,-1,0.8571428571428571,0.8333333333333334,0.4173333333333334,0.09362810594165741,0.452,0.22434849128955067,0.9285714285714286,0.25860802837604335,0.704
a306s,1,0,0.0,0.0,10.0,10.0,0.0,1.0,8.724,8.724,12,6,73.89162561576354,0.06597110795273409,0.88,0.728,0.03234810659064917,0.0,0.304,0.88,158.30857849121094,11.758772850036621,0.6132785507269538,0.5331311821937561,0.03150460496544838,0.0021065089385956526,0.1756702681072429,-1.1292195320129395,-0.28968486189842224,0.2594238708430989,0.9614772200584412,0.025421204045414925,2.231952123121772e-11,0.010404161664665866,0.0,0.0,0.9909682967383907,0.9835028866566035,0.01787109486758709,0.7612993121147156,0.0,73.89162561576354,0.15384615384615385,-6,1.0,1.0,0.128,-1.0,0.128,-1.0,0.08333333333333333,0.11146256780884649,0.352
v307l,5,2,41.43646408839779,0.34219575130243335,2.584,1.176,1.1726050770257934,0.25,3.316,3.316,14,5,116.27906976744185,0.5350826578655387,1.448,0.32,0.45644276749664897,0.7692307692307693,1.34,1.448,1.7054529190063477,0.5617769956588745,0.37169406571750135,0.05453004315495491,0.18124538660049438,8.743417856749147e-05,0.0740296118447379,1.6231203079223633,0.32854434847831726,0.35947726822822734,0.7488779425621033,0.22886471450328827,9.783743259994537e-12,0.07162865146058424,0.5296444947154764,-0.6662366571883199,0.5664392721401738,0.036675016698716895,0.14689049124717712,0.1519332379102707,0.196464404463768,74.84260567904406,0.4,-3,0.6,0.6,0.22666666666666668,0.04458200932613464,0.236,0.19668532658506488,0.42857142857142855,0.09422215296906977,0.0
b308s,7,2,60.0,0.6618009031766139,3.144,0.532,0.9504760912300741,1.0,1.176,3.144,12,5,73.17073170731707,0.06983390999898074,0.932,0.744,0.04124075654010241,0.0,0.792,0.932,7.492884635925293,-0.17427457869052887,0.5030060346851596,0.12886469066143036,0.108033187687397,0.0010302889859303832,0.1992797118847539,-1.1361819505691528,-0.345619261264801,0.25864724876031997,0.9609810709953308,0.0291077122092247,2.524042259921533e-11,0.01520608243297319,0.47865105615377784,-0.5554616144911813,0.988024049667938,0.9221195186154207,0.20624543726444244,0.7349400520324707,0.17952094972133636,13.170731707317074,0.6153846153846154,-3,0.5714285714285714,0.5,0.279,0.18790156997747515,0.202,0.673482305529219,0.4166666666666667,0.143398464103551,0.352
v309l,18,9,103.44827586206897,0.24543670903023143,0.968,0.348,0.18410051602317687,0.29411764705882354,0.356,0.968,16,8,102.04081632653062,0.22010261444674167,1.092,0.492,0.16609807773894147,0.13333333333333333,0.3,1.092,4.019586563110352,1.3839815855026245,0.5306803850418585,0.3456418812274933,0.00466966861858964,0.0016187295550480485,0.03041216486594638,0.07439923286437988,-0.0699145644903183,0.37227401342978317,0.8709460496902466,0.10009726136922836,2.3179928462790933e-11,0.013205282112845138,0.35902532145162563,-0.8266459583944287,0.8301461442241387,0.36132171212422387,0.4681110382080078,0.5438069105148315,0.22661444544792175,1.4074595355383508,1.1176470588235294,1,0.8333333333333334,0.5,0.39333333333333326,0.14070046987207335,0.468,0.35771304990239716,0.9375,0.3807992597861033,0.072
a310s,17,9,106.76156583629893,0.1206408748232173,0.752,0.372,0.12302411687686822,0.125,0.544,0.752,17,8,104.52961672473869,0.2092162821426882,1.076,0.532,0.17800973756136676,0.0625,0.364,1.076,2.635021686553955,1.5351794958114624,0.5117581838100104,0.3972768783569336,0.017415929585695267,0.006545079406350851,0.018807523009203683,-0.12856435775756836,0.35375022888183594,0.3534251542297075,0.8881353735923767,0.1060146689414978,1.101619056392833e-11,0.011604641856742696,0.9718881296831204,0.6398059566981394,0.9154116821700296,0.5650338269276681,0.7551688551902771,0.711267352104187,0.08800968527793884,2.2319491115602403,1.0,1,0.8823529411764706,0.6666666666666666,0.49733333333333346,0.10066092698868923,0.528,0.20240132365551466,0.9411764705882353,0.4732009306131288,0.144
a311l,18,9,107.91366906474819,0.011798496600954575,0.568,0.544,0.007681145747868562,0.0,0.364,0.568,18,9,108.69565217391303,0.0181331230641554,0.576,0.54,0.01555634918610399,0.0,0.18,0.576,2.211007595062256,1.4832357168197632,0.4872956301147579,0.39439037442207336,0.007229375187307596,0.007421782705932856,0.014405762304921969,-0.6808407306671143,0.5154348611831665,0.3160742100172748,0.9587153196334839,0.03603243827819824,2.1323684137875e-11,0.012404961984793917,0.9953443500225587,0.9910022102363629,0.9553328415536207,0.8573842663594008,0.8737186789512634,0.8146276473999023,0.05345214530825615,0.781983109164841,1.0,0,0.9444444444444444,0.8333333333333334,0.5430588235294118,0.05143639200162982,0.556,0.09471605805090738,1.0,0.6398971771803016,0.728
v312s,16,8,98.03921568627452,0.0037548341886671113,0.616,0.608,0.00338061701891407,0.0,0.248,0.616,13,7,65.93406593406593,0.29523256841220613,0.936,0.3,0.2910420150862321,0.25,0.232,0.936,6.113201141357422,2.3200020790100098,0.5265124781091565,0.38162049651145935,0.009077697061002254,0.003641805611550808,0.01600640256102441,1.7012410163879395,-1.3674724102020264,0.3100152645114018,0.6983925104141235,0.29824015498161316,1.3758298320065698e-11,0.028011204481792718,0.9958626838604352,0.9712634662738598,0.5803175900112181,-0.12235830252163725,0.9083215594291687,0.06452536582946777,0.015152951702475548,32.10514975220859,1.2142857142857142,1,0.6875,0.8333333333333334,0.4792727272727273,0.08493536677336258,0.508,0.17721718797668773,0.9230769230769231,0.14063933883769594,0.68
b313l,7,3,41.37931034482759,0.026896431988724323,1.456,1.348,0.045501648321791544,0.0,1.34,1.456,7,4,41.84100418410042,0.02461821616229739,1.5,1.388,0.05528109984434106,0.0,0.448,1.5,12.592896461486816,0.8407927751541138,0.6550961836465151,0.4917480945587158,0.05666143819689751,0.001986705232411623,0.031612645058023206,-1.2338157892227173,-0.19852885603904724,0.21041104947610675,0.3868251144886017,0.6123270392417908,2.045463451394447e-11,0.024409763905562223,0.9957997540770932,0.9912480483193965,0.974211799956346,0.9603220098824783,0.6285582780838013,0.8684158325195312,0.06954502314329147,0.4616938392728329,1.0,-1,1.0,1.0,0.3754285714285714,0.0328757711168972,0.392,0.08756864219500589,0.2857142857142857,0.27407612526700376,0.792
a315l,5,2,32.18884120171674,0.25268461456610203,3.088,1.788,1.0006344653934989,0.25,0.044,3.088,6,3,34.32494279176201,0.10632065467683054,1.816,1.328,0.24525089194537092,0.2,1.028,1.816,9.428030967712402,2.2057743072509766,0.5312974549073047,0.2300797998905182,0.15332965552806854,0.00043596341856755316,0.038815526210484196,-0.49703383445739746,-0.4282819628715515,0.23544641861810262,0.36684083938598633,0.6252254247665405,8.094153819415695e-12,0.03721488595438175,0.9954652292865065,0.9931116759275108,0.9058938930829038,0.6826061671364966,0.038958579301834106,0.36370110511779785,0.019336219877004623,2.1361015900452713,0.8571428571428571,-1,0.8,0.8,0.418,0.014560219778561033,0.416,0.03483306083787183,0.16666666666666666,0.206864829595966,0.792
v316s,13,6,79.7872340425532,0.0026282006682601514,0.752,0.748,0.002696799449852971,0.0,0.524,0.752,13,6,80.0,0.009257280664401157,0.764,0.74,0.010018165319240671,0.0,0.74,0.764,10.926767349243164,2.8229997158050537,0.6725711364904168,0.4618683457374573,0.0030008950270712376,0.021900448948144913,0.024009603841536616,-1.1454687118530273,-0.023695915937423706,0.2855311421577135,0.9629925489425659,0.018933206796646118,1.6441780228970693e-11,0.005202080832332933,0.9963898174669273,0.9805942849287337,0.9907882336626944,0.9507407682012896,0.8925616145133972,0.8673210144042969,0.04357944056391716,0.2127659574468055,1.0,0,0.9230769230769231,0.8333333333333334,0.3533333333333333,0.006182412330330475,0.352,0.01749739289251853,0.9230769230769231,0.4784861183548508,0.528
v317l,15,7,79.36507936507937,0.22764310298442983,0.76,0.184,0.11229631133061112,0.14285714285714285,0.112,0.76,13,7,79.36507936507937,0.011385768997826926,0.78,0.744,0.01491795745219348,0.0,0.292,0.78,5.3652496337890625,-0.43399789929389954,0.34252872813961366,0.03812289237976074,0.15945008397102356,0.0007144847768358886,0.03721488595438175,-1.211001992225647,-0.011466116644442081,0.24756841283080602,0.9740106463432312,0.013655745424330235,2.0490132160433383e-11,0.006802721088435374,0.5773905907551208,-0.19317179447092095,0.995296769731708,0.9818743290026684,0.13779903948307037,0.8986465930938721,0.402383953332901,0.0,1.1428571428571428,0,0.8666666666666667,0.8333333333333334,0.3003076923076922,0.0271955443618269,0.304,0.09055893056636496,1.0,0.4303493890328471,0.536
v318s,13,7,77.51937984496124,0.35818167611196394,1.488,0.376,0.3287884094395941,0.4166666666666667,0.032,1.488,15,6,80.64516129032258,0.26090840098553336,0.924,0.372,0.19249935064825546,0.5,0.352,0.924,4.792770862579346,-0.5275858640670776,0.5104072639722889,0.21440528333187103,0.005253773182630539,0.004398609511554241,0.010004001600640256,-0.03564786911010742,0.06485994905233383,0.3884375316891554,0.8366678953170776,0.09473980963230133,1.6833180682684912e-11,0.014805922368947578,0.45685794893800485,-0.30265718280650955,0.8188422917977805,0.2514643935020272,0.3583367168903351,0.45677098631858826,0.06627149879932404,3.1257814453613406,0.875,1,0.9230769230769231,0.8333333333333334,0.291,0.10679731582145063,0.31,0.36700107268536053,0.8666666666666667,0.24240525637429391,0.48
v319l,3,2,19.96007984031936,0.7564870234315135,5.28,0.732,4.548,1.0,3.308,5.28,10,5,65.50218340611353,0.010128951979983005,0.924,0.896,0.017606816861659026,0.0,0.864,0.928,4.708737373352051,1.1584187746047974,0.4472292261776308,0.1216573640704155,0.24378061294555664,0.0003777830279432237,0.05002000800320128,-0.7324662208557129,-0.07076758146286011,0.33296055760970183,0.8821210861206055,0.08138040453195572,2.0055082594616636e-11,0.014005602240896359,0.2790039679279633,-0.35347799694112736,0.9745476810413024,0.9176979457276728,0.043275441974401474,0.6880179047584534,0.3630327880382538,45.54210356579417,0.36363636363636365,-3,1.0,1.0,0.2733333333333334,0.1471627972311239,0.284,0.5384004579772658,0.3,0.13068148049581307,0.624
t320s,28,16,170.45454545454547,0.22811774445807878,0.684,0.264,0.11396625681449618,0.18518518518518517,0.02,0.684,20,11,145.63106796116506,0.3508275727599504,0.832,0.304,0.1896288773133225,0.5263157894736842,0.408,0.832,2.708446979522705,1.3148871660232544,0.6508300147181107,0.4904124140739441,0.01386940572410822,0.0033377818763256073,0.009203681472589036,1.4771690368652344,-0.5484386682510376,0.377653803987661,0.7079921364784241,0.2573455572128296,8.240219270816418e-12,0.024409763905562223,0.7898656850836295,-0.45630708405175174,0.5652036975507765,0.11251288799819874,0.22311337292194366,0.1481599062681198,0.19627442955970764,24.82347749338041,1.380952380952381,5,0.75,0.3333333333333333,0.31561904761904763,0.17333437990264894,0.324,0.5491885731179884,0.95,0.23056256957956173,0.232
f321l,16,8,94.9367088607595,0.06575953926120884,0.708,0.536,0.067873832534027,0.0,0.092,0.708,19,9,112.35955056179775,0.23349416731259168,0.748,0.372,0.19678115643885152,0.5,0.24,0.748,2.54595947265625,0.8826040029525757,0.5273794350611808,0.44956138730049133,0.020155955106019974,0.0010749658104032278,0.008803521408563426,-0.8747315406799316,-0.048573557287454605,0.42144685963411377,0.3309309482574463,0.1075926423072815,2.4461720843360624e-11,0.006802721088435374,0.8633280561858113,0.5408143776092229,0.6875483727621781,0.2973786479629623,0.34477469325065613,0.2226169854402542,0.15881575644016266,17.42284170103825,0.85,-1,0.8125,0.6666666666666666,0.30646153846153845,0.15062976280863946,0.312,0.49151276421075646,0.9473684210526315,0.1980341521967872,0.664
v322s,20,10,120.0,0.30647955810394656,1.12,0.324,0.28027288289966423,0.2631578947368421,0.204,1.12,19,9,118.11023622047244,0.1977434485530279,0.876,0.312,0.1372605937195206,0.16666666666666666,0.452,0.876,5.375716209411621,-0.3106420934200287,0.5552605351875864,0.2156054675579071,0.06600847840309143,0.001038969843648374,0.022809123649459785,-0.7729260921478271,0.036032721400260925,0.29278160566306793,0.9222345352172852,0.05660603940486908,8.155769462558915e-12,0.010404161664665866,0.8630316584180193,0.5914493347708998,0.845182470446121,0.3224812029890393,0.501496434211731,0.6890370845794678,0.33989113569259644,1.8897637795275557,1.05,1,0.85,0.5,0.43082352941176466,0.11827596608038818,0.48,0.2745345953981046,1.0,0.39960735215037835,0.664
v323l,14,8,80.21390374331551,0.29480778882218217,1.24,0.296,0.3168280290630865,0.23076923076923078,0.204,1.24,12,5,79.36507936507937,0.1955775213699581,1.252,0.632,0.18161497735594387,0.18181818181818182,1.084,1.252,5.57540225982666,0.18313491344451904,0.6081004829805416,0.295925498008728,0.10465240478515625,0.0015055304393172264,0.0196078431372549,-0.9133505821228027,-0.06335534900426865,0.2687547646474902,0.8507484197616577,0.1466042399406433,1.4822528621172282e-11,0.023609443777511004,0.8131216787997967,-0.30312620271739676,0.935512474036518,0.7082264639193998,0.225699320435524,0.5444316864013672,0.12393245846033096,0.8488243782361451,1.1538461538461537,3,0.7142857142857143,0.3333333333333333,0.2652,0.04557367661271141,0.254,0.17184643625281693,0.8333333333333334,0.286292159570693,0.528
v324s,9,5,56.17977528089887,0.007617320144612712,1.076,1.052,0.011212238211627772,0.0,0.652,1.076,10,5,56.17977528089887,0.008990258358204184,1.08,1.048,0.016970562748477157,0.0,0.32,1.08,22.039888381958008,3.9006187915802,0.6814707430570035,0.40425732731819153,0.05729442089796066,0.0065187630243599415,0.014005602240896359,-1.1666849851608276,0.0010023254435509443,0.2444734607243714,0.8059077858924866,0.18935531377792358,6.2258622736399705e-12,0.006802721088435374,0.9760760658238308,0.9189840406447025,0.9974998341249068,0.9933611594313154,0.6105232238769531,0.8929190635681152,0.09557334333658218,0.0,0.9090909090909091,0,0.0,0.0,-1.0,-1.0,-1.0,-1.0,0.9,0.4229255635963513,0.328
v325l,10,5,60.97560975609756,0.011494633593027362,1.0,0.968,0.017146428199482262,0.0,0.56,1.0,10,5,60.483870967741936,0.015464854256274748,1.016,0.968,0.024899799195977488,0.0,0.164,1.016,16.161033630371094,3.330583095550537,0.6648018651153185,0.38398364186286926,0.031162653118371964,0.0058561270125210285,0.01600640256102441,-1.2252203226089478,0.03594411164522171,0.21971532618109374,0.8622342944145203,0.13317835330963135,1.4908011890940598e-12,0.006002400960384154,0.9706071494279561,0.9425038651121038,0.9979118947609028,0.9967509814513471,0.592574954032898,0.8741993308067322,0.051305074244737625,0.4917387883556259,1.0,0,0.8,0.8333333333333334,0.094,0.012489995996796796,0.09,0.13287228370291446,1.0,0.42499737807947785,0.384
v326s,15,7,90.09009009009009,0.13411347093844095,0.772,0.484,0.1460790091802273,0.21428571428571427,0.3,0.772,15,8,88.49557522123894,0.15686708772153576,0.872,0.484,0.16274567228087464,0.21428571428571427,0.32,0.872,10.093093872070312,2.82620906829834,0.6559408844928227,0.46612393856048584,0.008524926379323006,0.003149315482005477,0.010804321728691477,-0.508291482925415,-0.12409497052431107,0.3180356689712747,0.9331579208374023,0.028092458844184875,9.63479469817674e-12,0.012805122048819529,0.988094820993953,0.9697406832584666,0.8986751519958832,0.5943510675052537,0.31351184844970703,0.5881374478340149,0.060864392668008804,1.5945148688511495,1.0,-1,0.9333333333333333,0.8333333333333334,0.42857142857142855,0.08265393801500177,0.404,0.19285918420162318,0.9333333333333333,0.2663755681894924,0.016
v327l,14,7,82.41758241758242,0.14407572908644878,0.904,0.532,0.1877658115845374,0.3076923076923077,0.332,0.904,14,7,81.9672131147541,0.06818678656309525,0.824,0.608,0.09025150044920767,0.0,0.516,0.824,8.452720642089844,0.8721278309822083,0.6108713251767971,0.36222511529922485,0.012914389371871948,0.0015880309510976076,0.03561424569827931,-0.9466936588287354,-0.1136300265789032,0.3099776267727769,0.9037848114967346,0.053767524659633636,1.0681290053826675e-11,0.004001600640256103,0.7660320570400255,-0.6339866341247007,0.9782014484380592,0.8463722741615305,0.3523264527320862,0.708726704120636,0.06243333965539932,0.4503693028283209,1.0,0,0.9285714285714286,0.8333333333333334,0.3987692307692309,0.07887492908313656,0.376,0.19779592059554502,0.9285714285714286,0.2504081024985136,0.68
b330s,4,2,26.17801047120419,0.4280541443179997,4.544,1.716,2.5562754155215743,0.6666666666666666,1.192,4.544,12,6,74.25742574257426,0.0447664473247552,0.864,0.744,0.022449944320643657,0.0,0.776,0.864,4.695888996124268,-0.14669682085514069,0.42633439497346937,0.07810182124376297,0.2462623119354248,0.00014732083946000785,0.05322128851540616,-1.243534803390503,0.22542831301689148,0.256650923339546,0.9759403467178345,0.014745289459824562,2.4293265316055468e-11,0.006402561024409764,0.13632631265315145,-0.506928415005661,0.990174695922847,0.9526752758804212,0.17133639752864838,0.8519899249076843,0.20884881913661957,48.07941527137007,0.38461538461538464,-4,0.5,0.5,0.35,0.166,0.35,0.47428570073469434,0.3333333333333333,0.07815546395146034,0.128
b331l,5,2,31.67898627243928,0.17572237133185384,2.256,1.528,0.6648548713817174,0.0,1.316,2.256,14,7,81.52173913043478,0.02345176325742116,0.768,0.708,0.011832159566199242,0.0,0.296,0.768,-0.3921523094177246,0.3554728329181671,0.3676703938174063,0.057971421629190445,0.2708280086517334,0.00011984421144006774,0.036414565826330535,-1.2023247480392456,-0.03934488072991371,0.25368366456552366,0.9798303246498108,0.005919037386775017,1.7201799012989127e-11,0.006802721088435374,0.23480558017625136,-0.7244191694606464,0.9959021819744369,0.9876948291275937,0.39033183455467224,0.8924724459648132,0.06629816442728043,49.84275285799551,0.4,-5,0.2,0.2,0.212,-1.0,0.212,-1.0,0.35714285714285715,0.23483223282891447,0.304
b332s,3,0,63.29113924050633,0.01265822771457561,0.96,0.936,0.02399999999999991,0.0,6.852,6.852,12,6,73.17073170731707,0.013051070867078695,0.828,0.788,0.015849290204927126,0.0,0.54,0.828,10.839279174804688,1.0883861780166626,0.4367824765401034,0.0632985383272171,0.11895017325878143,0.00016068026889115572,0.2969187675070028,-1.1967378854751587,0.18847160041332245,0.2565484077637937,0.9697870016098022,0.021483851596713066,2.847113864112849e-11,0.008003201280512205,0.30673341245350044,-0.6403962024856039,0.9968708568174232,0.9842061675374728,0.12875431776046753,0.9071449041366577,0.034468092024326324,9.879592466810742,0.3076923076923077,-6,0.6666666666666666,0.6666666666666666,0.46,0.08800000000000002,0.46,0.19130434366729693,0.25,0.1552941898339643,0.792
v336s,16,7,127.11864406779662,0.4529486230248555,1.416,0.452,0.3962596551324829,0.13333333333333333,0.872,1.416,22,11,129.3103448275862,0.029170425026905582,0.488,0.436,0.018676188047886,0.0,0.18,0.488,12.347402572631836,2.9582622051239014,0.6594671453197893,0.5523621439933777,0.006347529590129852,0.007722407579421997,0.023209283713485393,-0.8682315349578857,0.17908258736133575,0.3130119331394067,0.8293359875679016,0.047082170844078064,1.224881567701841e-11,0.010404161664665866,0.9790428382278775,0.849229935588107,0.9384518286095848,0.6801830050097121,0.6250712871551514,0.7976382374763489,0.0868748128414154,2.191700759789569,0.7391304347826086,-4,1.0,1.0,0.15750000000000003,0.15073072016015848,0.1,0.9570203846981246,0.8636363636363636,0.5726285526689207,0.704
v337l,22,11,135.13513513513513,0.021366871074257245,0.464,0.436,0.0035777087639996667,0.0,0.428,0.464,22,11,131.57894736842104,0.0855383903344264,0.564,0.336,0.06489375933015436,0.09523809523809523,0.14,0.564,6.308683395385742,2.159721851348877,0.613909971054387,0.49570149183273315,0.006522996351122856,0.004818812943994999,0.010404161664665866,-0.661179780960083,0.28678959608078003,0.3538558829165963,0.7888780832290649,0.09500636905431747,1.3461934691982869e-11,0.01600640256102441,0.9679044144505659,0.9119427203090812,0.7659236523785977,0.317539910178457,0.7142610549926758,0.5356317162513733,0.06004983186721802,3.556187766714089,1.0,0,0.9090909090909091,0.8333333333333334,0.19220000000000004,0.13532464668344787,0.156,0.7040824122925272,1.0,0.5279197731662958,0.72
v338s,16,8,100.0,0.2331528707371084,1.188,0.56,0.2314377423227002,0.06666666666666667,0.444,1.188,17,8,101.01010101010101,0.02087612423604758,0.62,0.572,0.01812548849916421,0.0,0.392,0.62,8.835152626037598,0.7121933102607727,0.6339703701559981,0.4286395013332367,0.12742428481578827,0.0042408425360918045,0.03201280512204882,-1.1309425830841064,0.22730517387390137,0.26495410494183874,0.9735302925109863,0.011388152837753296,1.961962710350651e-11,0.010404161664665866,0.9859847007070381,0.8746755956278425,0.9950967156872845,0.9797269608289995,0.49391990900039673,0.9182319045066833,0.03448318690061569,1.0101010101010104,0.9444444444444444,0,0.9375,0.8333333333333334,0.4634666666666668,0.005438954147832297,0.464,0.01173537262042269,0.8823529411764706,0.5435722382127789,0.632
b339l,9,4,54.249547920434004,0.2624058320570577,1.62,0.604,0.3344419659244764,0.5,0.66,1.62,10,4,56.81818181818181,0.28731608110674384,1.624,0.56,0.32541972896553156,0.4444444444444444,0.336,1.624,12.984966278076172,3.0219171047210693,0.6404688522670454,0.585445761680603,0.005575066898018122,0.00025389829534105957,0.03481392557022809,-1.0036673545837402,-0.1466735303401947,0.2592674121385298,0.6793515086174011,0.31941699981689453,1.616206647681029e-11,0.008803521408563426,0.986355141241838,0.942587734367763,0.9400619599651118,0.6737290302273579,0.16186226904392242,0.35376879572868347,0.05124777927994728,2.5686338977478087,0.9090909090909091,0,0.3333333333333333,0.0,0.27999999999999997,0.10198039027185568,0.24,0.3642156665346394,0.7,0.1243838558797207,0.344
b340s,10,5,57.69230769230769,0.22883740839958872,1.524,0.672,0.3652259574564765,0.2222222222222222,0.188,1.524,9,4,56.497175141242934,0.2379897824291315,1.564,0.62,0.4302902674773325,0.375,0.544,1.564,13.86674690246582,3.138613700866699,0.6544342148805403,0.5894937515258789,0.01718541979789734,0.0005522893043234944,0.025210084033613446,-1.0306565761566162,-0.025390690192580223,0.24149859706480503,0.7351035475730896,0.26438331604003906,8.514178945207007e-12,0.017607042817126852,0.9923856494592721,0.981163946820153,0.9740674590022156,0.8916148554863581,0.17750971019268036,0.5649422407150269,0.03273627907037735,1.1951325510647592,1.1,1,0.3,0.3333333333333333,0.22799999999999998,0.09197100992522951,0.2,0.4033816047869012,0.8888888888888888,0.19634410710193134,0.432
b341l,9,5,52.173913043478265,0.3151811788721378,1.672,0.596,0.4239353050373875,0.5,0.748,1.672,10,5,55.147058823529406,0.287171383716071,1.684,0.5,0.4003373577371964,0.3333333333333333,0.144,1.684,11.287261962890625,2.901620864868164,0.6429269489159828,0.5300663113594055,0.03094303235411644,0.00034233409678563476,0.031212484993997598,-1.1103572845458984,-0.06269422918558121,0.248367677708397,0.690755307674408,0.3086504340171814,2.613980039367636e-11,0.014405762304921969,0.977294147019054,0.9283872309410439,0.892343972829172,0.1837302198824139,0.16152337193489075,0.5207967162132263,0.022573385387659073,2.9731457800511407,0.9090909090909091,0,0.3333333333333333,0.16666666666666666,0.35200000000000004,0.05494239407476404,0.328,0.15608634236903582,0.7,0.13883260216367255,0.208
t342s,23,12,150.7537688442211,0.20230998963181124,0.608,0.332,0.10999913419572685,0.18181818181818182,0.436,0.608,20,9,140.18691588785046,0.30083981477765714,0.86,0.344,0.25507994389559085,0.3684210526315789,0.18,0.86,7.272334098815918,2.6384894847869873,0.6337374973896203,0.542800784111023,0.008256237022578716,0.002796280663460493,0.008003201280512205,0.11028838157653809,-0.2331588715314865,0.35923451340718776,0.7691203355789185,0.20173031091690063,2.1302539593426317e-11,0.010804321728691477,0.9414049319249991,0.8159397085186383,0.722929175249234,0.003416342228589348,0.2065764218568802,0.2695778012275696,0.10576722770929337,10.566852956370639,1.1428571428571428,3,0.9565217391304348,1.0,0.3523636363636364,0.1473593460202105,0.436,0.41820246651703924,0.95,0.38756343770653895,0.592
t343l,22,12,154.63917525773195,0.27703005861069774,0.82,0.34,0.16851112722903494,0.23809523809523808,0.436,0.82,18,9,112.78195488721803,0.3051632338280731,0.884,0.36,0.2310216440076557,0.6470588235294118,0.304,0.884,7.053525924682617,2.5997748374938965,0.6192896327158998,0.5709212422370911,0.030359536409378052,0.002569986740127206,0.010404161664665866,0.42345309257507324,-0.5149832963943481,0.34538822955236737,0.568629801273346,0.39292722940444946,1.1136044343607043e-11,0.025210084033613446,0.9503481756717854,0.8668084445795412,0.4406478041964751,-0.30503403351964575,0.35503071546554565,0.2450367957353592,0.08573290705680847,41.857220370513915,1.2105263157894737,3,0.8636363636363636,0.8333333333333334,0.3425263157894737,0.15131263154599472,0.412,0.44175475037499956,0.9444444444444444,0.1829963488226246,0.592
t344s,24,13,136.36363636363637,0.1744053170860985,0.548,0.308,0.09625723113332602,0.34782608695652173,0.096,0.548,19,9,123.4567901234568,0.21751119127422944,0.812,0.36,0.16881594572021852,0.3333333333333333,0.232,0.812,5.636538505554199,2.1460728645324707,0.6503805960582746,0.5083852410316467,0.012951262295246124,0.004043923690915108,0.009603841536614645,-0.17889142036437988,-0.10584308952093124,0.35179493745142526,0.8510227799415588,0.1299707293510437,7.367681985337438e-12,0.014805922368947578,0.924590981393527,0.6060918262364897,0.7343416381336272,0.04463982111220813,0.1045578345656395,0.18118439614772797,0.14089609682559967,12.906846240179576,1.25,4,0.9166666666666666,0.6666666666666666,0.32472727272727275,0.1484300207989616,0.418,0.45709131537192965,1.0,0.3849623830763993,0.6
v347l,16,8,100.67114093959732,0.2093594787879588,1.116,0.56,0.20808514740708572,0.06666666666666667,0.488,1.116,16,7,98.03921568627452,0.3060887974765786,1.196,0.416,0.2845347079004598,0.4666666666666667,0.552,1.196,16.147409439086914,3.945539712905884,0.6593689262895422,0.5429372191429138,0.012265442870557308,0.0018649675184860826,0.061224489795918366,0.9085574150085449,-0.7414417266845703,0.32223253462068135,0.6649393439292908,0.31378743052482605,1.0179093679063556e-11,0.022809123649459785,0.9931964603208515,0.9853778180428285,0.508758634573589,-0.4284142265053552,0.5181438326835632,0.44141289591789246,0.05604877695441246,2.6319252533228052,1.0,1,0.8125,0.6666666666666666,0.4012307692307692,0.0956838977259166,0.412,0.23847596614935587,0.9375,0.16456740578058954,0.64
v348s,16,9,99.33774834437087,0.20744526092221183,0.908,0.44,0.1542391464113903,0.5333333333333333,0.044,0.908,10,4,79.36507936507937,0.26514299088760845,1.352,0.736,0.3368174579798381,0.3333333333333333,1.176,1.352,3.117483615875244,-0.8404411673545837,0.5136645180851795,0.32163694500923157,0.017396070063114166,0.0002948419423773885,0.058823529411764705,0.25285935401916504,0.8309293985366821,0.29068061639378906,0.8455120325088501,0.14127665758132935,9.365647146708511e-12,0.034013605442176874,0.5305272821972612,-0.34399346207128656,0.889254437896094,0.2602128212557415,0.2795291543006897,0.33041173219680786,0.21920566260814667,19.972668979291498,1.5454545454545454,5,0.5625,0.16666666666666666,0.4808888888888889,0.13599709510332642,0.52,0.2828035652674715,0.9,0.3104415931883631,0.72
t350s,23,14,150.0,0.1904385340932161,0.56,0.332,0.031131059364288543,0.2727272727272727,0.136,0.56,22,13,151.5151515151515,0.25517548129110035,0.84,0.344,0.07468868722905764,0.3333333333333333,0.148,0.84,7.43154239654541,2.6356091499328613,0.6178510633498736,0.5291922688484192,0.0030177494045346975,0.0032921088859438896,0.024409763905562223,-1.0842742919921875,0.06716226041316986,0.3276514881908384,0.9294005632400513,0.05629029497504234,1.1065378648089652e-11,0.011204481792717087,0.9861128291243861,0.9689230902297898,0.8107718375817152,0.5668147628550256,0.32497644424438477,0.497941792011261,0.06450077891349792,1.5151515151515014,1.0434782608695652,1,0.9565217391304348,0.8333333333333334,0.2316363636363636,0.1722742384198534,0.132,0.7437270568321865,0.9545454545454546,0.5614597259103076,0.656
t351l,23,13,150.0,0.17785147799213455,0.552,0.36,0.03211882699631243,0.36363636363636365,0.04,0.552,22,13,150.0,0.1799635873484913,0.564,0.356,0.03226143208228674,0.42857142857142855,0.2,0.564,6.6003618240356445,2.4558756351470947,0.6147201706402886,0.5727176666259766,0.000507623830344528,0.0031311605125665665,0.01800720288115246,-0.6463110446929932,0.4266514480113983,0.33778706052015706,0.9310944080352783,0.04823821783065796,2.2628680179659355e-11,0.010804321728691477,0.9903944777228653,0.9822255121625176,0.8087435896595048,0.5134318228709024,0.4212217330932617,0.5849942564964294,0.04136018455028534,0.0,1.0434782608695652,0,0.9130434782608695,0.6666666666666666,0.40419047619047627,0.10200635790064361,0.44,0.25237199138965566,0.9545454545454546,0.6129849159311175,0.6
f352s,7,3,41.26547455295735,0.3604890367648042,2.504,0.676,0.7376546617489785,0.5,0.704,2.504,14,7,88.23529411764706,0.1295209877884738,0.808,0.524,0.15377472700891612,0.07692307692307693,0.652,0.808,10.66818618774414,1.2883394956588745,0.6129625398050519,0.3925965130329132,0.07409920543432236,0.0005845277919434011,0.028411364545818326,-0.903130292892456,0.02679552510380745,0.34591457785947277,0.807090699672699,0.1492978185415268,9.510246756772034e-12,0.027210884353741496,0.5075509498051681,-0.39581755950934294,0.7965125286449873,0.19443924302218543,0.17695824801921844,0.6211115717887878,0.5206453204154968,46.96981956468971,0.5333333333333333,-4,0.8571428571428571,0.8333333333333334,0.3453333333333333,0.08137703743822469,0.33,0.23564778498575342,0.42857142857142855,0.12738217569055238,0.024
v353l,15,8,89.82035928143712,0.1398946382151625,0.828,0.504,0.14693588345313696,0.2857142857142857,0.316,0.828,17,8,107.91366906474819,0.29222918320082686,0.876,0.308,0.2385556538839522,0.5,0.328,0.876,8.273892402648926,1.6977980136871338,0.5353793879644493,0.21645693480968475,0.07043095678091049,0.00029214713140390813,0.030012004801920768,-0.5317904949188232,0.3438836634159088,0.3732330883174373,0.8087554574012756,0.1465596854686737,1.2884586626793482e-11,0.01800720288115246,0.5913846918477274,-0.5189152142669906,0.5392877206904482,-0.35666901199938067,0.19418929517269135,0.213227778673172,0.5269936919212341,18.09330978331107,0.8888888888888888,0,0.7333333333333333,0.5,0.3436363636363637,0.11366879537200311,0.34,0.3307821991285694,0.9411764705882353,0.17871598793474597,0.496
v354s,22,11,130.43478260869566,0.012673548252254748,0.472,0.456,0.0034641016151377513,0.0,0.208,0.472,21,11,129.3103448275862,0.03264604740880481,0.496,0.432,0.02415737873545929,0.0,0.264,0.496,4.428812503814697,1.6096810102462769,0.6544311213677767,0.46155768632888794,0.035530995577573776,0.049365587532520294,0.006402561024409764,-1.1049180030822754,0.15287673473358154,0.2500078409895236,0.9269035458564758,0.01941129006445408,1.953869011028786e-11,0.007603041216486595,0.8832203498431273,0.6002368535782269,0.9411713091936432,0.6966910688960622,0.6087668538093567,0.8425341844558716,0.20071686804294586,1.1244377811094637,1.0454545454545454,0,0.9090909090909091,0.8333333333333334,0.22359999999999997,0.013440238093129154,0.224,0.060108396654942706,1.0,0.5742909944702399,0.384
v355l,22,11,131.57894736842104,0.03895777543615132,0.512,0.4,0.030449958949069204,0.0,0.328,0.512,21,11,130.43478260869566,0.06045635285003709,0.5,0.4,0.0440286987746569,0.0,0.38,0.5,1.8196077346801758,1.0998408794403076,0.6404774023926006,0.3420194983482361,0.09567106515169144,0.044155701994895935,0.005202080832332933,0.09363222122192383,0.11353403329849243,0.3597349105794422,0.7969087362289429,0.1482951045036316,2.456242848003498e-11,0.014005602240896359,0.7315637331921816,-0.19422218021720794,0.7622481257603436,0.3279454250891303,0.3795302212238312,0.43555206060409546,0.32762670516967773,1.1441647597253848,1.0454545454545454,0,0.9090909090909091,0.8333333333333334,0.2222,0.05031858503574996,0.236,0.22645626809715247,1.0,0.4369855326243166,0.392
t356s,23,12,140.8450704225352,0.12361969090659095,0.62,0.376,0.06224376044460773,0.09090909090909091,0.076,0.62,21,12,142.18009478672985,0.3005897417069802,0.876,0.364,0.16964607120026154,0.2,0.08,0.876,11.298645973205566,3.0255937576293945,0.6856670071900395,0.40697792172431946,0.014310061000287533,0.02569626271724701,0.012004801920768308,1.9217219352722168,0.23070868849754333,0.33900126427990557,0.8131028413772583,0.1625683307647705,1.3835751988544587e-11,0.013605442176870748,0.9478014870157184,0.89024209873803,0.8071185670636463,0.32512406785269254,0.37738358974456787,0.3429430425167084,0.15842817723751068,1.335024364194652,1.0909090909090908,0,0.9130434782608695,0.8333333333333334,0.2952380952380953,0.08918354789656835,0.28,0.3020732971600875,0.9523809523809523,0.3186184002086767,0.016
t357l,22,10,142.85714285714286,0.1322392195703664,0.648,0.372,0.06482592074162928,0.09523809523809523,0.392,0.648,22,10,140.18691588785046,0.13898084772555422,0.652,0.38,0.06787046485769786,0.14285714285714285,0.368,0.652,12.833794593811035,3.250058174133301,0.6985013471647651,0.4452153146266937,0.018289964646100998,0.02435847371816635,0.01720688275310124,-1.0485261678695679,0.05360998585820198,0.3101347729246269,0.9304835200309753,0.019303087145090103,8.855307979949156e-12,0.004001600640256103,0.948108771489379,0.8718862522465516,0.9010693891131331,0.6577114246403077,0.2558620572090149,0.5061118006706238,0.1930461972951889,2.6702269692924006,1.0,0,0.9545454545454546,0.8333333333333334,0.316,0.0849156444164835,0.304,0.2687203852192394,0.9545454545454546,0.39241382856871104,0.456
t358s,24,12,144.23076923076923,0.07874757173852674,0.544,0.38,0.051068581339214825,0.043478260869565216,0.168,0.544,11,6,67.56756756756756,0.24881687721888485,1.296,0.488,0.3379072851143245,0.4,0.404,1.296,12.644671440124512,3.2377665042877197,0.6912231709409027,0.41206642985343933,0.013838464394211769,0.027885915711522102,0.012805122048819529,0.6724703311920166,-0.23750443756580353,0.29072781394616287,0.7558356523513794,0.23524996638298035,1.542467716053597e-11,0.037615046018407365,0.953071290505494,0.8716243249343171,0.710868701958798,0.5119721736485052,0.281593382358551,0.28579625487327576,0.20703065395355225,76.66320166320166,2.0833333333333335,6,0.5416666666666666,0.5,0.3049230769230769,0.14806363576748474,0.276,0.4855769934037065,1.0,0.08669251289893014,0.472
v361l,15,7,86.45533141210375,0.3895882609102752,0.984,0.16,0.35131576854842317,0.5714285714285714,0.492,0.984,17,10,109.09090909090908,0.33775931954984384,0.824,0.312,0.18324773759403779,0.75,0.096,0.824,0.16689443588256836,0.2883324921131134,0.5034974735600358,0.16993024945259094,0.05363484472036362,0.001007326296530664,0.030012004801920768,0.19855141639709473,0.716964840888977,0.30312809541123326,0.9432185292243958,0.03808049485087395,3.1438022324303816e-11,0.018807523009203683,0.5006427959700207,-0.07832739157441988,0.590992981507929,-0.40719360090591006,0.2040795534849167,0.6357597708702087,0.2737513780593872,22.635577678805333,0.8888888888888888,-3,0.9333333333333333,0.8333333333333334,0.3242857142857143,0.13992213578141469,0.348,0.4314779384433688,0.8823529411764706,0.30531331583341176,0.656
f362s,14,7,73.17073170731707,0.39408603124047603,1.092,0.196,0.4954351622563744,0.46153846153846156,0.208,1.092,11,5,71.59904534606206,0.2735759262931229,1.632,0.72,0.37302368110706674,0.1,0.428,1.632,-0.5878965854644775,0.5392876863479614,0.4652719675100348,0.07986243814229965,0.14539140462875366,0.0008721092599444091,0.06282513005202081,0.5224940776824951,-0.2327726185321808,0.29743051086506883,0.8628478646278381,0.11974036693572998,1.2590833757541997e-11,0.029611844737895156,0.3950653465747169,-0.46207520570085114,0.8861465380140348,0.6334422179089997,0.16847079992294312,0.5687485933303833,0.20191670954227448,1.5716863612550185,1.25,2,0.7142857142857143,0.8333333333333334,0.36240000000000006,0.14012794153915198,0.37,0.3866664946812556,0.8181818181818182,0.21646815708792652,0.672
a363l,3,0,67.11409395973155,0.2035794160673444,1.076,0.712,0.3640000000000001,1.0,6.864,6.864,22,11,133.92857142857142,0.014394311333569804,0.468,0.44,0.009380831519646866,0.0,0.364,0.468,2.991948127746582,-0.4479762613773346,0.429933568177658,0.08579043298959732,0.2912832498550415,0.00011071165499743074,0.23649459783913565,-0.6976101398468018,0.6132537126541138,0.28982884773012546,0.767404317855835,0.011627208441495895,2.159187759143144e-11,0.014805922368947578,0.5332526917351895,0.07708379993848573,0.9775225154144985,0.9416961818705608,0.1435796469449997,0.9000204801559448,0.1557464599609375,66.81447746883987,0.17391304347826086,-11,1.0,1.0,0.412,0.12728969583853464,0.5,0.3089555649247063,0.2727272727272727,0.17450628185422534,0.624
v364s,23,11,138.88888888888889,0.10862172176416483,0.572,0.272,0.0819337711639276,0.09090909090909091,0.36,0.572,23,11,140.18691588785046,0.009970784492614605,0.44,0.424,0.006414269805898192,0.0,0.468,0.468,2.9701900482177734,0.6214098334312439,0.5775728397193438,0.32760438323020935,0.044467803090810776,0.000755574437789619,0.010804321728691477,-0.8897955417633057,0.6551157236099243,0.2806463136420262,0.7807331681251526,0.02472255751490593,2.6397658364762933e-11,0.017607042817126852,0.7504136325341481,-0.49230999331150693,0.9747705804791444,0.9196068084016319,0.47952479124069214,0.8970147371292114,0.1265646368265152,1.298026998961575,1.0,0,0.9130434782608695,0.8333333333333334,0.20057142857142857,0.03405957166155656,0.196,0.16981267075784118,0.9565217391304348,0.679363765750758,0.328
v365l,10,5,59.7609561752988,0.019207475041596096,1.032,0.968,0.01456021977856105,0.0,0.144,1.032,13,5,79.15567282321899,0.3368489538313987,1.128,0.444,0.22132493594877028,0.8333333333333334,0.76,1.128,3.7627406120300293,1.1627737283706665,0.6254388916082905,0.24236777424812317,0.029500486329197884,0.013134950771927834,0.01720688275310124,-0.876476526260376,-0.20013026893138885,0.3041424668395384,0.7390226721763611,0.2253757268190384,5.369310031311247e-12,0.01920768307322929,0.8730103169037052,0.403937126744906,0.46368615094563886,-0.7043278828952828,0.4162466824054718,0.49754101037979126,0.11723551154136658,19.39471664792019,0.7857142857142857,0,0.3,0.3333333333333333,0.20666666666666667,0.17347686365109968,0.084,0.8394041383406047,0.8461538461538461,0.2807060168256279,0.336
v366s,1,0,0.0,0.0,10.0,10.0,0.0,1.0,8.556,8.556,13,7,76.33587786259541,0.009097360939578658,0.796,0.776,0.004670993664969142,0.0,0.272,0.796,10.724010467529297,-0.13875062763690948,0.49770955414462614,0.1311187595129013,0.1317720264196396,0.006035672500729561,0.035214085634253704,-1.0721405744552612,0.06799312680959702,0.2916488214406416,0.9701709151268005,0.01287110522389412,2.1719367623851404e-11,0.009203681472589036,0.0,0.0,0.998558958232999,0.9954844926669296,0.18477453291416168,0.9147449135780334,0.0,76.33587786259541,0.14285714285714285,-7,1.0,1.0,0.284,-1.0,0.284,-1.0,0.07692307692307693,0.14875352466405492,0.464
v367l,12,9,115.38461538461539,0.35826641593554254,1.052,0.472,0.225349506322956,0.36363636363636365,0.172,2.348,13,7,97.0873786407767,0.4215330861508336,1.532,0.452,0.45664706881194966,0.6666666666666666,0.296,1.532,15.088031768798828,3.2680652141571045,0.6573596038186152,0.41709205508232117,0.1389375925064087,0.007125530857592821,0.012404961984793917,-0.3075854778289795,-0.21792221069335938,0.28551137804838994,0.509995698928833,0.484129935503006,1.1587001323698498e-11,0.023609443777511004,0.9510059731247652,0.8807120041006081,0.6310713525986924,0.25801703039472024,0.17855466902256012,0.5286960005760193,0.10930174589157104,18.29723674383868,0.9285714285714286,2,0.6666666666666666,0.6666666666666666,0.253,0.15611213918206363,0.174,0.6170440039985122,0.7692307692307693,0.14845119762355766,0.32
v368s,8,7,84.26966292134831,0.008191195890634257,0.72,0.704,0.008793937305515287,0.0,0.636,4.384,17,7,113.20754716981132,0.441883279343726,1.272,0.308,0.30336424750894203,0.875,0.128,1.272,14.299070358276367,3.158663511276245,0.6783434164801878,0.5225875973701477,0.030129672959446907,0.006038457155227661,0.026410564225690276,-0.20799851417541504,0.2690519392490387,0.3512512311004791,0.9286534786224365,0.02904673106968403,8.871685504285853e-12,0.025610244097639057,0.9942420874254987,0.9850871038931512,0.6834315626695084,0.05675591085232129,0.453120619058609,0.6681662797927856,0.060830842703580856,28.937884248463007,0.5,0,0.875,1.0,0.36971428571428566,0.008778452283278417,0.368,0.023743881113167407,0.4117647058823529,0.4554276663355761,0.52
v369l,17,12,153.0612244897959,0.4268703049624086,0.88,0.3,0.11810955366381955,0.4375,0.32,0.88,10,4,68.80733944954129,0.20787101297921895,1.164,0.424,0.31025795719046434,0.2222222222222222,1.672,1.672,1.1311383247375488,-0.18013231456279755,0.3519149614501109,0.11627992242574692,0.00789897982031107,1.2244339814060368e-05,0.031612645058023206,-0.6678023338317871,-0.41554585099220276,0.22932949123063795,0.8590266704559326,0.13621872663497925,1.2066755580852906e-11,0.024809923969587835,0.5819052521108281,-0.14425011722865463,0.8470054227803073,-0.18116765486357764,0.6885957717895508,0.679620623588562,0.2934403717517853,84.25388504025462,1.6363636363636365,8,0.5294117647058824,0.0,0.2644444444444444,0.07814390018294755,0.212,0.29550213237451095,0.9,0.21199327774423204,0.584
v370s,21,10,126.05042016806723,0.005619104527217318,0.484,0.472,0.0040000000000000036,0.0,0.28,0.484,17,7,126.05042016806723,0.3259034371328858,0.964,0.428,0.18361699267769313,0.1875,0.516,0.964,2.9489288330078125,1.3369395732879639,0.5292384643703385,0.4210488498210907,0.20971128344535828,0.00020734021381940693,0.010804321728691477,-0.04589533805847168,-0.11676493287086487,0.320455956019767,0.8099574446678162,0.16587881743907928,6.093965609910157e-12,0.006402561024409764,0.9116004003914598,0.6586236498062931,0.8421998849216252,0.3720534034483394,0.6963769793510437,0.6107759475708008,0.14526982605457306,0.0,1.2222222222222223,3,0.9047619047619048,0.6666666666666666,0.19094736842105262,0.190917307446309,0.096,0.9998425169541878,1.0,0.3325116442329193,0.24
v371l,3,2,21.47458840372226,0.06657122381327406,2.98,2.608,0.3719999999999999,0.0,1.872,2.98,23,11,134.52914798206277,0.019825219964437122,0.464,0.432,0.013180071536766636,0.0,0.1,0.464,3.9583139419555664,-1.54423987865448,0.43062642910581456,0.07355910539627075,0.2481621503829956,0.00012576690642163157,0.03281312525010004,-0.8690340518951416,-0.0060629392974078655,0.2922020446398816,0.7945467233657837,0.14319808781147003,1.2601186587246627e-11,0.004801920768307323,0.9983720804984392,0.9956646509748078,0.9275896461174343,0.8268535192004085,0.19824887812137604,0.7655099630355835,0.06220738962292671,113.0545595783405,0.16666666666666666,-9,1.0,1.0,0.3186666666666667,0.1564381311857467,0.276,0.49091462220690524,0.2608695652173913,0.1085828612929539,0.792
v373l,17,8,100.33444816053512,0.19654519930440098,0.804,0.408,0.19909394767295166,0.375,0.22,0.804,14,6,102.04081632653062,0.3350575800369265,1.168,0.544,0.35602059865500285,0.23076923076923078,0.228,1.168,9.754405975341797,3.0036683082580566,0.6216593494237966,0.5505132675170898,0.0030574188567698,0.00011242859909543768,0.03481392557022809,-0.7627692222595215,0.017071036621928215,0.36743395491825925,0.8802568316459656,0.09124931693077087,3.446888607872012e-11,0.012404961984793917,0.9915288833301383,0.9740499690988483,0.924300424300127,0.8367934482830083,0.21766647696495056,0.47287750244140625,0.07456809282302856,1.7063681659954995,1.2,2,0.6470588235294118,0.5,0.45527272727272733,0.11758562907638524,0.52,0.25827513806509034,1.0,0.2973093498239218,0.12
v374s,13,7,83.79888268156425,0.2519106732453128,1.416,0.696,0.2986466443505069,0.08333333333333333,0.116,1.416,14,7,83.79888268156425,0.024771966815704035,0.732,0.68,0.028071337695236356,0.0,0.268,0.732,11.255680084228516,3.0068907737731934,0.6023482678582796,0.551139235496521,0.01792178675532341,0.0001137566941906698,0.03241296518607443,-0.9247331619262695,-0.08821766078472137,0.2614726570844905,0.9764973521232605,0.007643801160156727,8.69094466532383e-12,0.006802721088435374,0.9901103214786149,0.9551539295638948,0.9845808671215074,0.9386753633609408,0.6727694869041443,0.9114347696304321,0.052446164190769196,0.0,0.9333333333333333,0,0.9230769230769231,0.8333333333333334,0.38399999999999995,0.011195237082497787,0.384,0.029154262476445737,0.8571428571428571,0.45493910593529996,0.584
v375l,15,8,86.20689655172414,0.0036125830633807012,0.696,0.688,0.0033282011773513778,0.0,0.04,0.696,14,6,89.82035928143712,0.3344688988342459,1.396,0.44,0.35346475543303224,0.46153846153846156,0.264,1.396,6.458830833435059,2.304080009460449,0.5723930963201846,0.487118124961853,0.0028149192221462727,0.002428603358566761,0.027611044417767107,0.23651671409606934,0.07032693177461624,0.3827551783968067,0.7440240979194641,0.18669936060905457,6.933115106327881e-12,0.026810724289715888,0.9835333740503613,0.9330525888033953,0.7317132669812313,0.4806150382872729,0.8789539337158203,0.4976804554462433,0.04807289317250252,3.613462729712978,1.0666666666666667,2,0.8666666666666667,0.8333333333333334,0.30215384615384616,0.06791153312480101,0.328,0.22475812153866023,1.0,0.42898250066928706,0.504
a376s,19,9,122.95081967213115,0.3867745586967508,0.884,0.3,0.27507774302164534,0.7222222222222222,0.04,0.884,13,6,78.125,0.4110991060356411,1.236,0.352,0.6257086164719747,1.0,0.536,1.236,2.4497361183166504,0.5542663931846619,0.6280352940570378,0.31951478123664856,0.12947982549667358,0.014214416965842247,0.0056022408963585435,-0.7896847724914551,-0.23510655760765076,0.25976641293349506,0.5003576278686523,0.49642762541770935,6.974218945410282e-12,0.012805122048819529,0.3860161673862591,-0.5138883376361733,0.6047743568905074,-0.04337402039023698,0.19812451303005219,0.642224907875061,0.3816104233264923,44.825819672131146,1.4285714285714286,3,0.7894736842105263,0.5,0.2946666666666667,0.15404011021664307,0.268,0.5227605372931143,0.9230769230769231,0.15284689201164972,0.704
a377l,11,7,83.10249307479225,0.7621081762076131,2.788,0.268,1.0411036878663376,0.8,0.74,2.788,14,7,83.79888268156425,0.14616256096118604,0.924,0.528,0.15005332385522158,0.3076923076923077,0.568,0.924,0.6247444152832031,0.11269912123680115,0.6454922443752731,0.20328685641288757,0.10440535843372345,0.036152951419353485,0.004801920768307323,-0.8443894386291504,-0.2874962091445923,0.28020007442586387,0.9307820796966553,0.025008590891957283,1.5060883096218447e-11,0.014805922368947578,0.21191480660656822,-0.12604684438702973,0.765674319433872,0.08450543976916688,0.14837390184402466,0.8457950353622437,0.2532109022140503,0.6963896067720015,0.8,0,0.9090909090909091,0.8333333333333334,0.38320000000000004,0.12600698393343124,0.356,0.3288282375917246,0.6428571428571429,0.20473186684181247,0.664
a378s,27,14,174.4186046511628,0.3726019138003052,0.72,0.124,0.21421484542393418,0.6153846153846154,0.132,0.72,7,0,106.00706713780917,0.2919299682880475,0.728,0.308,0.18443427013437605,0.5,6.432,6.432,0.6362082958221436,0.4253566265106201,0.7317065975847572,0.32409292459487915,0.035285621881484985,0.06028170883655548,0.001600640256102441,2.5654468536376953,0.09479069709777832,0.32259383113220735,0.8718620538711548,0.08875179290771484,1.6648803646476806e-12,0.5710284113645459,0.20732417323901697,-0.5012717108782715,0.5691717909969984,-0.11235514844418791,0.12604255974292755,0.4740810990333557,0.26752883195877075,68.41153751335364,3.5,14,0.2962962962962963,0.0,0.3775,0.12815517937250917,0.312,0.33948390987462274,1.0,0.057924357486506976,0.176
b379l,4,4,39.8936170212766,0.013657900863625817,1.548,1.504,0.03111269837220812,0.0,0.06,5.384,18,9,113.63636363636363,0.3049582134815743,0.856,0.316,0.18621224449536072,0.7058823529411765,0.292,0.856,2.8436403274536133,0.7537474036216736,0.5177300383384945,0.13494142889976501,0.022409001365303993,0.013558885082602501,0.0664265706282513,1.1577000617980957,1.2982022762298584,0.35654590709190037,0.8330905437469482,0.11612303555011749,4.204698741960833e-11,0.020008003201280513,0.9983142442096878,0.996138675618278,0.5473518522852554,-0.41269278261732184,0.553808331489563,0.5043686032295227,0.028654729947447777,73.74274661508703,0.2631578947368421,-5,0.75,0.75,0.216,0.08510385811857572,0.208,0.3939993249008448,0.2222222222222222,0.37498534036237374,0.752
v380s,15,8,83.33333333333334,0.28316335746553106,0.764,0.248,0.12842717181943414,0.2857142857142857,0.728,0.764,16,7,86.20689655172414,0.3162348438902386,0.812,0.304,0.1562269411556699,0.4,0.644,0.812,2.1731109619140625,0.7701684236526489,0.5547217054157886,0.1622348129749298,0.037912290543317795,0.001988662639632821,0.011604641856742696,-0.5128839015960693,0.38998353481292725,0.27993893039006235,0.9190838932991028,0.07135868817567825,1.538657395938614e-11,0.013605442176870748,0.5946821532153604,-0.03845866033048532,0.6474690981957515,-0.8510582855622792,0.2761695384979248,0.7015976309776306,0.20346252620220184,2.8735632183907995,0.9411764705882353,1,0.9333333333333333,0.8333333333333334,0.41857142857142854,0.14806644950625297,0.498,0.35374236238286877,0.9375,0.3874290736490112,0.776
v381l,20,10,121.95121951219512,0.021755357880390572,0.516,0.476,0.012578641509408817,0.0,0.288,0.516,20,10,120.96774193548387,0.020619561275384533,0.52,0.48,0.014514360704718173,0.0,0.508,0.52,5.778474807739258,2.3496592044830322,0.5493525273253085,0.6744015216827393,0.0029554739594459534,0.004255921579897404,0.012404961984793917,-1.3136025667190552,0.3136650025844574,0.23532914440854022,0.9562097787857056,0.004904927685856819,4.456531064317426e-12,0.008403361344537815,0.9909566070930845,0.9649225483303372,0.9904858236986148,0.9679986666622701,0.7891818881034851,0.9232723712921143,0.047279004007577896,0.9834775767112518,1.0,0,0.95,0.8333333333333334,0.2993684210526315,0.23394561008160483,0.116,0.7814638612996412,0.95,0.6213086363822248,0.744
a385l,22,11,161.29032258064515,0.5388191059761177,1.272,0.184,0.42006570914560504,0.6666666666666666,0.2,1.272,18,10,138.88888888888889,0.4708313670867314,1.46,0.364,0.42506117206820954,0.35294117647058826,0.06,1.46,2.1810102462768555,-0.16523487865924835,0.6775959464586611,0.24867568910121918,0.07157603651285172,0.03324117884039879,0.06362545018007203,3.0498642921447754,-1.5161312818527222,0.47424255300836626,0.6881604790687561,0.10536225140094757,1.4946436449614353e-11,0.028811524609843937,0.023973215895544204,-0.8039076490782335,0.4285237649530535,0.09364673191945753,0.15087252855300903,0.29955390095710754,0.12949945032596588,22.401433691756267,1.2105263157894737,1,0.7727272727272727,0.6666666666666666,0.33576470588235297,0.14075741727891694,0.336,0.41921443981694695,0.9444444444444444,0.12662110185305187,0.136
a386s,7,4,60.483870967741936,0.6415602653970556,2.456,0.108,1.212905272475967,0.6666666666666666,1.256,2.456,6,2,64.6551724137931,0.49763635495682645,2.052,0.404,0.7716657307409732,0.6,3.76,3.76,1.6491403579711914,0.9549228549003601,0.3358848509286728,0.0233498215675354,0.18579578399658203,0.00030186743242666125,0.03241296518607443,6.267419815063477,-1.0394831895828247,0.3512246354838024,0.8073574304580688,0.14065730571746826,1.1327151890061504e-11,0.12685074029611845,0.7813879834013528,0.4538327839217687,0.47474953085607297,-0.13888038535328243,0.20902571082115173,0.26861146092414856,0.17131654918193817,4.17130144605116,1.1428571428571428,2,0.42857142857142855,0.3333333333333333,0.52,0.049423341314268364,0.5,0.0950448853150375,0.3333333333333333,0.12380350379829848,0.752
b388s,8,4,45.31722054380664,0.05430130921120047,1.384,1.192,0.1155046896594824,0.0,0.836,1.384,8,4,45.59270516717325,0.05586665389892585,1.384,1.192,0.11381856907669627,0.0,0.808,1.384,22.76658058166504,4.1206583976745605,0.6800028282851773,0.4959627687931061,0.04418626427650452,0.002034480683505535,0.06602641056422569,-0.755338191986084,0.009043005295097828,0.27403582058966025,0.5874361991882324,0.40871503949165344,2.0561387661932606e-11,0.012404961984793917,0.9939270098808513,0.9801618394845402,0.9880335050627073,0.9713154066723386,0.34584859013557434,0.749441921710968,0.020270174369215965,0.2754846233666086,1.0,0,0.0,0.0,-1.0,-1.0,-1.0,-1.0,0.25,0.33632836824514367,0.064
b389l,7,3,41.724617524339365,0.05844636783972628,1.56,1.312,0.15455743269089325,0.0,0.752,1.56,7,3,41.78272980501393,0.06911976819063412,1.556,1.26,0.15596922773419117,0.0,0.796,1.556,19.690902709960938,3.1066105365753174,0.6640959856542813,0.3910852074623108,0.1086333692073822,0.0024519802536815405,0.051220488195278115,-0.784905195236206,-0.08418295532464981,0.2869647275309537,0.5529080033302307,0.4392333924770355,2.112906551110516e-11,0.008003201280512205,0.7201484013379831,-0.6570445647949588,0.998053283801467,0.9963036536848093,0.2824002802371979,0.6698126792907715,0.2574930489063263,0.058112280674563976,1.0,0,0.0,0.0,-1.0,-1.0,-1.0,-1.0,0.0,0.27091019163906715,0.0
v390s,24,12,150.0,0.03105207970637573,0.436,0.372,0.018896849184213457,0.0,0.408,0.436,25,13,149.25373134328356,0.016585603438361015,0.412,0.392,0.0071261917386253315,0.0,0.076,0.412,1.501086711883545,0.2527322769165039,0.5581931852875649,0.45397692918777466,0.011762019246816635,0.0019970224238932133,0.03441376550620248,-1.006739854812622,0.09729818254709244,0.26376490707693007,0.8303189277648926,0.016619833186268806,2.393590100430165e-12,0.0020008003201280513,0.8645419001749062,-0.0015649607024250045,0.9859043407711986,0.9299370823326926,0.7752268314361572,0.9233694076538086,0.066550612449646,0.7462686567164383,0.9615384615384616,-1,1.0,1.0,0.18900000000000003,0.01212435565298214,0.188,0.06415002651577711,0.96,0.6613437429989875,0.728
v392s,16,7,85.71428571428572,0.2513129061239299,0.764,0.256,0.08281476748917257,0.2,0.092,0.764,14,7,85.22727272727273,0.2320338790917844,1.012,0.404,0.27556729365680055,0.38461538461538464,0.396,1.012,12.994487762451172,3.0165863037109375,0.6870169388222949,0.5244091153144836,0.03210540488362312,0.016253434121608734,0.008403361344537815,6.976693153381348,-0.22104394435882568,0.323057943977671,0.8684626817703247,0.10966760665178299,1.0119989048151812e-11,0.03081232492997199,0.8085550643504306,-0.4787125330378644,0.691728859683276,0.06534941511788607,0.2998819649219513,0.2643139660358429,0.2136211097240448,0.4870129870129887,1.1333333333333333,0,0.8125,0.8333333333333334,0.38123076923076926,0.06139675993224329,0.388,0.1610488010861216,0.9285714285714286,0.14095922957098905,0.752
t393l,25,13,150.0,0.03638431249323089,0.472,0.396,0.0161083289285253,0.0,0.092,0.472,23,11,148.5148514851485,0.1872361137812429,0.636,0.328,0.09061483112078077,0.13636363636363635,0.136,0.636,-0.20793819427490234,0.6621472239494324,0.511352933637967,0.46029993891716003,0.008542529307305813,0.005020029377192259,0.008003201280512205,1.0796003341674805,0.2827228605747223,0.40725498314158864,0.5575993657112122,0.2902939021587372,1.8505292784243288e-11,0.01920768307322929,0.9877450941438773,0.9293622087668469,0.6283502947053301,0.012535567422347542,0.8930805921554565,0.22653959691524506,0.12472736835479736,1.4851485148514882,1.0833333333333333,2,0.88,0.5,0.3661818181818182,0.09688026178725438,0.348,0.26456873151867866,1.0,0.34110431919896866,0.168
t394s,25,12,150.0,0.027069224253224555,0.404,0.348,0.010417376787389182,0.0,0.336,0.404,24,12,150.0,0.20579242918492097,0.82,0.376,0.1300433494157726,0.043478260869565216,0.092,0.82,-0.5600314140319824,0.540786862373352,0.4994313947558052,0.44189998507499695,0.0026878388598561287,0.004386997781693935,0.007202881152460984,1.5103468894958496,-0.05258335545659065,0.39210411769231945,0.6625460982322693,0.17816194891929626,8.685325895985141e-12,0.01520608243297319,0.9522785957987182,0.07870207376833474,0.7975263967965851,0.4147233339978804,0.9265434741973877,0.45587095618247986,0.14769664406776428,0.0,1.04,0,0.96,1.0,0.3578333333333334,0.08977734804627625,0.32,0.2508915105841485,1.0,0.5662097124303974,0.568
v395l,16,8,95.54140127388536,0.008616364429022527,0.636,0.616,0.00385449644663773,0.0,0.576,0.636,15,8,95.84664536741214,0.0236249502314475,0.644,0.596,0.024153356192972777,0.0,0.576,0.672,2.1618919372558594,1.500868797302246,0.6298071894233517,0.28571632504463196,0.010146211832761765,0.031083103269338608,0.006802721088435374,-1.1054366827011108,-0.08103925734758377,0.245686074762283,0.966148316860199,0.02496495470404625,1.1635115614028191e-11,0.006402561024409764,0.9840681258494716,0.9191989129602555,0.9891842527723058,0.9746975587359473,0.8226399421691895,0.8896411061286926,0.08293666690587997,0.30524409352678106,1.0625,0,0.9375,0.8333333333333334,0.4152000000000001,0.008415858046965066,0.416,0.020269407139381003,1.0,0.49442378772406115,0.632
a397l,16,8,93.16770186335404,0.009048853166145164,0.648,0.628,0.008141603913585727,0.0,0.176,0.648,16,8,92.5925925925926,0.017458995481590817,0.656,0.62,0.01974118248014253,0.0,0.184,0.656,0.9473884105682373,1.0073789358139038,0.6320714259390977,0.23892268538475037,0.032570064067840576,0.034017324447631836,0.008403361344537815,-1.1332849264144897,-0.13171005249023438,0.22050649207040757,0.9785588979721069,0.01608249917626381,9.486038690664778e-12,0.005202080832332933,0.9767675697411395,0.9552419730173024,0.9957370188889315,0.9896799625111259,0.6942758560180664,0.8718946576118469,0.09353845566511154,0.5751092707614447,1.0,0,0.9375,0.8333333333333334,0.4040000000000001,0.007447594690010085,0.4,0.01843463986550417,0.9375,0.47704294126270924,0.0
v398s,3,0,182.9268292682927,0.26829267474717455,0.416,0.24,0.176,1.0,6.856,6.856,13,6,78.32898172323759,0.38966509685747874,1.352,0.312,0.4803801524928887,0.75,0.3,1.352,9.893328666687012,-1.5368589162826538,0.4651006642407455,0.11907286942005157,0.03732868283987045,0.00018883409211412072,0.01680672268907563,0.9436101913452148,0.4517396092414856,0.3495401318530629,0.7056348919868469,0.26612207293510437,5.530950263760159e-12,0.028811524609843937,0.43239382951899613,-0.5009903070055752,0.5148514158417815,0.02369977157549838,0.30479446053504944,0.1397576928138733,0.046560127288103104,104.5978475450551,0.2857142857142857,-6,0.6666666666666666,0.6666666666666666,0.218,0.04600000000000001,0.218,0.2110091646326072,0.15384615384615385,0.029894900181213133,0.296
v401l,18,9,104.16666666666667,0.011535183832470035,0.588,0.556,0.010344080432788574,0.0,0.096,0.588,14,7,111.94029850746269,0.4891690944477271,1.508,0.348,0.5278573039499722,0.46153846153846156,0.492,1.508,7.460799217224121,2.180156946182251,0.675929359422678,0.5131189227104187,0.028477074578404427,0.023036841303110123,0.004801920768307323,-0.15354394912719727,0.07942920178174973,0.3510921515031519,0.675004243850708,0.2969043254852295,9.428126682142768e-12,0.03321328531412565,0.9407290585651791,0.8128056872390098,0.48362303988671185,-0.26759835457201775,0.5979685187339783,0.29609525203704834,0.08662351220846176,7.773631840796014,1.2666666666666666,2,0.6111111111111112,0.3333333333333333,0.31563636363636366,0.10569877674296273,0.304,0.3348751461222131,1.0,0.1023479957978381,0.624
v402s,21,10,129.3103448275862,0.007939608556507773,0.472,0.456,0.0043042206947917555,0.0,0.42,0.472,12,6,86.20689655172414,0.44456990028794197,1.684,0.412,0.5857303133695574,0.6363636363636364,1.08,1.684,4.677318572998047,1.5953809022903442,0.6371547978225769,0.48519691824913025,0.06079084053635597,0.021646231412887573,0.006402561024409764,1.823448657989502,-0.03334403038024902,0.4016764343886437,0.7407491207122803,0.1366918534040451,1.2266525468984657e-11,0.05322128851540616,0.9213367062055712,0.5047321976162227,0.6052928712001246,0.09973254146786761,0.6746114492416382,0.08567052334547043,0.13882385194301605,43.10344827586205,1.6923076923076923,4,0.47619047619047616,0.3333333333333333,0.3708,0.13872620516686818,0.414,0.3741267568112206,0.9166666666666666,0.13315981082891454,0.624
v403l,8,4,52.631578947368425,0.1875546426502989,1.744,1.136,0.3105994204759565,0.2857142857142857,0.516,1.744,8,4,52.447552447552454,0.1923315721788423,1.724,1.092,0.3069114964719743,0.2857142857142857,0.332,1.724,23.87881851196289,4.250755310058594,0.6586387713464011,0.31224414706230164,0.07529082894325256,0.012560397386550903,0.018807523009203683,-0.699150800704956,0.3442712724208832,0.29409750865492273,0.7018548250198364,0.2938844561576843,9.582637634786284e-12,0.04721888755502201,0.9863626635953417,0.9758820856530855,0.9929407452020212,0.9835008902937774,0.49090591073036194,0.5727878212928772,0.05281003937125206,0.18402649981597108,1.0,0,0.0,0.0,-1.0,-1.0,-1.0,-1.0,0.75,0.3377615454456375,0.2
v404s,10,5,81.9672131147541,0.6791711562657263,2.624,0.376,1.0267833267052986,0.4444444444444444,1.22,2.624,15,8,86.20689655172414,0.3489299812171612,1.048,0.348,0.27828264546901016,0.5714285714285714,0.544,1.048,6.677684783935547,2.315572738647461,0.5723535681015375,0.3782968521118164,0.002446452621370554,0.0036602714098989964,0.01600640256102441,-0.5154991149902344,-0.1493849903345108,0.3533445940014864,0.7580832242965698,0.22745558619499207,6.639527469487483e-12,0.014405762304921969,0.9154100827730949,0.8716025468744736,0.5247869660767244,-0.7120557477222624,0.3514637351036072,0.4863135814666748,0.13722287118434906,4.23968343697004,0.6875,-3,0.9,0.8333333333333334,0.33511111111111114,0.08041620130358536,0.368,0.2399687633073871,0.6666666666666666,0.18288164208441995,0.792
v405l,4,0,156.25,0.37717849214742466,0.564,0.208,0.28081310510729374,0.6666666666666666,6.044,6.044,11,6,84.03361344537815,0.47687623210937546,1.748,0.384,0.49231065170050686,0.5,0.592,1.748,4.772195339202881,-0.7016733288764954,0.4875394161067187,0.11185045540332794,0.11459289491176605,0.000195406362763606,0.01640656262505002,6.238242149353027,-0.42498692870140076,0.3852743289573719,0.671242356300354,0.25828778743743896,3.24712166877017e-11,0.07523009203681473,0.7077490138560061,0.35895148398941,0.47037326516693184,0.03605707790113347,0.05063185840845108,0.38470762968063354,0.2749756872653961,72.21638655462185,0.4166666666666667,-6,0.75,0.75,0.37600000000000006,0.15717506163510803,0.392,0.4180187698269157,0.18181818181818182,0.07824776844154961,0.0
t406s,28,14,170.45454545454547,0.018926750626525997,0.376,0.332,0.011421976118935744,0.0,0.136,0.376,23,10,167.5977653631285,0.6912251963975745,1.76,0.316,0.4450121453666287,0.09090909090909091,0.392,1.76,2.703676223754883,-1.3067601919174194,0.5744967709304042,0.29808181524276733,0.05380940064787865,0.004302848596125841,0.010804321728691477,-0.4162781238555908,-0.05469299480319023,0.33423624493562865,0.7245779633522034,0.21851183474063873,1.152173235291487e-11,0.024409763905562223,0.8391032373602905,-0.16001049111183027,0.5792001122874666,0.03845899978411569,0.6498826146125793,0.5291094183921814,0.2050270438194275,2.856780091416965,1.2083333333333333,4,0.75,0.6666666666666666,0.3424761904761905,0.014786155196247876,0.34,0.04317425612550217,0.9130434782608695,0.3243165361908933,0.456
f407l,25,12,150.0,0.13425220056694362,0.52,0.268,0.08976878512383187,0.20833333333333334,0.284,0.52,25,13,151.5151515151515,0.03124654738860325,0.432,0.38,0.017849613319402005,0.0,0.192,0.432,3.2091922760009766,0.11165197193622589,0.5760912189673564,0.2044701725244522,0.12427131831645966,0.008335473015904427,0.0024009603841536613,-0.5978701114654541,-0.1509024053812027,0.3438856201755873,0.6295819878578186,0.27168864011764526,9.938596820524559e-12,0.010404161664665866,0.4352848852363551,-0.7985717958531345,0.8524638449169138,0.577903538728796,0.29267618060112,0.5723937153816223,0.4023211598396301,1.5151515151515014,1.0,-1,0.96,0.8333333333333334,0.27466666666666667,0.03541499996078247,0.264,0.12893810195898586,0.96,0.39221795901190926,0.792
f408s,24,13,157.89473684210526,0.36292918703536803,0.748,0.172,0.2510849186304035,0.43478260869565216,0.04,0.748,26,13,159.5744680851064,0.02364231089199823,0.396,0.356,0.01449137674618945,0.0,0.328,0.396,0.3204379081726074,-0.22813422977924347,0.46290938306767637,0.5815191268920898,0.007135807536542416,0.01338614895939827,0.0008003201280512205,-0.60133957862854,-0.18468229472637177,0.33699958965997767,0.6770115494728088,0.23725682497024536,3.2645674358233734e-11,0.005202080832332933,0.4100871110104775,-0.5186896313283634,0.8867265500186697,0.6118669493514782,0.7097208499908447,0.723071813583374,0.27028968930244446,1.6797312430011289,0.9259259259259259,0,0.9166666666666666,0.6666666666666666,0.29800000000000004,0.06038362210220433,0.316,0.20262959757016225,0.9615384615384616,0.34760386307878405,0.072
t409l,31,15,182.92682926829266,0.27626641243977523,0.468,0.156,0.1423235749972576,0.4666666666666667,0.188,0.468,26,13,157.89473684210526,0.027632525726220943,0.4,0.364,0.019218047073866117,0.0,0.144,0.4,-0.5006914138793945,-0.1369968056678772,0.4521107463532792,0.5909693241119385,0.005199536681175232,0.00236145150847733,0.001600640256102441,-0.6734063625335693,-0.18624527752399445,0.33123931851489347,0.7572610974311829,0.14340342581272125,4.2054793675250224e-11,0.006002400960384154,0.3456594830997607,-0.44546979751232885,0.8992810205143521,0.7641167012840359,0.8497828841209412,0.7360892295837402,0.1389099806547165,25.032092426187404,1.1851851851851851,2,0.967741935483871,0.8333333333333334,0.2322666666666667,0.11810925262465917,0.184,0.5085070933105118,1.0,0.15321528800454406,0.248
t410s,22,14,159.5744680851064,0.5076695644581376,1.14,0.284,0.30346268304356633,0.23809523809523808,0.104,1.14,4,3,29.239766081871345,0.6655586240297532,5.772,1.168,2.703687851805382,0.6666666666666666,0.048,5.772,1.89479398727417,1.280727744102478,0.5743377557812596,0.3805410861968994,0.12841956317424774,0.003760518040508032,0.011604641856742696,11.007770538330078,-1.8719741106033325,0.1667727983642036,0.11477385461330414,0.8852202892303467,2.5924092733609072e-11,0.4057623049219688,0.8079676802748053,-0.14285004301965398,0.9154972650352016,0.9052797348763523,0.6013889908790588,0.16032865643501282,0.1807507872581482,130.33470200323504,4.6,11,0.13636363636363635,0.16666666666666666,0.3373333333333333,0.16334285686521127,0.428,0.48421794077973873,1.0,0.06092083538062335,0.792
t411l,24,12,150.0,0.193787276399248,0.796,0.392,0.12067989212638686,0.043478260869565216,0.228,0.796,17,6,104.89510489510488,0.42814652853223256,1.168,0.312,0.2867974895287614,0.625,0.34,1.168,4.578579902648926,2.0945029258728027,0.5350259541311977,0.48298075795173645,0.017980074509978294,0.00482734851539135,0.007202881152460984,1.935612678527832,-0.04676918685436249,0.3956230314264723,0.5318083763122559,0.3025599718093872,1.8199625834158795e-11,0.028811524609843937,0.9716137640752567,0.8851147033832856,0.4174253664682015,-0.1326654175595841,0.8859474658966064,0.22799155116081238,0.13153627514839172,45.10489510489512,1.3888888888888888,6,0.7916666666666666,0.6666666666666666,0.31789473684210523,0.165430823429977,0.348,0.5203949579957817,0.9411764705882353,0.12817222222632518,0.592
f414s,2,1,14.77832512315271,0.0,4.06,4.06,0.0,0.0,1.44,4.5,8,4,53.380782918149464,0.49743861777150644,1.908,0.392,0.772288374464703,0.5714285714285714,0.668,2.404,5.227877616882324,0.059118278324604034,0.522286310019405,0.3351535499095917,0.07335340976715088,0.0058234259486198425,0.008403361344537815,2.7699828147888184,-0.17144040763378143,0.3378329261434243,0.6406729221343994,0.3375091850757599,2.6709065514829433e-11,0.11164465786314526,0.0,0.0,0.5803451317535772,0.18966346439845835,0.4070383608341217,0.30880752205848694,0.18070794641971588,38.60245779499675,0.3333333333333333,-3,1.0,1.0,0.5,0.028000000000000025,0.5,0.05599999888000007,0.375,0.23517431712932302,0.736
f415l,9,3,76.14213197969544,0.016129482790972843,0.808,0.772,0.024189726272590563,0.0,2.972,2.972,12,5,76.14213197969544,0.19883870193292974,1.28,0.56,0.19134053412698523,0.18181818181818182,0.968,1.28,5.3428144454956055,0.6426118612289429,0.6577263569429327,0.5928052067756653,0.0023854803293943405,0.004611115902662277,0.007202881152460984,0.013769865036010742,0.4899289309978485,0.33388560385695537,0.9281342029571533,0.02396548166871071,2.1640141067980068e-11,0.055222088835534214,0.9565970798548901,0.8874823635686379,0.9162483126244751,0.36796555440140755,0.611861526966095,0.8292479515075684,0.11544150114059448,0.0,0.7692307692307693,-2,1.0,1.0,0.5426666666666667,0.04131182235954579,0.552,0.07612743537765004,0.8333333333333334,0.5756969166066433,0.72
t416s,20,11,130.43478260869566,0.19878749881408966,0.848,0.388,0.08876435721116392,0.15789473684210525,0.38,0.848,19,11,129.87012987012986,0.20423078072756903,0.856,0.372,0.09237774114375999,0.1111111111111111,0.112,1.084,7.931262969970703,2.4144039154052734,0.6872284147920571,0.40891098976135254,0.0073000541888177395,0.0032298853620886803,0.01600640256102441,-0.4437079429626465,0.8078790903091431,0.3402952978551393,0.9122070074081421,0.04688948392868042,7.436272084215823e-12,0.05162064825930372,0.949214766424127,0.8608824916346304,0.8687776028864129,0.23351340140102786,0.19540411233901978,0.47499385476112366,0.09552507847547531,0.5646527385657976,1.05,0,0.95,0.8333333333333334,0.4663157894736842,0.1315002712150811,0.516,0.2819983182287653,1.0,0.6556057008422329,0.68
v419l,4,2,21.520803443328553,0.5748885714864609,4.036,0.596,2.587576472299901,0.6666666666666666,0.724,4.036,11,5,63.69426751592357,0.1771586274788891,1.1,0.552,0.2729200127021347,0.1,0.468,1.1,12.201004981994629,-1.758090615272522,0.5860945221432997,0.4123528003692627,0.014752957038581371,0.0015625383239239454,0.025610244097639057,-0.9205222129821777,-0.06318511068820953,0.2607438770359111,0.8078223466873169,0.18815384805202484,2.624920896962535e-12,0.012805122048819529,0.5732271109110836,-0.6937703987407429,0.9726577069504684,0.8527917403384505,0.15686829388141632,0.5791339874267578,0.22352997958660126,42.17346407259502,0.4166666666666667,-3,0.5,0.5,0.284,0.204,0.284,0.7183098338623298,0.36363636363636365,0.1458635819529047,0.28
a420s,10,5,62.24066390041494,0.2972585976247333,1.44,0.496,0.46414221958360996,0.3333333333333333,0.756,1.44,11,6,66.2251655629139,0.28761573451694794,1.18,0.412,0.3169858040985432,0.4,0.532,1.18,11.950565338134766,0.7170319557189941,0.5115443017747653,0.2233448326587677,0.02408938854932785,0.0012326345313340425,0.025210084033613446,-0.6637277603149414,-0.39968758821487427,0.2723231531031346,0.747236967086792,0.2507968544960022,6.9051500628525275e-12,0.02040816326530612,0.8091093642869532,-0.8493483561872166,0.6650161338830138,-0.5684719213712198,0.23049433529376984,0.45006030797958374,0.2503519058227539,3.984501662498964,0.9166666666666666,-1,0.6,0.6666666666666666,0.19000000000000003,0.05845796210383435,0.196,0.30767346856368244,0.8181818181818182,0.1929913072792542,0.44
v421l,11,6,67.87330316742081,0.2219379078854293,1.124,0.584,0.33285565773903997,0.4,0.136,1.136,11,6,62.37006237006237,0.28273805339202324,1.444,0.508,0.4068240132757379,0.3,0.48,1.444,8.18659782409668,-1.7979127168655396,0.5763145963681678,0.39596977829933167,0.0279706884175539,0.0010941398795694113,0.030012004801920768,-0.606515645980835,0.10254548490047455,0.2846432180636243,0.6992682814598083,0.29641997814178467,1.931241104535797e-11,0.020808323329331732,0.7729769714008934,-0.7913359082693289,0.7640774982235378,-0.040944816562477615,0.17880530655384064,0.24131518602371216,0.1523534506559372,5.503240797358444,1.0,0,0.6363636363636364,0.6666666666666666,0.2908571428571428,0.1503476244018019,0.24,0.5169122468707055,0.9090909090909091,0.1057054954929972,0.64
a422s,7,4,43.731778425655975,0.017221752535944528,1.436,1.368,0.041914198071775044,0.0,0.556,1.436,7,4,43.731778425655975,0.015053188627888363,1.4,1.332,0.03657321424211974,0.0,0.564,1.4,1.3636188507080078,0.6227384209632874,0.4999560459274361,0.12917380034923553,0.24313028156757355,0.008771881461143494,0.006402561024409764,-1.3541715145111084,0.06673320382833481,0.22620439885748486,0.45639851689338684,0.542860209941864,1.6700085758714067e-11,0.027210884353741496,0.5927294381735232,-0.43888296382690223,0.9935389708803287,0.9725973000968355,0.8197513818740845,0.8585941195487976,0.13974618911743164,0.0,1.0,0,0.0,0.0,-1.0,-1.0,-1.0,-1.0,0.0,0.3408856072878879,0.04
v423l,12,6,72.11538461538461,0.2298648786316019,1.14,0.62,0.31041391721377437,0.6363636363636364,0.508,1.14,13,7,75.94936708860759,0.25072833715204246,1.216,0.492,0.3502871549301957,0.5,0.172,1.216,8.062835693359375,-2.827770471572876,0.5829356589224763,0.3844224810600281,0.03634795546531677,0.0016703716246411204,0.01840736294517807,-0.7019894123077393,-0.12732557952404022,0.30270305964713873,0.8657926917076111,0.11616262048482895,1.093283883563112e-11,0.014805922368947578,0.9747466660467112,0.8595191929237167,0.7735282744866648,0.43861412655050436,0.25891366600990295,0.30353066325187683,0.07581914961338043,3.8339824732229744,0.9285714285714286,-1,0.75,0.6666666666666666,0.3173333333333333,0.11928676931384023,0.324,0.3759036729668178,0.8461538461538461,0.1395755717474525,0.728
v426s,12,6,73.52941176470588,0.00676136901567781,0.824,0.808,0.008671793355471446,0.0,0.704,0.824,12,6,73.89162561576354,0.007874247157923566,0.824,0.804,0.008854377448471385,0.0,0.204,0.852,7.488766670227051,1.7439402341842651,0.7035614747370615,0.2729986310005188,0.005788213573396206,0.02174970507621765,0.010804321728691477,-1.1802716255187988,-0.24367402493953705,0.2174871806475907,0.9696371555328369,0.02779112383723259,2.550563232839309e-11,0.003201280512204882,0.9901763629682517,0.978005606601516,0.9975708303707631,0.9946890106772879,0.8116862177848816,0.9104956984519958,0.030404316261410713,0.36221385105766046,1.0,0,1.0,1.0,0.25966666666666666,0.006209312003399059,0.26,0.02391262553635226,1.0,0.4340221407670809,0.528
v427l,12,7,71.77033492822967,0.14388349679688658,1.044,0.504,0.2090167457406224,0.18181818181818182,0.052,1.044,11,6,70.92198581560284,0.3196951896174153,1.46,0.396,0.4459197735517505,0.4,0.372,1.46,8.411108016967773,1.7813066244125366,0.7197545532295091,0.2534927427768707,0.03643235191702843,0.024821976199746132,0.020008003201280513,-0.8002276420593262,-0.3185235261917114,0.27553314521546896,0.7591477632522583,0.2393513172864914,1.2850622475857332e-11,0.013605442176870748,0.9501353658630471,0.8227088598962806,0.8757347625502743,0.33604896172078247,0.3010447025299072,0.3358869254589081,0.07240556180477142,0.8483491126268348,1.0833333333333333,1,0.75,0.6666666666666666,0.2848888888888889,0.11126389495693403,0.256,0.3905518796656541,0.9090909090909091,0.24283604884393656,0.504
b428s,7,7,85.22727272727273,0.19748748237907707,0.94,0.46,0.2651490147068248,0.3333333333333333,0.292,5.496,14,7,84.26966292134831,0.024219221703754443,0.74,0.68,0.02529822128134704,0.0,0.332,0.74,6.32220458984375,1.2575856447219849,0.6769737637040638,0.3392651379108429,0.061537910252809525,0.041511185467243195,0.034013605442176874,-0.8375804424285889,0.36550983786582947,0.28462027451062694,0.968070387840271,0.014000327326357365,4.9400457682868826e-12,0.011204481792717087,0.6851125778427252,0.22996081052407494,0.9882406539798941,0.9644224436749121,0.20219387114048004,0.8860917091369629,0.24654845893383026,0.9576098059244202,0.5333333333333333,0,0.7142857142857143,0.6666666666666666,0.4864,0.005986651818838312,0.488,0.012308083256080345,0.35714285714285715,0.2804443252004319,0.0
t430s,32,16,194.80519480519482,0.006154496641426129,0.312,0.304,0.0034253953543107044,0.0,0.192,0.312,14,6,114.50381679389312,0.5508678735247472,1.38,0.308,0.5361902647381804,0.7692307692307693,0.804,1.38,8.161843299865723,3.0139682292938232,0.5259701251700445,0.5055838823318481,0.0023550482001155615,0.011018780991435051,0.03201280512204882,1.440439224243164,-0.19714388251304626,0.2978433874053839,0.66170734167099,0.3224879205226898,1.7291635137639538e-11,0.04201680672268908,0.9900929661876956,0.8710097124479851,0.540549607601145,-0.10548395597434843,0.9477829933166504,0.13381800055503845,0.031123066321015358,80.3013780113017,2.2,10,0.53125,0.3333333333333333,0.23458823529411765,0.16239351581648437,0.172,0.6922491602803101,1.0,0.08068132426570258,0.0
v431l,4,1,39.164490861618795,0.7623489905309571,5.536,0.952,2.860805480979089,0.6666666666666666,1.5,5.536,14,7,86.70520231213874,0.008583701432242944,0.704,0.684,0.009309493362512591,0.0,0.252,0.736,0.830547571182251,-0.3278768062591553,0.43888696749396894,0.08276987820863724,0.30747368931770325,0.004033307544887066,0.01800720288115246,-1.137019395828247,-0.19125032424926758,0.2368939033160519,0.9702057242393494,0.01556386984884739,1.9569150987164274e-12,0.004401760704281713,0.5477315923586259,0.14921109895255041,0.9928958967920354,0.9793871767119308,0.16693256795406342,0.8804182410240173,0.21458299458026886,47.54071145051994,0.3333333333333333,-6,0.75,0.75,0.36800000000000005,0.07088018058667742,0.324,0.19260918114289563,0.2857142857142857,0.12321648566228674,0.568
v432s,4,1,84.74576271186442,0.8146816626306923,2.556,0.324,1.601449343563511,0.6666666666666666,4.52,4.52,14,7,83.33333333333334,0.01009139394645125,0.74,0.712,0.010583005244258372,0.0,0.46,0.74,7.402856826782227,-1.0846563577651978,0.37211091656240863,0.04625914618372917,0.043862950056791306,0.001156398095190525,0.020008003201280513,-1.0791709423065186,-0.11220157146453857,0.24512032713289558,0.9640120267868042,0.023741930723190308,9.682390306187116e-12,0.006402561024409764,0.48223301749382597,-0.7641503832639828,0.991150953000543,0.9609882138147284,0.3910643756389618,0.8522244095802307,0.3159865736961365,1.4124293785310726,0.3333333333333333,-6,0.75,0.75,0.2333333333333333,0.009428090415820628,0.24,0.04040610005039841,0.2857142857142857,0.19127568785519317,0.44
v433l,21,11,126.05042016806723,0.0029968226096104594,0.48,0.476,0.002247805947796068,0.0,0.112,0.48,21,10,127.11864406779662,0.02793936791828474,0.504,0.46,0.022496783395807816,0.0,0.32,0.504,12.020384788513184,3.1450605392456055,0.647529193633798,0.48320165276527405,0.02695833146572113,0.035465970635414124,0.010804321728691477,-0.7299714088439941,-0.04847979173064232,0.28828986809564455,0.865156352519989,0.06497795134782791,1.469033748813242e-11,0.003601440576230492,0.9696278920713695,0.9063964689975395,0.9514121475814986,0.8391469265709226,0.8190250992774963,0.7795827388763428,0.04427680745720863,1.0682238997293894,1.0,1,0.9523809523809523,0.8333333333333334,0.10980000000000001,0.0055821142947811465,0.108,0.05083892337333254,0.9523809523809523,0.5288411234265993,0.744
t434s,26,13,157.89473684210526,0.015224333040429623,0.392,0.372,0.006928203230275515,0.0,0.188,0.392,26,13,157.89473684210526,0.013829002619494555,0.392,0.372,0.006683312551921147,0.0,0.124,0.392,3.1330161094665527,1.213828444480896,0.5709300796102343,0.3497411012649536,0.2345719337463379,0.03187005966901779,0.012404961984793917,-0.32327866554260254,0.018737394362688065,0.3843819364559573,0.570763885974884,0.17509973049163818,5.5948076033152105e-12,0.011604641856742696,0.874357001587974,0.602275183788788,0.8849260886436398,0.726626276492883,0.4298712909221649,0.647274374961853,0.0855458453297615,0.0,1.0,0,0.9615384615384616,0.8333333333333334,0.32688,0.011455374284587995,0.324,0.03504458496739521,0.9615384615384616,0.6548597214017845,0.056
a435l,20,10,98.6842105263158,0.3491004566365915,0.672,0.212,0.1739501844398754,0.47368421052631576,0.3,0.672,15,8,96.15384615384616,0.4093861439645647,1.432,0.308,0.40680518868183274,0.5,0.084,1.432,1.3818869590759277,-0.1844688504934311,0.6914182770722904,0.4439964294433594,0.020917832851409912,0.025817878544330597,0.003201280512204882,0.7159545421600342,0.4748568534851074,0.3535601946549336,0.7785534858703613,0.18569758534431458,3.0703623237621214e-12,0.030012004801920768,0.45767720114645466,-0.4616518198733174,0.6935291981927197,0.10660676150228497,0.5662156343460083,0.17862360179424286,0.23909875750541687,2.5303643724696343,1.3125,2,0.85,0.6666666666666666,0.40682352941176475,0.13856246639485603,0.46,0.34059599057420964,1.0,0.20909334148708664,0.704
a436s,24,14,168.53932584269663,0.323218963635709,0.608,0.228,0.1459140469280086,0.6086956521739131,0.34,0.608,17,9,103.44827586206897,0.015868406710170067,0.604,0.556,0.01464240417417849,0.0,0.296,0.604,1.239105224609375,0.017616478726267815,0.7357075407591301,0.4369587302207947,0.009663209319114685,0.1022474467754364,0.0012004801920768306,-0.36578893661499023,0.7171769738197327,0.2926397981786713,0.9588713049888611,0.030758483335375786,1.762501949942319e-11,0.04561824729891957,0.27303350973182244,-0.15387191401260683,0.9491334397454749,0.607449712371346,0.45230600237846375,0.814182698726654,0.2504942715167999,65.09104998062766,1.3888888888888888,5,0.9166666666666666,0.8333333333333334,0.37654545454545457,0.12744935795434673,0.464,0.33847003869292847,0.9411764705882353,0.2977160559632427,0.072
v437l,15,7,83.56545961002786,0.20595813321221712,0.732,0.232,0.16468898426568043,0.14285714285714285,0.348,0.732,14,7,84.26966292134831,0.2129801069594003,1.076,0.34,0.27151918287050486,0.15384615384615385,0.476,1.076,18.889814376831055,3.9124152660369873,0.7066939142030284,0.4649248719215393,0.004696955904364586,0.023744385689496994,0.012004801920768308,0.324688196182251,0.5568601489067078,0.2964607590618345,0.7665895223617554,0.22479784488677979,1.6885683823408826e-11,0.024009603841536616,0.8973816801828721,-0.05165474203122933,0.735773369016044,0.34951316247052727,0.5750323534011841,0.2909417748451233,0.20010946691036224,0.7042033113204553,1.0666666666666667,0,0.9333333333333333,0.8333333333333334,0.3925714285714286,0.0973225229296269,0.436,0.24791035049259957,0.9285714285714286,0.31186319539134505,0.616
v438s,13,7,78.53403141361257,0.006810160359901747,0.772,0.756,0.007531750973530181,0.0,0.16,0.772,13,6,78.32898172323759,0.016380378362990652,0.788,0.748,0.01895449095261405,0.0,0.476,0.788,20.193140029907227,4.116479873657227,0.6828422433476946,0.4841140806674957,0.003787850961089134,0.010609416291117668,0.020808323329331732,-1.1520545482635498,0.06314384937286377,0.3051969465201338,0.9390819668769836,0.012300834991037846,1.3927538809743734e-11,0.01720688275310124,0.9906142426748182,0.9790686293908566,0.9925121648936832,0.9804533565320324,0.7973986864089966,0.892019510269165,0.040844764560461044,0.20504969037497744,1.0,1,0.9230769230769231,0.8333333333333334,0.297,0.012556538801224907,0.296,0.042277906998134135,0.9230769230769231,0.4515624460613167,0.448
a439l,5,0,95.54140127388536,0.3769723123419549,0.78,0.212,0.3434181125101005,0.5,7.176,7.176,11,5,59.40594059405941,0.24868840344073506,1.048,0.312,0.26156112521210456,0.2,0.304,1.048,3.224970817565918,-0.7882571220397949,0.6092606791632907,0.29008063673973083,0.07392831891775131,0.007014827337116003,0.040016006402561026,0.9764499664306641,1.4441263675689697,0.3164695781346564,0.8402701020240784,0.15053698420524597,5.616657312856876e-13,0.08803521408563425,0.2509266159957323,-0.17496766416768061,0.8673973996573489,-0.1581072275710765,0.2259529083967209,0.6608465909957886,0.19442740082740784,36.13546067982595,0.5,-5,0.2,0.2,0.332,-1.0,0.332,-1.0,0.2727272727272727,0.13237803615617877,0.128
a442s,4,2,20.18842530282638,0.574241449323837,3.456,0.452,2.151542702341741,0.3333333333333333,1.188,3.456,3,0,185.18518518518522,0.06172839315653105,0.344,0.304,0.03999999999999998,0.0,6.196,6.196,11.842972755432129,1.272951602935791,0.4757006716564407,0.14604951441287994,0.06324255466461182,0.0007431439589709044,0.040416166466586634,21.81873893737793,0.4669813811779022,0.3824390385785395,0.7568803429603577,0.1825258880853653,9.742936709147831e-13,0.586234493797519,0.9154053536502599,0.6657938471690854,0.3364836529687832,-0.10547712028969469,0.13203437626361847,0.06871391087770462,0.05083803832530975,164.99675988235884,1.25,2,0.0,0.0,-1.0,-1.0,-1.0,-1.0,0.0,0.029331879057257097,0.792
a443l,27,14,187.5,0.40692654681734186,0.736,0.176,0.1921116342130273,0.5769230769230769,0.124,0.736,4,3,29.940119760479043,0.6604456227872185,5.796,1.244,2.7346721924208763,0.6666666666666666,0.052,5.796,0.12127447128295898,-0.019408345222473145,0.6033791380213244,0.1778370887041092,0.06425472348928452,0.038012441247701645,0.0020008003201280513,12.421554565429688,-2.3072168827056885,0.18558135596744124,0.10878956317901611,0.8727317452430725,2.9004338861216006e-11,0.041216486594637856,0.10334228801543205,-0.376865138506577,0.7996399294096386,0.4862645307985786,0.15725335478782654,0.17583231627941132,0.3071853220462799,157.55988023952096,5.6,11,0.14814814814814814,0.16666666666666666,0.272,0.11655041827466772,0.288,0.4284941690798751,1.0,0.08526235308622265,0.584
t444s,26,12,157.89473684210526,0.13966567261677937,0.568,0.34,0.06070145522692735,0.12,0.024,0.568,26,12,156.25,0.11872903723347794,0.552,0.332,0.056385577352132656,0.08,0.192,0.552,7.697564125061035,2.6595067977905273,0.6560261279556444,0.5159255266189575,0.008589169010519981,0.013372942805290222,0.010404161664665866,-0.8996162414550781,0.059013694524765015,0.365580339256438,0.8519826531410217,0.027950122952461243,1.9993336847212717e-11,0.0056022408963585435,0.9561151854321509,0.8574428573416185,0.8574937910534769,0.5137592981451349,0.37612903118133545,0.5316686034202576,0.08983828872442245,1.6447368421052602,1.0,0,0.9615384615384616,0.8333333333333334,0.27616,0.07195091660291757,0.296,0.2605406793073246,0.9615384615384616,0.50259574097055,0.792
t445l,23,11,155.440414507772,0.18410934509979696,0.652,0.348,0.10379099878395731,0.13636363636363635,0.448,0.652,16,10,123.96694214876034,0.4798914858009869,1.276,0.3,0.4806043814080053,0.7333333333333333,0.072,1.276,6.672319412231445,2.238814115524292,0.6396616172975425,0.5442618131637573,0.020691215991973877,0.014202771708369255,0.010404161664665866,-0.05771946907043457,-0.8188610076904297,0.33003763918529244,0.7428972721099854,0.18148520588874817,1.2903869596112005e-12,0.023209283713485393,0.9202504124426852,0.7960544733005568,0.3919791124808384,-0.7218136478112519,0.3053731918334961,0.382361501455307,0.13927336037158966,31.473472359011666,1.411764705882353,1,0.6521739130434783,0.6666666666666666,0.3293333333333333,0.11809751149885514,0.352,0.3585956718002989,0.9375,0.06635169060169809,0.088
a446s,4,2,20.18842530282638,0.6147383946362626,5.092,0.696,3.451029991176547,0.6666666666666666,1.096,5.092,3,3,185.1851851851852,0.049382714525224906,0.34,0.308,0.03200000000000003,0.0,2.196,7.156,14.774675369262695,1.2457971572875977,0.4574371308505283,0.11276768147945404,0.05321861803531647,0.0004776669084094465,0.06162464985994398,21.78135108947754,0.4401320517063141,0.378012565537339,0.768206775188446,0.16817617416381836,2.9398434641531024e-12,0.5902360944377751,0.9789364791661065,0.9401488900227024,0.33996220051761933,-0.11550994583090711,0.22587577998638153,0.07390622794628143,0.25963157415390015,164.99675988235882,1.25,-1,0.0,0.0,-1.0,-1.0,-1.0,-1.0,0.0,0.025421912026240914,0.792
t447l,27,13,164.83516483516485,0.16825728419842312,0.636,0.284,0.09693214121229347,0.07692307692307693,0.244,0.636,21,13,162.16216216216216,0.4707550301530529,1.3,0.304,0.2326850141059232,0.3,0.084,1.3,8.966775894165039,2.883610248565674,0.6690466372471072,0.4863605797290802,0.007801430765539408,0.019243862479925156,0.013205282112845138,-0.4850625991821289,-0.1953665316104889,0.34379184806993796,0.8861538767814636,0.051706667989492416,1.7715046443655957e-11,0.012004801920768308,0.9655783558246024,0.8555980988318543,0.7637414289696275,-0.2979464251057242,0.3888133466243744,0.4686872959136963,0.11287768185138702,2.673002673002685,1.2727272727272727,0,0.7407407407407407,0.6666666666666666,0.3545999999999999,0.05828584733878371,0.362,0.16437068723935944,0.9523809523809523,0.38732160433136864,0.504
a449l,3,0,31.055900621118013,0.7784679048733546,3.436,0.428,3.008,1.0,5.872,5.872,13,7,105.6338028169014,0.5588420505464616,1.456,0.304,0.6410287186872505,0.6666666666666666,0.868,1.456,20.108278274536133,2.893455982208252,0.5012716481611056,0.17291675508022308,0.06805245578289032,7.78235262259841e-05,0.06962785114045618,0.49329400062561035,0.0829189121723175,0.32599020738855405,0.6332440376281738,0.3512189984321594,1.450706482025721e-11,0.03041216486594638,0.4668237030951456,-0.5878576333357269,0.49080874049132156,0.03171582103809142,0.13232851028442383,0.2238888442516327,0.03294893354177475,74.57790219578338,0.2857142857142857,-7,0.0,0.0,-1.0,-1.0,-1.0,-1.0,0.15384615384615385,0.10153685894334753,0.264
b451l,11,6,69.28406466512702,0.398912570713798,1.788,0.392,0.37911710298768875,0.3,0.716,1.788,12,6,68.4931506849315,0.05476709777622173,0.936,0.744,0.07159888267284627,0.0,0.332,0.936,17.6701602935791,3.4727883338928223,0.6837406510128164,0.4570097327232361,0.01260371133685112,0.008968468755483627,0.014005602240896359,-1.149616003036499,-0.16656775772571564,0.2518593728267749,0.9402768611907959,0.051786553114652634,1.795685648786627e-11,0.007603041216486595,0.825161912508112,-0.20165538700554678,0.9953139633421824,0.986633272032348,0.4629395008087158,0.8590993285179138,0.26757434010505676,0.7909139801955121,0.9230769230769231,0,0.9090909090909091,0.8333333333333334,0.17279999999999998,0.028999310336626973,0.172,0.16782007325478152,0.8333333333333334,0.344840061691821,0.408
v452s,11,6,65.78947368421052,0.012820980436516697,0.932,0.888,0.019090428084368487,0.0,0.032,0.932,11,5,65.50218340611353,0.021986957411508273,0.96,0.892,0.025051058970741225,0.0,0.544,0.96,4.222805976867676,1.0908397436141968,0.5768289358305864,0.2440354973077774,0.18085773289203644,0.002054228913038969,0.008803521408563426,-1.1606206893920898,-0.2172299325466156,0.24331242671524883,0.9260455965995789,0.06673958897590637,1.5556327059851327e-11,0.005202080832332933,0.8624849976938259,0.6831304416726267,0.9946477171659837,0.9842782375546119,0.27265509963035583,0.8700231313705444,0.1858893781900406,0.2872902780969895,1.0,1,0.9090909090909091,0.8333333333333334,0.1456,0.0168949696655543,0.15,0.11603687160154932,0.9090909090909091,0.3759580788501847,0.408
v453l,12,6,69.44444444444444,0.007332041872385012,0.88,0.852,0.009715966241192905,0.0,0.216,0.88,12,6,69.44444444444444,0.07834140445866968,0.884,0.64,0.05919459434779495,0.09090909090909091,0.62,0.884,21.523422241210938,4.348165988922119,0.6480398380670822,0.5158801078796387,0.006180617958307266,0.0007418787572532892,0.035214085634253704,-1.2287185192108154,-0.1469944566488266,0.23216574833220893,0.9560374021530151,0.04093080013990402,2.2093859727845278e-11,0.006802721088435374,0.9523129477207717,0.7390753769180297,0.9935760720186799,0.972188842784766,0.7407993674278259,0.8911401629447937,0.251779168844223,0.0,1.0,0,0.9166666666666666,0.8333333333333334,0.20181818181818184,0.01991718390927877,0.196,0.0986887442100471,0.9166666666666666,0.41833666433997363,0.456
v454s,11,5,65.21739130434783,0.009142359499974327,0.932,0.904,0.00874325136573601,0.0,0.764,0.932,11,5,65.359477124183,0.03477983918723243,0.968,0.84,0.036295086903509875,0.0,0.492,0.968,20.158660888671875,4.340412616729736,0.633605722338978,0.5211307406425476,0.004553606733679771,0.0008516229572705925,0.01680672268907563,-1.231434941291809,0.042905353009700775,0.2817383451303364,0.9238927960395813,0.05347299948334694,1.3841012537485486e-11,0.01640656262505002,0.9970219366060794,0.9919498298459866,0.9196286561762058,0.7086790593441183,0.8170075416564941,0.8974332809448242,0.05141213908791542,0.14208581983517377,1.0,0,1.0,1.0,0.11709090909090912,0.011453102362198998,0.116,0.09781375405642546,1.0,0.4270959434813927,0.328
b455l,5,3,34.24657534246575,0.6522952628550549,4.748,0.832,1.724163951987552,0.5,0.78,4.748,7,3,37.78337531486146,0.2618608368912377,1.96,0.764,0.46875835992545245,0.3333333333333333,0.204,1.96,7.17698860168457,-0.9111936688423157,0.4127506515317397,0.11398030072450638,0.496265709400177,7.021766214165837e-05,0.06442577030812324,-0.30823206901550293,-0.5386677980422974,0.27316072168390376,0.6632721424102783,0.33528172969818115,7.270101187728528e-12,0.04881952781112445,0.5972556706740522,0.14201144664556697,0.9733477551495994,0.8966065726106403,0.07762053608894348,0.1295204758644104,0.41452810168266296,3.5367999723957055,0.75,0,0.4,0.4,0.232,0.04400000000000001,0.232,0.18965516423900158,0.2857142857142857,0.11335974794561235,0.56
b456s,7,4,43.290043290043286,0.36115932637140524,2.7,1.052,0.46972332281886975,0.6666666666666666,0.512,2.7,9,4,57.03422053231939,0.35660914524734777,1.752,0.4,0.3980638857556123,0.625,0.196,1.752,1.4705076217651367,0.4135996401309967,0.3777455352341954,0.07206316292285919,0.3535425364971161,9.27994551602751e-05,0.02040816326530612,-0.4708268642425537,-0.4580756723880768,0.2814331615031074,0.639358401298523,0.35902827978134155,1.1650502611260105e-11,0.03841536614645858,0.8399364738330174,0.63645996606077,0.7174306361289944,-0.3733357950221002,0.35375070571899414,0.24716874957084656,0.20388849079608917,13.744177242276102,0.8,0,0.14285714285714285,0.0,0.56,-1.0,0.56,-1.0,0.5555555555555556,0.12179021714483514,0.28
a457l,15,8,74.25742574257426,0.31270348205492876,0.908,0.296,0.26365011779892045,0.35714285714285715,0.076,0.908,11,5,68.4931506849315,0.012051162625611475,0.9,0.864,0.017587874611030577,0.0,0.9,0.9,0.728186845779419,0.13459476828575134,0.6827832947433643,0.3204602599143982,0.1749759018421173,0.06186502426862717,0.004001600640256103,-0.041608572006225586,0.6626858115196228,0.2673384299044531,0.9118618369102478,0.07342497259378433,3.1158686741861175e-11,0.06202480992396959,0.5682610155233183,-0.2144948351213659,0.9667753486277888,0.9116517004567938,0.12561319768428802,0.8327985405921936,0.22279150784015656,5.764275057642749,1.3333333333333333,3,0.7333333333333333,0.5,0.3589090909090909,0.09976103679698761,0.352,0.27795627512453736,1.0,0.39468414491722703,0.624
t458s,24,12,156.25,0.14885362193802024,0.584,0.34,0.0756018277797327,0.2608695652173913,0.296,0.584,23,11,154.63917525773195,0.22799973798557122,0.816,0.348,0.09813498963405555,0.22727272727272727,0.264,0.816,6.957533836364746,2.2871978282928467,0.6928466636254694,0.4673086702823639,0.006091239396482706,0.028856121003627777,0.007202881152460984,-0.36522674560546875,0.7187137603759766,0.361710096996331,0.869921088218689,0.03575735166668892,5.623293497514226e-12,0.0196078431372549,0.9054079073068672,0.722069716299122,0.8173419325534321,0.6055944477197127,0.2793726325035095,0.35138025879859924,0.1375531256198883,1.6108247422680506,1.0416666666666667,1,0.9583333333333334,0.8333333333333334,0.26365217391304346,0.17627611954363262,0.14,0.6685934359708213,1.0,0.6387122020751018,0.624
a461l,4,1,50.33557046979866,0.7834363850255359,5.624,1.188,3.1367269565583804,0.3333333333333333,0.48,5.624,14,6,86.20689655172414,0.29844896262963916,1.124,0.328,0.26099808428415716,0.38461538461538464,0.736,1.124,18.69521141052246,2.7574663162231445,0.6461634077486287,0.31763511896133423,0.15545672178268433,0.00610447907820344,0.013205282112845138,-0.4228668212890625,-0.06805261969566345,0.2854296577528825,0.6634981632232666,0.32605159282684326,2.1847371134420257e-11,0.03241296518607443,0.889899408058373,0.8488051931340261,0.5893391547592839,-0.2870544687306308,0.3426749110221863,0.16851332783699036,0.0759294405579567,35.87132608192548,0.3333333333333333,-5,0.75,0.75,0.424,0.14631472926537506,0.496,0.34508190050602844,0.21428571428571427,0.06729879621378558,0.0
a462s,23,12,151.5151515151515,0.3979648320335369,0.932,0.164,0.20913791303029364,0.5454545454545454,0.592,0.932,20,10,119.04761904761905,0.02479900055206893,0.54,0.484,0.014110673659011162,0.0,0.248,0.54,-0.07489919662475586,0.17000812292099,0.646244096873215,0.26542675495147705,0.10079517215490341,0.010099314153194427,0.008403361344537815,-0.6036145687103271,0.644291877746582,0.3047472915502949,0.8910496234893799,0.05581478774547577,3.983767742771205e-12,0.01680672268907563,0.10362636886158336,-0.4096908350908546,0.9467017624634789,0.6892000116432172,0.08448541909456253,0.7432540655136108,0.2495666891336441,32.46753246753245,1.1428571428571428,2,0.9565217391304348,1.0,0.32127272727272727,0.13199661904009713,0.298,0.4108553379306682,0.95,0.06075280944246378,0.584
v464s,16,8,122.95081967213115,0.3519070958751919,0.984,0.484,0.40941491353951853,0.3333333333333333,0.168,0.984,20,10,123.96694214876034,0.03610424365708771,0.528,0.468,0.030681155997343612,0.0,0.46,0.528,6.3723907470703125,1.9550139904022217,0.6500075699775196,0.5743272304534912,0.009444369934499264,0.004626492969691753,0.030012004801920768,-0.14998865127563477,0.2626173496246338,0.34930201730116883,0.7805536389350891,0.1638067364692688,1.3561430624309256e-11,0.026010404161664665,0.9756978977171779,0.8922881445846536,0.7919139173696252,-0.06629307194879706,0.5691402554512024,0.5574297904968262,0.07270972430706024,1.0161224766291923,0.8095238095238095,-2,0.875,0.6666666666666666,0.5091428571428571,0.0600081627100575,0.532,0.11786114778903539,1.0,0.4912393695730534,0.184
a465l,4,0,52.264808362369344,0.6895736954839741,2.588,0.328,1.7000000000000002,0.6666666666666666,5.56,5.56,17,8,123.96694214876034,0.38625898996314195,1.1,0.328,0.3603302189196275,0.5,0.468,1.1,6.729584693908691,1.9878178834915161,0.3404808226900506,0.011932543478906155,0.24981631338596344,5.522403171198675e-06,0.08123249299719888,-0.0024826526641845703,-0.274463027715683,0.36041402256198235,0.6762546896934509,0.28624409437179565,7.62885588034834e-12,0.021208483393357343,0.4055200262907258,-0.5329011814714701,0.6620994598198413,-0.20425187369205142,0.2728223204612732,0.35527852177619934,0.252830445766449,71.70213378639099,0.2777777777777778,-8,0.75,0.75,0.15466666666666665,0.031721006008987515,0.164,0.20509269800470176,0.17647058823529413,0.1772491523624684,0.0
v466s,9,6,123.4567901234568,1.023438938886065,3.812,0.328,1.8840897764475784,0.5,1.036,3.812,19,9,127.65957446808511,0.11990207908984155,0.632,0.348,0.08794650780613246,0.16666666666666666,1.056,1.056,1.7938833236694336,-0.042631473392248154,0.5152371826364207,0.16287273168563843,0.17546701431274414,0.0003253727045375854,0.01800720288115246,-0.5982799530029297,0.3706144392490387,0.3369401039874592,0.8138309121131897,0.1270928978919983,1.7344663899576673e-11,0.020008003201280513,0.23689051572627073,-0.28504488133202743,0.7858050345015701,0.1345027381024072,0.2642750144004822,0.574907124042511,0.43660083413124084,4.202784344628313,0.5,-3,0.7777777777777778,0.6666666666666666,0.4308571428571429,0.1582145275715662,0.52,0.367208775628763,0.5789473684210527,0.2238087857317316,0.672
t467l,19,12,146.34146341463415,0.3045822405816255,0.796,0.36,0.07879683481251383,0.2777777777777778,0.34,0.916,21,12,138.88888888888889,0.24648552025829565,0.792,0.352,0.1376035495258217,0.25,0.088,0.792,8.117074966430664,2.7273402214050293,0.5946901481153989,0.4282289743423462,0.0038718495052307844,0.004013919737190008,0.014405762304921969,1.4947967529296875,-0.44638195633888245,0.35713223517425735,0.7171480059623718,0.2567215859889984,1.4629292569012797e-11,0.0196078431372549,0.9756586586558742,0.9246099843564977,0.576672530998054,0.07332846798254142,0.5103060007095337,0.24540190398693085,0.09523487836122513,7.452574525745263,0.9090909090909091,0,0.8421052631578947,0.8333333333333334,0.34475,0.15978872770004773,0.444,0.4634915824949439,0.9047619047619048,0.22521642839763348,0.224
t468s,22,13,154.63917525773195,0.26358113192245536,0.7,0.356,0.09708964929383564,0.23809523809523808,0.232,0.7,21,13,156.25,0.3427443661823424,0.928,0.34,0.13282358699853689,0.3,0.368,0.928,4.992245197296143,2.1740684509277344,0.5444310063110074,0.4411412477493286,0.0018359789391979575,0.0004983146209269762,0.044017607042817125,-0.7981550693511963,0.3648456335067749,0.3160178393402476,0.9508877992630005,0.04412941634654999,1.8058426282108186e-11,0.013605442176870748,0.9781114901687842,0.9453128516816481,0.7338349326624791,0.3474798241863659,0.6150781512260437,0.47926661372184753,0.05921865999698639,1.6108247422680506,1.0454545454545454,0,0.9545454545454546,0.8333333333333334,0.2594285714285714,0.18791806001263306,0.12,0.7243537276341799,0.9523809523809523,0.4864790689877397,0.656
t469l,15,8,98.03921568627452,0.21807472410846293,0.876,0.46,0.23409136940683917,0.5,0.404,0.876,15,8,92.87925696594426,0.3177590064456638,1.184,0.4,0.35469596948546056,0.6428571428571429,0.276,1.184,3.4548707008361816,1.909035563468933,0.623102215335328,0.2786412835121155,0.015918057411909103,0.0061864410527050495,0.028411364545818326,-0.8493785858154297,0.3552812933921814,0.30634833478459733,0.7808318138122559,0.21378469467163086,1.55193427553435e-11,0.010804321728691477,0.9010799782013154,0.6298803716747564,0.6585524615427254,-0.1305894508528152,0.14302511513233185,0.3689723014831543,0.049553282558918,5.159958720330252,1.0,0,0.9333333333333333,0.8333333333333334,0.4962857142857143,0.02425880862528843,0.488,0.04888073026924809,0.9333333333333333,0.4519708299346133,0.688
v470s,10,8,105.63380281690142,0.8512152852884387,2.568,0.116,0.8666037156624705,0.6666666666666666,0.224,2.568,11,5,67.87330316742081,0.4569265105640535,1.672,0.3,0.7126638603000561,0.8,0.188,1.672,1.264195442199707,0.2043614536523819,0.5341689221992902,0.19431446492671967,0.020096193999052048,0.002085325075313449,0.01840736294517807,15.827739715576172,-2.631436347961426,0.364779806897923,0.7039926052093506,0.21062888205051422,1.0033314457036369e-11,0.0940376150460184,0.2919006441274847,-0.39112149702981147,0.6054343266407819,-0.7891477735057405,0.2606496214866638,0.11758755892515182,0.23265282809734344,37.76049964948061,0.9166666666666666,3,0.4,0.3333333333333333,0.314,0.1516970665504116,0.29400000000000004,0.48311166152641716,0.6363636363636364,0.08137368735684175,0.704
v471l,14,5,100.0,0.1716279591930285,0.784,0.364,0.14460520968024168,0.23076923076923078,2.428,2.428,15,6,100.33444816053512,0.11455602919888884,0.764,0.416,0.11949637908901098,0.14285714285714285,1.52,1.52,4.258063793182373,1.4021631479263306,0.63556881398027,0.4950520396232605,0.004802060313522816,0.0006598223117180169,0.021608643457382955,-0.1839911937713623,0.17653651535511017,0.342541574810674,0.8944716453552246,0.09273294359445572,2.226342027400463e-11,0.03721488595438175,0.9783059715367146,0.8748407073506628,0.9175929355425024,0.46813336339109585,0.5065412521362305,0.567665159702301,0.12736527621746063,0.3344481605351177,0.9375,-1,1.0,1.0,0.43942857142857134,0.1324827289475415,0.498,0.3014886480912176,0.8666666666666667,0.34978568719413383,0.08
v472s,11,8,122.95081967213115,0.940676692216851,3.08,0.264,1.0865447784401505,0.8,0.228,3.08,4,0,95.54140127388536,0.43700286828715557,1.18,0.412,0.4191419807177515,0.6666666666666666,7.16,7.16,1.3420982360839844,0.4683088958263397,0.706008787056781,0.5515773892402649,0.016987724229693413,0.015912257134914398,0.0028011204481792717,3.42747163772583,0.615094780921936,0.3042924807258498,0.7481046915054321,0.20974352955818176,7.01289677371153e-12,0.5126050420168067,0.5625235277990454,-0.21955766918227967,0.7366394394193666,0.5188009068346424,0.11798042058944702,0.4461572766304016,0.2701394557952881,27.40941839824579,2.4,8,0.0,0.0,-1.0,-1.0,-1.0,-1.0,0.0,0.050801175687697396,0.264
v473l,19,10,114.94252873563218,0.15727552648715615,0.652,0.348,0.11881770515720091,0.2777777777777778,0.432,0.652,19,10,113.20754716981132,0.2028144299260622,0.84,0.364,0.16449566416599484,0.3333333333333333,0.116,0.84,4.32952356338501,1.5711475610733032,0.633458093035422,0.48144564032554626,0.008267771452665329,0.0008317276369780302,0.01800720288115246,-0.6832890510559082,0.004481164738535881,0.33427411898425635,0.923254668712616,0.05401141569018364,9.276558687876246e-12,0.0056022408963585435,0.9613854550264004,0.8300844220977424,0.8156506261777842,0.026372721998532408,0.27142852544784546,0.3120374083518982,0.1251159906387329,1.7349815658208598,1.0,0,1.0,1.0,0.37663157894736843,0.1776916935316294,0.484,0.4717917953410449,0.9473684210526315,0.2322803582349117,0.704
f474s,19,12,163.9344262295082,0.6109249361443467,1.232,0.2,0.4552098417213758,0.5,0.344,1.232,18,9,118.11023622047244,0.2859784750373305,1.024,0.452,0.24169815886762563,0.11764705882352941,0.06,1.024,0.2065422534942627,-0.0415794663131237,0.5645602790370655,0.21860048174858093,0.15769433975219727,0.001380405854433775,0.008003201280512205,2.9455881118774414,-0.19739721715450287,0.3681916077526331,0.7923988699913025,0.1793574094772339,6.040625898789953e-12,0.028411364545818326,0.22984773366206157,-0.44736264218342864,0.7382291829601515,0.49328544223681237,0.15901754796504974,0.28444594144821167,0.24218228459358215,45.82419000903576,1.0526315789473684,3,0.8947368421052632,1.0,0.32847058823529407,0.13020080312712398,0.336,0.39638495447271954,0.8333333333333334,0.11411545275164685,0.0
v476s,8,5,163.04347826086956,0.7882698272683952,1.772,0.356,0.7341934350019754,0.2857142857142857,1.788,3.884,19,8,115.83011583011583,0.22953939089656183,0.828,0.3,0.13382692949785377,0.3888888888888889,0.196,0.828,5.255727767944336,1.7123984098434448,0.51277633619836,0.20365016162395477,0.051430702209472656,0.0011164930183440447,0.026810724289715888,-0.5297739505767822,-0.12235107272863388,0.2938946257761707,0.9337465167045593,0.04984869435429573,8.37374614093278e-12,0.012004801920768308,0.9126528721992035,0.8444754518341939,0.7330537352172679,-0.7265966757878238,0.44858676195144653,0.6357783675193787,0.2746112644672394,47.21336243075373,0.45,-3,0.875,0.8333333333333334,0.3805714285714286,0.15135847434188163,0.38,0.3977136984058605,0.3157894736842105,0.11275153572770029,0.704
t477l,21,12,141.50943396226415,0.2864690695655255,0.7,0.308,0.10224017132017603,0.65,0.028,0.7,14,6,95.54140127388536,0.2511812521146349,1.02,0.38,0.2529453168835773,0.46153846153846156,1.34,1.34,6.760716438293457,2.050384521484375,0.6300372694351511,0.4587274491786957,0.004075285978615284,0.00207527750171721,0.028011204481792718,0.8668525218963623,-0.19116538763046265,0.3774768722437599,0.7776598930358887,0.16537240147590637,1.2704025331711222e-11,0.027611044417767107,0.9552538235865646,0.7337801708068507,0.7189389606916559,-0.1167462191687493,0.1216583251953125,0.24205513298511505,0.10200471431016922,45.9680326883788,1.4666666666666666,6,0.6666666666666666,0.3333333333333333,0.39657142857142863,0.10959517343759408,0.436,0.27635669838551497,0.9285714285714286,0.31171744471344937,0.6
t478s,19,12,146.34146341463415,0.3436737700453349,0.86,0.324,0.07332121111929343,0.3333333333333333,0.648,0.86,19,12,147.7832512315271,0.36617978222060066,0.9,0.328,0.09462246966078346,0.3333333333333333,0.424,0.9,6.632758140563965,-1.4983023405075073,0.675014882677367,0.43472176790237427,0.05747101828455925,0.001687329146079719,0.038815526210484196,-0.3751194477081299,0.5940750241279602,0.3121103460306111,0.939069926738739,0.03952174261212349,2.1716271142446786e-11,0.01840736294517807,0.9732565055617772,0.9091747810293671,0.6792442239132463,0.03396595581289782,0.15770764648914337,0.37934738397598267,0.0479818619787693,1.4417878168929406,1.0,0,0.9473684210526315,0.8333333333333334,0.3155555555555556,0.16908585006249938,0.45,0.5358354233582064,0.9473684210526315,0.43795979803791435,0.632
v481l,16,8,98.03921568627452,0.003375148830434318,0.616,0.608,0.003207134902949096,0.0,0.32,0.616,16,8,98.03921568627452,0.051733229142623516,0.68,0.536,0.058544244562796895,0.0,0.22,0.68,0.4585721492767334,-1.093500018119812,0.366275262526437,0.10370878875255585,0.00994433555752039,0.0012999291066080332,0.012004801920768308,-0.7128565311431885,0.19514918327331543,0.3030216699790713,0.7883672118186951,0.20686760544776917,1.537451416178115e-11,0.020808323329331732,0.9920696639478433,0.9648434400811147,0.7832454690194434,-0.19443766040046612,0.8968569040298462,0.6345900297164917,0.0896606594324112,0.0,1.0,0,0.9375,0.8333333333333334,0.5112000000000001,0.032272175838225316,0.512,0.0631302331903814,1.0,0.3799247842756102,0.104
v482s,1,0,0.0,0.0,10.0,10.0,0.0,1.0,5.852,5.852,13,7,81.9672131147541,0.010698852426218538,0.752,0.724,0.013211565181516338,0.0,0.436,0.78,70.38912200927734,-5.441983222961426,0.5746766243252488,0.3151293992996216,0.016371751204133034,0.0016896188026294112,0.02921168467386955,-1.3201818466186523,-0.20044924318790436,0.233008666112132,0.9808472990989685,0.009658444672822952,1.3218767226652606e-11,0.010404161664665866,0.0,0.0,0.992366710301114,0.9581999051210125,0.12259138375520706,0.9103138446807861,0.0,81.9672131147541,0.14285714285714285,-7,1.0,1.0,0.08,-1.0,0.08,-1.0,0.07692307692307693,0.11795811027007806,0.288
v483l,16,7,93.75,0.19419760608667827,0.748,0.332,0.14788798850095006,0.26666666666666666,0.604,0.748,16,7,96.15384615384616,0.3849606700918815,1.152,0.316,0.3063462093775602,0.5333333333333333,0.248,1.152,0.226820707321167,-0.8692277073860168,0.4323543708116109,0.08445658534765244,0.10911960899829865,0.001276211580261588,0.01600640256102441,-0.3643496036529541,-0.008385082706809044,0.3092795455418316,0.8067622184753418,0.18160788714885712,1.2939622463792322e-11,0.020008003201280513,0.7905196012347306,-0.5751046990130309,0.5845684804503378,-0.5778896401639758,0.33859530091285706,0.3514162003993988,0.16954784095287323,2.4038461538461604,1.0,0,0.875,1.0,0.42,0.11188769880043627,0.46599999999999997,0.2663992765153417,0.9375,0.19804598736926712,0.696
b484s,8,5,65.50218340611353,0.3554902809426965,1.812,0.864,0.735874989383387,0.2857142857142857,0.4,1.812,10,5,65.78947368421052,0.19157230209744988,1.184,0.616,0.3185686739150602,0.4444444444444444,0.776,1.184,9.60871410369873,2.3591012954711914,0.6264353894072943,0.40097281336784363,0.09027394652366638,0.00048011570470407605,0.020808323329331732,-0.8398938179016113,-0.3809278905391693,0.25351347839806565,0.8907688856124878,0.10267972946166992,2.3673948218450036e-11,0.025610244097639057,0.9597722427130324,0.8565252668572976,0.7896576575290255,-0.1657371295226713,0.24566639959812164,0.7560861110687256,0.06327036023139954,0.2872902780969895,0.8181818181818182,0,0.875,0.8333333333333334,0.17942857142857144,0.036248574919208465,0.192,0.2020223011886132,0.7,0.24294425646387022,0.448
b485l,8,4,62.5,0.7144039970409153,3.432,0.432,1.6508656315198198,0.42857142857142855,0.92,3.432,10,6,61.98347107438017,0.19489674441122185,1.388,0.628,0.32483842137284186,0.2222222222222222,0.56,1.388,6.358671188354492,-0.03932178393006325,0.5357347982086332,0.2286527305841446,0.2452641725540161,0.0004291189252398908,0.021608643457382955,-0.31847071647644043,-0.11827750504016876,0.26290117253403467,0.8143847584724426,0.17790406942367554,1.7043796929350208e-11,0.044017607042817125,0.5756785098802172,-0.3210945510737248,0.8253493065516644,0.24699726650768844,0.22283874452114105,0.5525668263435364,0.20640425384044647,0.5165289256198307,0.8181818181818182,-2,0.75,0.6666666666666666,0.16866666666666666,0.04944581770876976,0.172,0.29315700460790345,0.8,0.2302582547833033,0.392
b486s,9,4,55.97014925373134,0.28441204590375424,2.092,1.048,0.5517494255288614,0.125,0.068,2.092,9,4,55.452865064695004,0.11356645227451036,1.312,0.844,0.20837329140614105,0.25,0.596,1.312,12.211350440979004,2.642397880554199,0.6184288627894029,0.39052680134773254,0.06559248268604279,0.0003925529308617115,0.035214085634253704,-0.8287713527679443,0.19809235632419586,0.2686953434231543,0.7849000692367554,0.201740562915802,1.4438228390645236e-11,0.026010404161664665,0.9362036139652241,0.5372138710166333,0.9090540448542477,0.7168600356273671,0.4437648355960846,0.5394821763038635,0.1618902087211609,0.5172841890363387,1.0,0,0.1111111111111111,0.16666666666666666,0.384,-1.0,0.384,-1.0,0.7777777777777778,0.28199510327633587,0.28
b487l,7,4,45.45454545454545,0.0524909322624822,1.38,1.168,0.07716994233508283,0.0,1.164,1.38,13,6,97.0873786407767,0.3612380820203011,1.18,0.384,0.3310105738492352,0.5,1.556,1.556,16.70357894897461,3.725487232208252,0.5904887281277568,0.4174228012561798,0.05297362059354782,5.873820555279963e-05,0.10644257703081232,-0.24511003494262695,0.6858740448951721,0.4524454902135835,0.722489058971405,0.05290130898356438,4.464065835735331e-12,0.09563825530212085,0.9974958332663248,0.9944081651533496,0.6287270264422709,0.38046433926778894,0.34279918670654297,0.13579273223876953,0.01296547893434763,51.63283318623125,0.5714285714285714,-2,0.7142857142857143,0.6666666666666666,0.2896,0.07562433470781743,0.332,0.2611337434270718,0.5384615384615384,0.15870799620537177,0.096
b488s,7,3,45.18072289156627,0.10954285805355553,1.5,1.136,0.21746172076942646,0.0,1.28,1.5,8,4,43.859649122807014,0.0904217193338374,1.476,1.128,0.19265859267972799,0.0,0.608,1.476,17.52985382080078,3.8424150943756104,0.5931229831424043,0.4298725128173828,0.050068922340869904,6.604740337934345e-05,0.08443377350940376,-1.0069730281829834,-0.04026367515325546,0.23351411172535497,0.5072836875915527,0.49157166481018066,1.369236148074382e-11,0.013605442176870748,0.9975811373354313,0.9938994081312207,0.9947337691083767,0.9867045904331636,0.3073938190937042,0.6536884307861328,0.021084705367684364,1.3210737687592555,0.8888888888888888,-1,1.0,1.0,0.36571428571428566,0.007045044574821694,0.368,0.019263793232533726,0.875,0.38098628246590643,0.688
v491l,4,0,53.380782918149464,0.08173519346130143,1.304,1.084,0.20099751242241776,0.0,5.9,5.9,12,4,79.36507936507937,0.40055117384900885,1.388,0.356,0.4040772203428449,0.6363636363636364,0.372,1.388,4.021491527557373,-0.7723792195320129,0.5023142908588344,0.11929638683795929,0.1036781370639801,0.0007078519556671381,0.01600640256102441,0.8425309658050537,-0.3931082785129547,0.285570928169091,0.6021369695663452,0.38407859206199646,1.2795404492893514e-11,0.022809123649459785,0.3027711181664028,-0.5961620229205609,0.696886027457004,0.033897441073278516,0.10595504194498062,0.36400306224823,0.3548869490623474,25.984296446929903,0.38461538461538464,-4,1.0,1.0,0.423,0.14041011359585176,0.434,0.3319387949798199,0.4166666666666667,0.15179840617742335,0.792
v492s,7,3,113.63636363636363,0.029954833776045534,0.548,0.5,0.01991983935678199,0.0,3.664,3.664,16,7,110.29411764705881,0.2555105795840654,0.916,0.316,0.1926358518775034,0.3333333333333333,1.432,1.432,15.949630737304688,-2.697150468826294,0.5723282614485123,0.31029272079467773,0.014210289344191551,0.0038745691999793053,0.027611044417767107,-0.9093952178955078,-0.31220585107803345,0.2658377754558779,0.9540509581565857,0.010504579171538353,1.7006462210700235e-11,0.07523009203681473,0.9261722571355389,0.7363996347639166,0.6294737036293684,-0.007327082540368871,0.5262469053268433,0.7316723465919495,0.3232049345970154,3.342245989304814,0.47058823529411764,-4,1.0,1.0,0.42,0.013856406460551017,0.42,0.032991443168182345,0.5,0.3504098895762017,0.784
b497l,12,4,117.1875,0.7005300938589658,1.912,0.34,0.522314847577589,0.7272727272727273,0.12,1.912,8,3,69.12442396313364,0.3540581394837488,1.928,0.844,0.45390454209374614,0.42857142857142855,0.868,1.928,22.64836311340332,4.171496391296387,0.7150272360720397,0.49775466322898865,0.005052107851952314,0.03390013799071312,0.01840736294517807,-0.14139986038208008,0.9235746264457703,0.28894496238881107,0.7586334943771362,0.23975801467895508,1.8932641912550174e-11,0.06922769107643058,0.8998366704209985,0.7191905305486023,0.992784348678678,0.9875236718761655,0.392049640417099,0.25796765089035034,0.12380573153495789,48.06307603686636,1.4444444444444444,1,0.5833333333333334,0.6666666666666666,0.524,0.013180071536766636,0.52,0.025152807796256785,1.0,0.28168331562471155,0.768
v498s,12,6,72.46376811594203,0.08536760697161778,1.044,0.76,0.10819981515695859,0.09090909090909091,0.356,1.044,11,5,69.76744186046511,0.0807297799882248,1.016,0.768,0.10222415457110798,0.0,0.684,1.016,9.307122230529785,2.7125959396362305,0.6375697152220069,0.4849085807800293,0.006676961202174425,0.0010180489625781775,0.01720688275310124,-1.094375729560852,-0.34330514073371887,0.28197527813221657,0.9289326667785645,0.05357598140835762,2.3857558290041325e-11,0.01680672268907563,0.9911394750176796,0.9746790752138066,0.95703274822841,0.7210794148931834,0.41769838333129883,0.7095521688461304,0.08267192542552948,2.6963262554769187,1.0833333333333333,1,0.8333333333333334,0.6666666666666666,0.21680000000000002,0.04435493208201316,0.222,0.20458916068321747,1.0,0.32845455552373165,0.456
f499l,5,1,115.83011583011583,1.195330148676257,4.896,0.448,2.5655668639373506,0.25,3.528,4.896,19,11,128.2051282051282,0.472797021342542,1.572,0.416,0.255376077925225,0.1111111111111111,0.096,1.572,-0.42078471183776855,0.47524532675743103,0.46999344136561727,0.23227837681770325,0.01730799861252308,0.0010357409482821822,0.004401760704281713,0.22190570831298828,0.39268389344215393,0.37892626890445896,0.663079023361206,0.12926171720027924,1.331208580868104e-11,0.023609443777511004,0.688840843252099,0.17155094814065228,0.8305638578405218,0.4144430206285617,0.804064929485321,0.4458359479904175,0.25041115283966064,12.375012375012375,0.3,-10,0.6,0.6,0.4573333333333333,0.10036378275498034,0.44,0.21945433067150957,0.15789473684210525,0.13188725102711707,0.032
f500s,14,7,79.36507936507937,0.0966116960763584,0.872,0.644,0.1258941354207309,0.0,0.056,0.872,13,7,78.125,0.07624937356822363,0.848,0.644,0.101608875775513,0.0,0.36,0.848,1.0158286094665527,-0.35346782207489014,0.5213492764101921,0.2870906591415405,0.004903658293187618,0.00031307528843171895,0.01840736294517807,-1.2995165586471558,-0.023642107844352722,0.26249091688647774,0.9613600969314575,0.026714827865362167,2.3572012397554687e-11,0.008003201280512205,0.9786214787238178,0.9461970105503188,0.9777644484461249,0.9645880356125438,0.4352133870124817,0.7646813988685608,0.02935726009309292,1.2400793650793673,1.0714285714285714,0,0.9285714285714286,0.8333333333333334,0.24584615384615388,0.06280843421296238,0.236,0.25547860186367105,1.0,0.36438228301338965,0.48
v501l,11,6,83.10249307479225,0.3865152378983226,1.452,0.536,0.6020158728066155,0.4,0.416,1.452,14,7,86.70520231213874,0.08092551701384831,0.82,0.58,0.10198692726684791,0.0,0.624,0.82,1.941579818725586,0.4335029721260071,0.5434977966272941,0.26654890179634094,0.05260654166340828,0.00018623023061081767,0.04441776710684274,-1.2662712335586548,-0.11918079853057861,0.26417243441809124,0.9598445892333984,0.02483309432864189,3.5885769182619764e-12,0.005202080832332933,0.3249034005847852,-0.6323052638970363,0.9799911003693829,0.9321868663532529,0.396991491317749,0.7604404091835022,0.10744226723909378,3.602709237346488,0.8,-1,0.9090909090909091,0.8333333333333334,0.3111999999999999,0.06076314672562639,0.29,0.19525432125026734,0.7142857142857143,0.3114456814284869,0.544
v502s,17,9,99.00990099009901,0.06742580695991846,0.692,0.5,0.07016171795692197,0.0,0.08,0.692,17,8,99.33774834437087,0.07589209059639825,0.716,0.484,0.08039900496896714,0.0,0.196,0.716,0.6567845344543457,-0.326371431350708,0.48623000089857665,0.2410454899072647,0.0075992620550096035,0.00028277255478315055,0.009603841536614645,-1.0526570081710815,-0.07960008829832077,0.2787800016882373,0.9375725388526917,0.047430023550987244,3.012416011083374e-11,0.006802721088435374,0.9895055959614315,0.9667832925257894,0.9644960454344814,0.893875467811745,0.6414977312088013,0.7276493906974792,0.05894843861460686,0.32784735427185296,1.0,1,0.9411764705882353,0.8333333333333334,0.3585,0.03825898587260253,0.356,0.10671962288816263,0.9411764705882353,0.4255309862049374,0.56
t503l,18,8,130.43478260869566,0.4095418002404498,0.824,0.224,0.2823278236376996,0.7647058823529411,0.38,0.824,15,7,110.29411764705881,0.5011849637450987,1.724,0.428,0.46478713076318817,0.2857142857142857,0.212,1.724,8.475850105285645,2.1703238487243652,0.7358405618079689,0.46581944823265076,0.010763786733150482,0.06295737624168396,0.007603041216486595,0.10472631454467773,0.02717817761003971,0.32331414698614164,0.4862240254878998,0.4636499285697937,1.889391941511942e-11,0.023609443777511004,0.6654895835838182,-0.5708912757169928,0.3923658043403049,-0.17679041526277134,0.5240561366081238,0.3253736197948456,0.34552547335624695,20.140664961636844,1.1875,1,0.6111111111111112,0.5,0.3258181818181818,0.13319419737689786,0.308,0.40879914234876424,0.9333333333333333,0.07686673510652375,0.512
t504s,17,9,118.11023622047244,0.33426951203174443,0.8,0.276,0.21294882014230557,0.5625,0.732,0.8,15,6,102.38907849829351,0.2637470569887903,0.864,0.384,0.2422890835345249,0.6428571428571429,1.612,1.612,4.41922664642334,1.6636806726455688,0.7307133221948823,0.3969290852546692,0.002060494152829051,0.0734332874417305,0.008803521408563426,0.5030679702758789,0.3981439471244812,0.3624163631464635,0.6502114534378052,0.2325812131166458,7.282532216157378e-12,0.03241296518607443,0.6717404856596558,0.3186277183382662,0.5836335916171261,0.15031233534971536,0.45229366421699524,0.3586508333683014,0.2378682643175125,15.72115772217893,1.125,3,0.7058823529411765,0.5,0.3133333333333333,0.15039799053031114,0.344,0.4799935714799216,0.8666666666666667,0.16353533966864367,0.552
v505l,13,7,77.92207792207792,0.009819823081447753,0.784,0.756,0.008528028654224425,0.0,0.32,0.784,15,9,83.56545961002786,0.2357855138168779,0.784,0.328,0.18736389932223008,0.2857142857142857,0.12,0.86,18.362409591674805,3.9721479415893555,0.6732926553770925,0.532718300819397,0.0066138063557446,0.0055876062251627445,0.011204481792717087,0.473405122756958,-0.5659457445144653,0.3363377068249131,0.8697046041488647,0.09973180294036865,1.0208688928925458e-11,0.027210884353741496,0.9859539339936073,0.9145740212121279,0.5602304435435184,-0.27117883174963,0.7489860653877258,0.3316698670387268,0.050166625529527664,5.64338168794994,0.875,-2,0.8461538461538461,0.8333333333333334,0.2589090909090909,0.10895992136014929,0.264,0.4208423766393893,1.0,0.25764085302771644,0.408
t506s,24,13,150.0,0.20078082314939896,0.604,0.312,0.12296636642890313,0.30434782608695654,0.292,0.604,11,6,67.56756756756756,0.3942032812801505,1.424,0.34,0.4529900661162449,0.6,1.356,1.424,8.653477668762207,2.5299198627471924,0.7121806028130737,0.5181414484977722,0.0014944819267839193,0.010243430733680725,0.020008003201280513,6.725075721740723,1.2345062494277954,0.3692236809484193,0.8157812356948853,0.145543172955513,1.190139133078194e-11,0.05042016806722689,0.9648403530252032,0.8744445989591709,0.5837669380099191,0.20177988008864034,0.1340188831090927,0.1491280198097229,0.05272771418094635,82.43243243243244,2.0833333333333335,7,0.4583333333333333,0.16666666666666666,0.36690909090909096,0.16217692613901902,0.412,0.4420084585996726,1.0,0.07497680747505547,0.616
t507l,24,13,157.89473684210526,0.24631948925861613,0.64,0.296,0.11456478913300938,0.34782608695652173,0.396,0.64,15,8,107.91366906474819,0.3844280615941227,1.124,0.304,0.35626437892709356,0.5714285714285714,0.584,1.124,8.051569938659668,2.0539472103118896,0.7110079896138148,0.5094277262687683,0.008727414533495903,0.013157190755009651,0.015606242496998799,2.498807430267334,0.7469674944877625,0.34073461963303836,0.6985769271850586,0.28179189562797546,8.623724997991467e-12,0.024009603841536616,0.9625487872532715,0.8861553148622904,0.6416208760717186,0.2827732667669302,0.2209065705537796,0.17137941718101501,0.06485074758529663,49.98106777735707,1.5625,5,0.75,0.16666666666666666,0.36955555555555564,0.16791605780608299,0.374,0.45437296432987967,1.0,0.2800479619942594,0.672
t508s,22,13,180.72289156626505,0.4183855349522176,0.868,0.312,0.1062976951772709,0.19047619047619047,0.732,0.868,4,3,29.239766081871345,0.6655586240297532,5.772,1.168,2.703687851805382,0.6666666666666666,0.048,5.772,12.1516695022583,3.144000291824341,0.6960543356032309,0.4568222165107727,0.002242845483124256,0.020133579149842262,0.012004801920768308,11.007772445678711,-1.8719744682312012,0.1667727983642036,0.11477387696504593,0.8852201700210571,2.5923454355369913e-11,0.4057623049219688,0.8770485722319701,-0.43793254225748507,0.915497268012718,0.9052797378446577,0.41241455078125,0.16032865643501282,0.18123352527618408,151.4831254843937,4.6,10,0.09090909090909091,0.3333333333333333,0.364,0.043999999999999984,0.364,0.12087911755826596,1.0,0.06580610866766275,0.0
t509l,24,14,154.63917525773195,0.20337270943634847,0.612,0.34,0.07766126915826657,0.21739130434782608,0.1,0.612,17,8,116.27906976744185,0.3358079922211884,1.168,0.348,0.30464668059901784,0.5,0.316,1.168,5.566094398498535,1.749139428138733,0.65635764940682,0.4154415726661682,0.17486946284770966,0.006267341785132885,0.011204481792717087,1.2376651763916016,-0.11816730350255966,0.3509634269998183,0.7163398861885071,0.2494918406009674,1.0283219588347325e-11,0.017607042817126852,0.831453694514553,-0.1445270698160409,0.638135809501686,-0.03559188878303807,0.2047957181930542,0.15039221942424774,0.20273876190185547,38.360105490290096,1.3888888888888888,6,0.6666666666666666,0.3333333333333333,0.36124999999999996,0.11627311598129639,0.422,0.3218632879243281,1.0,0.29927316090851797,0.576
v510s,16,9,81.08108108108108,0.2683211673429881,0.788,0.3,0.16301095493423573,0.26666666666666666,0.204,0.788,13,7,80.21390374331551,0.023161792303427745,0.776,0.712,0.025922962793631463,0.0,0.26,0.776,8.286787033081055,-2.068614959716797,0.669956001103267,0.25158265233039856,0.09824543446302414,0.03623832017183304,0.007202881152460984,-1.1923857927322388,0.11660151183605194,0.25069255996394796,0.977060854434967,0.012353346683084965,1.3148164848542088e-11,0.005202080832332933,0.7435022840494827,-0.3032320578809322,0.9947623305644772,0.986716973334948,0.22137700021266937,0.8798704147338867,0.18100962042808533,0.8671773377655683,1.2142857142857142,2,0.8125,0.6666666666666666,0.3209230769230769,0.019096763875917418,0.324,0.05950573409663974,1.0,0.43666638620605164,0.528
v511l,3,2,21.27659574468085,0.4156028354056638,3.992,1.648,2.3440000000000003,1.0,3.292,3.992,12,6,75.0,0.009999999874999983,0.816,0.792,0.011242775458044143,0.0,0.612,0.816,8.49213695526123,-1.2569739818572998,0.44582795082658916,0.1090473011136055,0.05434184521436691,0.00048782178782857955,0.02040816326530612,-1.1356210708618164,0.02381771057844162,0.243023355133664,0.9622663259506226,0.0289863720536232,2.1989837034608328e-11,0.003601440576230492,0.9299765588035429,0.9091493468587105,0.992826453580738,0.9461153700255975,0.08236508071422577,0.8543562293052673,0.2022401988506317,53.72340425531915,0.3076923076923077,-4,0.0,0.0,-1.0,-1.0,-1.0,-1.0,0.25,0.20627425125202553,0.312
a512s,15,8,87.71929824561403,0.03892656847940972,0.732,0.644,0.039737600872183025,0.0,0.104,0.732,15,7,86.95652173913044,0.017804437809862707,0.708,0.664,0.01934305679446359,0.0,0.248,0.708,0.4666140079498291,-0.4369019567966461,0.41395067669132124,0.15415693819522858,0.013867504894733429,0.0016131640877574682,0.011204481792717087,-0.7891926765441895,0.09172552824020386,0.276621288330097,0.9436225891113281,0.030166659504175186,4.672399186306242e-12,0.004801920768307323,0.9003303514361571,0.7519911663251811,0.9830928673499151,0.9517030440197661,0.7632217407226562,0.7860651016235352,0.1419415920972824,0.7627765064835899,1.0,1,0.9333333333333333,0.8333333333333334,0.37542857142857144,0.01911511849563171,0.37,0.05091545886808974,0.9333333333333333,0.4438489585746814,0.56
v513l,17,8,96.46302250803859,0.2120071539530913,0.732,0.216,0.164444924924223,0.125,0.58,0.732,17,8,97.40259740259741,0.18263527696937695,0.676,0.304,0.1228722914248774,0.125,0.564,0.676,5.799375534057617,-1.0914887189865112,0.6139479954821074,0.22671891748905182,0.05420722812414169,0.019011996686458588,0.020808323329331732,-0.9066340923309326,0.007156798616051674,0.3092217784875152,0.8970475792884827,0.08000602573156357,1.1598437488213875e-11,0.006802721088435374,0.6518526477430735,-0.39719887047132574,0.877722540079199,-0.07883693986427984,0.2284778356552124,0.6480073928833008,0.34023410081863403,0.9395748945588167,1.0,0,0.9411764705882353,0.8333333333333334,0.4305,0.1050035713678349,0.47,0.2439107292188795,0.9411764705882353,0.4157120809527305,0.648
a514s,16,8,112.78195488721803,0.2601062948616644,0.872,0.472,0.34329995214514253,0.4666666666666667,0.088,0.872,4,3,29.940119760479043,0.6604456227872185,5.796,1.244,2.7346721924208763,0.6666666666666666,0.052,5.796,-0.7422215938568115,-0.12492497265338898,0.34005116813953806,0.017507385462522507,0.32231491804122925,0.0016376206185668707,0.013205282112845138,12.560379028320312,-2.3314149379730225,0.1763008284177338,0.10988796502351761,0.881845235824585,2.933298395846329e-11,0.04481792717086835,0.27650788307291163,-0.3243742993222071,0.8151853054366965,0.5331491146310461,0.8471927642822266,0.1788155734539032,0.15277886390686035,82.841835126739,3.4,5,0.1875,0.3333333333333333,0.40399999999999997,0.158694675399019,0.504,0.3928085927498344,1.0,0.1080166087486093,0.568
b515l,7,4,40.98360655737705,0.18554484073246574,1.532,0.804,0.2684831465846599,0.16666666666666666,0.48,1.532,6,3,39.787798408488065,0.025472632942525202,1.544,1.448,0.02877498913987634,0.0,1.312,1.544,20.80967903137207,3.9206624031066895,0.6378575837708503,0.4593794047832489,0.06518534570932388,0.0016147834248840809,0.03681472589035614,-0.44099855422973633,-0.19319187104701996,0.2873014048367354,0.5418885350227356,0.4552976191043854,6.997216174531307e-12,0.018807523009203683,0.9851282458444584,0.9467266694692034,0.9971879549262361,0.9948727013305104,0.2818344235420227,0.8096218109130859,0.07125150412321091,1.195808148888986,1.1428571428571428,1,0.0,0.0,-1.0,-1.0,-1.0,-1.0,0.0,0.24977612754573375,0.0
b516s,6,3,37.878787878787875,0.05270396188855057,1.732,1.468,0.09955902771722915,0.0,1.544,1.732,7,4,37.878787878787875,0.05608133512122138,1.74,1.452,0.14034243834279067,0.0,0.168,1.74,20.31183433532715,3.4631268978118896,0.6224970039354759,0.4488145112991333,0.054452769458293915,0.0017280620522797108,0.056422569027611044,-0.6708781719207764,-0.03687545284628868,0.2848199779457051,0.5308694243431091,0.4656250774860382,1.1330674246079475e-11,0.022408963585434174,0.9970197736141433,0.9865700617942091,0.9988298593542153,0.9971473458649124,0.1696653515100479,0.6148525476455688,0.02760532684624195,0.0,0.875,-1,0.0,0.0,-1.0,-1.0,-1.0,-1.0,0.0,0.1796153791858071,0.0
b517l,6,3,39.787798408488065,0.019287225990983026,1.56,1.476,0.03509985754956852,0.0,1.008,1.56,6,3,39.473684210526315,0.07245046355200946,1.788,1.464,0.11840608092492548,0.0,1.12,1.788,25.41031265258789,4.4715447425842285,0.6231599179414617,0.4341828525066376,0.07774395495653152,0.0015601071063429117,0.05802320928371348,-0.37218618392944336,0.13465484976768494,0.2889047896883381,0.5638453364372253,0.43290257453918457,1.625139779692919e-11,0.022809123649459785,0.9965276839517214,0.9927577893988238,0.9983740266887356,0.9944338360546201,0.43682530522346497,0.6344596743583679,0.02074403502047062,0.3141141979617501,1.0,0,0.0,0.0,-1.0,-1.0,-1.0,-1.0,0.0,0.21776576999313216,0.0
v518s,1,1,0.0,0.0,10.0,10.0,0.0,1.0,1.58,8.42,10,5,60.0,0.028322033675809336,1.048,0.956,0.0376563407675255,0.0,0.864,1.048,9.086159706115723,0.4429777264595032,0.6055426205449753,0.37415197491645813,0.09061180055141449,0.0030173491686582565,0.020008003201280513,-1.0969394445419312,-0.37571221590042114,0.2284531248439575,0.8652315139770508,0.13062390685081482,1.3029949298346e-12,0.008003201280512205,0.0,0.0,0.9920954697410242,0.9588394990267723,0.17129966616630554,0.8452962636947632,0.0,60.0,0.18181818181818182,-4,1.0,1.0,0.428,-1.0,0.428,-1.0,0.1,0.10060119730785654,0.72
v519l,10,5,65.50218340611353,0.05267298240380759,1.044,0.856,0.04235563716909477,0.0,1.036,1.044,11,5,65.359477124183,0.04480568494986658,0.956,0.832,0.02924228293261509,0.0,0.74,0.956,19.929960250854492,3.8934102058410645,0.6995701128591651,0.4427444636821747,0.01056738942861557,0.01304195448756218,0.024009603841536616,-1.0351626873016357,-0.23819884657859802,0.2406504160166382,0.9255028963088989,0.06786319613456726,1.3612066335211281e-11,0.004001600640256103,0.9896822453720352,0.9818025692902277,0.9968413838808239,0.9866200100405567,0.28835156559944153,0.8290820121765137,0.017668088898062706,0.14270628193052914,0.9166666666666666,0,0.9,0.8333333333333334,0.1582222222222222,0.03887809373978496,0.152,0.2457182735557725,0.9090909090909091,0.3711427648570571,0.432
t524s,22,9,163.04347826086956,0.534036087592254,1.36,0.296,0.35916124512536146,0.19047619047619047,0.292,1.36,4,3,29.239766081871345,0.6655586240297532,5.772,1.168,2.703687851805382,0.6666666666666666,0.048,5.772,14.633485794067383,2.5678744316101074,0.6825597884461877,0.429002046585083,0.005958579946309328,0.01852928288280964,0.006002400960384154,11.007771492004395,-1.8719748258590698,0.1667727983642036,0.11477386206388474,0.8852202892303467,2.5921948615392765e-11,0.4057623049219688,0.8895887431180861,0.5211096077742978,0.9154972685797045,0.9052797364813461,0.21200378239154816,0.16032865643501282,0.29187172651290894,133.8037121789982,4.6,6,0.18181818181818182,0.5,0.359,0.17182258291621624,0.4,0.4786144237606463,1.0,0.08791326107315296,0.24
v525l,13,5,105.26315789473685,0.8131205539026461,2.832,0.448,0.959264870048461,0.25,0.02,2.832,18,9,122.95081967213115,0.1966535933392681,0.644,0.328,0.10218610473053565,0.4117647058823529,0.836,0.836,13.303234100341797,2.909881114959717,0.7058222740164036,0.41710782051086426,0.004787510726600885,0.01868859864771366,0.012404961984793917,-0.6568760871887207,0.28454264998435974,0.32897774585736056,0.9455233216285706,0.03180983290076256,8.720382055349418e-12,0.008803521408563426,0.9736865331176969,0.9372761187157823,0.8176528606579088,0.12478931503194679,0.10108626633882523,0.3199062645435333,0.1049714982509613,17.687661777394297,0.7368421052631579,-4,0.8461538461538461,0.6666666666666666,0.45527272727272733,0.17160477367225957,0.536,0.3769274099306789,0.6666666666666666,0.4788096461442806,0.712
a526s,17,6,124.48132780082987,0.5412229830763614,0.976,0.212,0.16008997470172825,0.8125,0.176,0.976,10,5,62.5,0.02127952822335437,1.012,0.944,0.03334666400106616,0.0,0.732,1.012,5.716579437255859,1.346439003944397,0.7703108870864901,0.36041584610939026,0.02914407104253769,0.12069547176361084,0.01680672268907563,-0.9841172695159912,0.09361277520656586,0.256785877833862,0.8841330409049988,0.11208157986402512,9.43770669253885e-12,0.013605442176870748,0.5093615137481439,-0.24820746118255946,0.9856536055631555,0.9641700847191497,0.36693722009658813,0.8055033087730408,0.19337846338748932,61.981327800829874,1.6363636363636365,1,0.7058823529411765,0.8333333333333334,0.1993333333333334,0.1202866945629852,0.152,0.603444925728441,1.0,0.26128158601022433,0.392
a527l,16,9,159.5744680851064,0.808668302678849,1.776,0.236,0.6885189073034128,0.7333333333333333,0.42,1.776,10,7,76.92307692307692,0.49746983481908313,1.728,0.388,0.45699015306678104,0.7777777777777778,1.052,1.728,4.174240589141846,1.095517635345459,0.773447537167052,0.3124549686908722,0.029809128493070602,0.12889017164707184,0.0024009603841536613,-0.04220986366271973,0.1338973343372345,0.267153119896817,0.6966496706008911,0.29958251118659973,8.313127963788247e-12,0.054821928771508606,0.450635626269944,-0.22087443370880683,0.6683637099581651,0.14025649048493133,0.21884970366954803,0.22119274735450745,0.358269065618515,82.65139116202947,1.5454545454545454,2,0.6875,0.6666666666666666,0.3301818181818182,0.1621704031857277,0.36,0.4911548405880981,0.7,0.0644916113581028,0.608
f529l,7,5,67.26457399103138,0.6695246678737866,2.62,0.368,1.2779395916865555,0.6666666666666666,0.508,2.62,17,8,90.63444108761328,0.2716630244381112,1.012,0.312,0.2464683887776821,0.3125,0.232,1.012,0.6640081405639648,0.37823814153671265,0.5572817161241076,0.2562570571899414,0.11281155794858932,0.000630988331977278,0.04441776710684274,0.8494417667388916,-0.2418985664844513,0.31411298737327764,0.6993902325630188,0.27827712893486023,3.437288301211261e-11,0.01720688275310124,0.29127984038284876,-0.3954484193613128,0.5157832176917821,-0.19240650976734727,0.1524345874786377,0.2398640662431717,0.19505533576011658,23.3698670965819,0.4444444444444444,-3,0.8571428571428571,0.8333333333333334,0.2753333333333334,0.11524852373120544,0.262,0.41857815815529237,0.4117647058823529,0.04795573344293636,0.08
v532s,12,5,108.69565217391303,0.6309622895815855,1.816,0.476,0.7922545045627699,0.18181818181818182,0.212,1.816,15,7,106.0070671378092,0.2979760844461253,1.148,0.5,0.2972406432505487,0.2857142857142857,0.452,1.148,6.118303298950195,1.3285062313079834,0.5873280603578213,0.30179205536842346,0.04035511240363121,0.0023900694213807583,0.014805922368947578,1.656728744506836,1.0310204029083252,0.376220390476241,0.8799281120300293,0.04307273402810097,1.670375816831271e-11,0.03081232492997199,0.7993469357199686,0.04782412897865538,0.9226896117875383,0.738570467609747,0.27468153834342957,0.5280843377113342,0.36084306240081787,2.688585036103831,0.8125,-2,0.6666666666666666,0.5,0.508,0.07964923100695949,0.526,0.15678982173043557,0.6,0.3215522808659486,0.696
v533l,15,7,102.38907849829351,0.265937239010316,1.18,0.492,0.27185290140073914,0.14285714285714285,0.9,1.18,16,8,100.67114093959732,0.23043814796484635,1.14,0.5,0.16094364586045992,0.13333333333333333,0.28,1.14,4.487565517425537,1.1513062715530396,0.5750578997733736,0.27484068274497986,0.029152903705835342,0.001652978826314211,0.012404961984793917,-0.4760260581970215,0.15915723145008087,0.3421872816683213,0.7026675343513489,0.2747337520122528,1.9102807877202643e-11,0.022809123649459785,0.7969881336191846,0.11558373545449709,0.6976464204075432,-0.03754038267632055,0.18130095303058624,0.4247168004512787,0.3081212639808655,1.7179375586961925,0.9411764705882353,-1,0.8666666666666667,0.8333333333333334,0.43415384615384617,0.14684049229526164,0.492,0.3382222459017557,0.875,0.2722774850396012,0.648
v534s,19,10,118.11023622047244,0.022560924882293387,0.536,0.496,0.019281200841294963,0.0,0.288,0.536,20,10,117.1875,0.02245137577245929,0.536,0.492,0.014936904334938734,0.0,0.108,0.536,1.857508659362793,0.1858852505683899,0.6361926723876141,0.6533877849578857,0.04822227358818054,0.00461601372808218,0.009203681472589036,-0.2037672996520996,0.5474275350570679,0.37836153096326525,0.7994136810302734,0.0518680065870285,3.521066684747387e-12,0.012004801920768308,0.9805568999402036,0.9441081548113383,0.8869453002906715,0.6388306158678505,0.6161715388298035,0.7547445297241211,0.08794810622930527,0.9227362204724443,0.9523809523809523,0,0.9473684210526315,0.8333333333333334,0.5286666666666666,0.08489732360655167,0.558,0.16058762043002925,0.95,0.684397346052033,0.68
v535l,4,1,34.72222222222222,0.41630543608652376,2.824,0.96,0.9463191850533307,0.6666666666666666,3.4,3.4,13,6,78.32898172323759,0.037205942977806765,0.824,0.704,0.041253099057139746,0.0,0.692,0.824,14.487630844116211,-1.769821047782898,0.4356710461488375,0.0658152848482132,0.11887222528457642,0.00038886599941179156,0.041216486594637856,-1.0652945041656494,-0.06949623674154282,0.28487755165547385,0.9092227816581726,0.07796348631381989,5.4292165381497615e-12,0.006402561024409764,0.16292562809548963,-0.32089429854083446,0.9725814334867845,0.879336712108914,0.1430419385433197,0.7877971529960632,0.5010283589363098,43.60675950101537,0.35714285714285715,-5,0.75,0.75,0.24666666666666667,0.10579645026601267,0.18,0.42890451071743607,0.3076923076923077,0.05011106506309313,0.488
v536s,2,2,115.38461538461539,0.0,0.52,0.52,0.0,0.0,3.148,6.332,13,6,81.08108108108108,0.007415657500000418,0.752,0.736,0.007336087637029831,0.0,0.772,0.772,5.486188888549805,-0.3711355924606323,0.42853414034118353,0.08977317810058594,0.05124317854642868,0.00028860894963145256,0.037615046018407365,-1.3028534650802612,-0.06386874616146088,0.24817224933609636,0.9738736152648926,0.00640443479642272,1.8019703784677432e-11,0.004801920768307323,0.0,0.0,0.9974044266350349,0.9927039769967423,0.32645687460899353,0.920275866985321,0.04168848320841789,34.303534303534306,0.21428571428571427,-4,0.5,0.5,0.416,-1.0,0.416,-1.0,0.15384615384615385,0.10357534035376138,0.792
b537l,7,3,44.052863436123346,0.2346176171522919,1.892,0.888,0.5980983196766231,0.3333333333333333,1.752,1.892,7,3,43.98826979472141,0.23642308233021803,1.904,0.884,0.6036157718284041,0.3333333333333333,1.044,1.904,18.466691970825195,3.4045486450195312,0.6124510790281217,0.43807512521743774,0.012299276888370514,0.0031134900636970997,0.03441376550620248,0.5008976459503174,0.9557499289512634,0.2843060681378371,0.5352233052253723,0.45789819955825806,2.6854742388171537e-11,0.1136454581832733,0.992490770097974,0.9847669159305551,0.9729080519893375,0.893775828363396,0.11155599355697632,0.4556792378425598,0.014038726687431335,0.06459364140193458,1.0,0,1.0,1.0,0.48,0.08341291438209246,0.512,0.17377690134234053,1.0,0.5217531936462069,0.712
b538s,6,3,29.702970297029704,0.34658113594746104,2.5,0.932,1.183959458765375,0.6,0.344,2.5,8,3,48.8599348534202,0.14475927059914737,1.404,0.924,0.23610167301397925,0.14285714285714285,1.64,1.64,20.639589309692383,3.5021708011627197,0.5967039819591062,0.35091766715049744,0.014612723141908646,0.0034637681674212217,0.03321328531412565,0.6302106380462646,0.8743224740028381,0.290966379635335,0.710804283618927,0.28401970863342285,7.441249873230138e-12,0.028011204481792718,0.9944723544956885,0.9850803782589483,0.8988120499229284,0.583172516672781,0.1461426168680191,0.32907333970069885,0.03472546860575676,19.156964556390495,0.7777777777777778,0,0.8333333333333334,0.8333333333333334,0.4488,0.12256981683922026,0.508,0.2731056464085646,0.625,0.45758497817382804,0.72
a539l,22,10,153.0612244897959,0.37083721887291843,0.76,0.168,0.24387701818744625,0.7142857142857143,0.392,0.828,4,3,28.57142857142857,0.6572498872825531,5.7,1.148,2.6330879210539098,0.6666666666666666,0.052,5.7,-0.6062464714050293,-0.07334490120410919,0.3961098729976581,0.019930755719542503,0.07068026065826416,0.00012331362813711166,0.008403361344537815,12.938504219055176,-2.4253790378570557,0.17591291480680354,0.10917800664901733,0.8821454644203186,2.872350447769012e-11,0.03561424569827931,0.07064309951872234,-0.7001827738426166,0.8414753405863088,0.6267556435507677,0.3725144863128662,0.18307870626449585,0.2525261640548706,124.48979591836734,4.6,7,0.18181818181818182,0.3333333333333333,0.238,0.11560276813294741,0.244,0.48572589611633804,1.0,0.05041426756805543,0.328
v540s,11,4,138.24884792626727,1.1499621858969884,3.808,0.116,1.8123580710714362,0.8,0.168,3.808,4,3,29.940119760479043,0.6604456227872185,5.796,1.244,2.7346721924208763,0.6666666666666666,0.052,5.796,0.3227870464324951,0.23926115036010742,0.42282222681575954,0.7676766514778137,0.020007669925689697,0.0007858593016862869,0.005202080832332933,11.839016914367676,-2.1361496448516846,0.17506475524136422,0.1116158738732338,0.881507396697998,3.071841045421131e-11,0.04961984793917567,0.17084269093753068,-0.7426425210405201,0.8233386718524374,0.5579707625180612,0.5025901198387146,0.1705707460641861,0.21834245324134827,108.30872816578824,2.4,1,0.0,0.0,-1.0,-1.0,-1.0,-1.0,0.75,0.047868641427554724,0.232
v541l,17,9,129.3103448275862,0.468027878225738,1.068,0.232,0.31613499226332625,0.5,1.252,1.252,13,6,104.16666666666666,0.46848080010768284,1.644,0.404,0.4957946789109012,0.5833333333333334,0.384,1.644,1.9495115280151367,0.100227490067482,0.520391146762549,0.2462584376335144,0.0047824569046497345,0.000836116902064532,0.027210884353741496,-0.2097628116607666,-0.506542980670929,0.3205241421969333,0.7803322076797485,0.20854777097702026,3.999835185286571e-11,0.022408963585434174,0.4586374801283386,-0.47727544246994347,0.5460791859574531,-0.315075119330474,0.3025699555873871,0.15898945927619934,0.19919469952583313,25.143678160919535,1.2857142857142858,3,0.7058823529411765,0.5,0.41,0.15204823795975628,0.484,0.37084935183234824,0.9230769230769231,0.1670569309579127,0.704
v542s,22,10,140.18691588785046,0.2948838534659184,0.74,0.184,0.1983874996062,0.5238095238095238,0.376,0.74,15,7,100.0,0.5470885752268554,1.556,0.304,0.6255788703887969,0.7142857142857143,0.084,1.556,4.262912750244141,-1.0386472940444946,0.5704842270831675,0.2652886211872101,0.05272606387734413,0.001617191475816071,0.029611844737895156,1.4912629127502441,-0.8569641709327698,0.3305869954935778,0.5792898535728455,0.4004647433757782,1.0770435758533647e-11,0.03321328531412565,0.47612940362998807,-0.05777262603721678,0.41390316131383237,-0.30122483027994984,0.20945322513580322,0.3932872712612152,0.3351339101791382,40.18691588785046,1.4375,3,0.7272727272727273,0.5,0.408,0.17004117148502593,0.456,0.4167675669542899,1.0,0.13885844986220658,0.24
f543l,27,14,165.74585635359117,0.3753898854513405,0.692,0.116,0.21041977093419717,0.7307692307692307,0.3,0.692,4,3,28.57142857142857,0.6572498872825531,5.7,1.148,2.6330879210539098,0.6666666666666666,0.052,5.7,-0.4108150005340576,0.08131798356771469,0.4464715303778019,0.6648688316345215,0.004460180178284645,0.0010482505895197392,0.004001600640256103,13.067291259765625,-2.4575343132019043,0.17677392104330317,0.1088128536939621,0.8814868330955505,2.8950293551321948e-11,0.035214085634253704,0.10895017808129175,-0.6541172529405723,0.8360775399431467,0.6107093611704182,0.5069683790206909,0.18451683223247528,0.2511598467826843,137.17442778216258,5.6,11,0.18518518518518517,0.3333333333333333,0.42560000000000003,0.16431384603860988,0.464,0.3860757569968334,1.0,0.05291888691603769,0.52
f544s,18,8,131.57894736842104,0.5813254593341016,1.444,0.232,0.36883871814114094,0.6470588235294118,0.54,1.444,16,9,118.11023622047244,0.5100806285052492,1.644,0.356,0.42989433917782965,0.5333333333333333,0.084,1.644,0.6273210048675537,0.09583660960197449,0.4965063065759157,0.32556307315826416,0.005661258939653635,0.0007374589331448078,0.01680672268907563,0.5653517246246338,-0.22409383952617645,0.33246449994840754,0.7747612595558167,0.2079342156648636,3.2552759099413464e-11,0.01840736294517807,0.348299475186309,-0.3758748992811306,0.5208495051847263,-0.08797986282823632,0.24307243525981903,0.19266797602176666,0.22496278584003448,13.468711147948596,1.1176470588235294,-1,0.6666666666666666,0.6666666666666666,0.4003333333333334,0.14581685621201532,0.41600000000000004,0.36423859925802493,0.9375,0.11181263858545189,0.728
f545l,21,13,156.25,0.5775754986893037,1.384,0.168,0.39351372610314234,0.55,0.124,1.384,4,3,28.57142857142857,0.6649935691047946,5.796,1.148,2.698770090244814,0.6666666666666666,0.052,5.796,-0.10873556137084961,-0.24694086611270905,0.3954791401175057,0.01736411824822426,0.09240667521953583,0.00013652467168867588,0.009603841536614645,12.506829261779785,-2.315582513809204,0.17513401555490685,0.11013861745595932,0.8824019432067871,2.8406490701349263e-11,0.028011204481792718,0.22846212984383132,-0.780575149158025,0.7480558525666554,0.644695432645098,0.3980381488800049,0.17846210300922394,0.3344295620918274,127.67857142857143,4.4,10,0.14285714285714285,0.16666666666666666,0.2613333333333333,0.11690832115617585,0.344,0.44735325261215564,1.0,0.05805049537639298,0.432
t546s,14,7,148.5148514851485,0.785079661789211,2.0,0.38,0.8268204158098662,0.23076923076923078,0.488,2.0,17,10,139.53488372093022,0.41418680293425153,1.072,0.344,0.31361802669276945,0.5,0.268,1.072,5.740089416503906,1.7119187116622925,0.5968154773149643,0.26177841424942017,0.16679565608501434,0.01492568664252758,0.05322128851540616,2.9538583755493164,1.2282460927963257,0.3113068060902425,0.5562193989753723,0.42282167077064514,2.8383474390270003e-11,0.027611044417767107,0.9139035986636402,0.6878559171589341,0.5708053053533149,0.14373819781611247,0.3397257924079895,0.21942558884620667,0.18653938174247742,8.979967764218287,0.8333333333333334,-3,0.7857142857142857,0.8333333333333334,0.34509090909090906,0.16033683552585876,0.42,0.46462200729083925,0.7647058823529411,0.19730066535629426,0.608
t547l,12,2,150.0,1.421293627502444,3.992,0.392,1.6072968611927294,0.09090909090909091,0.692,3.992,17,8,118.11023622047244,0.4583173568351497,1.216,0.36,0.3004334646251424,0.625,0.116,1.216,8.193859100341797,1.8586711883544922,0.5905025630042833,0.2861747145652771,0.12917156517505646,0.016790073364973068,0.03721488595438175,0.400587797164917,0.40485936403274536,0.3449248686023671,0.75445157289505,0.21737773716449738,1.5286567150996078e-11,0.028811524609843937,0.8739535313074077,0.7604794144578606,0.5146729159383028,-0.2487051492028912,0.5216114521026611,0.17922301590442657,0.21197818219661713,31.889763779527556,0.7222222222222222,-6,0.6666666666666666,0.6666666666666666,0.346,0.05567764362830021,0.33399999999999996,0.16091804051768732,0.5882352941176471,0.17544080407089238,0.152
v548s,17,8,102.73972602739727,0.008554597007817693,0.592,0.576,0.004258325179379021,0.0,0.34,0.592,17,9,102.73972602739727,0.026787298173755334,0.612,0.544,0.029010342983149983,0.0,0.228,0.612,10.073452949523926,3.0269551277160645,0.6071286043872823,0.6051462888717651,0.00219877646304667,0.005300936289131641,0.014805922368947578,-0.8725004196166992,0.47325894236564636,0.3216928885052376,0.9020407795906067,0.08268376439809799,2.1895811552763433e-11,0.022408963585434174,0.9897820194402336,0.9782413469680995,0.9047069540204202,0.34372055173519184,0.875534176826477,0.7418999075889587,0.04868362471461296,0.0,1.0,-1,0.9411764705882353,0.8333333333333334,0.518,0.0714562803397994,0.54,0.1379464844794103,1.0,0.5957276241875096,0.704
v549l,16,8,95.54140127388536,0.010539780089955764,0.64,0.616,0.005237229365663822,0.0,0.308,0.64,16,8,96.15384615384616,0.01961529649945265,0.652,0.596,0.015455003812912607,0.0,0.276,0.652,9.321260452270508,2.7836050987243652,0.620675440503123,0.596031904220581,0.0030330796726047993,0.012566931545734406,0.013605442176870748,-0.5337517261505127,0.6688386797904968,0.3186320294873861,0.9397412538528442,0.014341387897729874,2.4568460113560953e-11,0.023209283713485393,0.9843079278474895,0.9324088934111139,0.9627716751957228,0.7078544672735376,0.8172659277915955,0.8676116466522217,0.04536626860499382,0.6124448799608047,1.0,0,0.9375,0.8333333333333334,0.5117333333333334,0.010062913207527053,0.512,0.019664368833148833,0.9375,0.6590244401726577,0.656
v551l,1,1,0.0,0.0,10.0,10.0,0.0,1.0,2.104,7.896,11,5,76.92307692307692,0.39642318030447793,1.784,0.524,0.48860254240481027,0.5,0.716,1.784,6.988973617553711,1.547445297241211,0.3461196519764324,0.026362085714936256,0.2121603786945343,0.000323799584293738,0.045218087234893956,2.4812703132629395,0.20282579958438873,0.2850810790160516,0.6504070162773132,0.34004876017570496,1.662308485306241e-11,0.04201680672268908,0.0,0.0,0.5900855060911836,0.27141254927790964,0.26549825072288513,0.22145050764083862,0.0,76.92307692307692,0.16666666666666666,-4,1.0,1.0,0.296,-1.0,0.296,-1.0,0.09090909090909091,0.22415431533621133,0.064
b553l,14,7,83.33333333333334,0.09156566427500536,0.768,0.488,0.09182592226599195,0.07692307692307693,0.392,0.768,14,7,86.20689655172414,0.15021571056871968,0.844,0.408,0.16817054835295428,0.23076923076923078,0.424,0.844,0.5091626644134521,-0.0702260285615921,0.5911339833317165,0.1969061642885208,0.030352871865034103,0.07385937869548798,0.023209283713485393,-0.271162748336792,0.5677055716514587,0.30814467749483526,0.8624305129051208,0.12708832323551178,3.2176557425434016e-12,0.024009603841536616,0.8518171722814015,0.19232870278068065,0.8360278391817534,0.11754227943002675,0.49646732211112976,0.6123693585395813,0.08018225431442261,2.8735632183907995,1.0,0,0.9285714285714286,0.8333333333333334,0.47046153846153843,0.09380225959605368,0.524,0.19938347757175373,1.0,0.47259831925217,0.752
b554s,14,7,88.23529411764706,0.09188721915644746,0.792,0.624,0.08650240844431249,0.0,0.656,0.792,14,7,92.5925925925926,0.12054314878440546,0.824,0.596,0.11746205060926418,0.38461538461538464,0.624,0.824,1.8530359268188477,-0.20568762719631195,0.6424349085247358,0.19446107745170593,0.008645216934382915,0.08959674835205078,0.01720688275310124,-0.6833300590515137,0.414048433303833,0.26834871961452833,0.9290814399719238,0.0672992467880249,7.360588701044168e-12,0.008003201280512205,0.8826476013040346,0.33716512603477755,0.9634642270353808,0.8126831381096081,0.320419579744339,0.4676765501499176,0.08475606888532639,4.357298474945537,1.0,0,0.9285714285714286,0.8333333333333334,0.5307692307692308,0.019367513823823054,0.536,0.03648951811102352,0.9285714285714286,0.4450427114715258,0.76
a555l,10,5,59.523809523809526,0.022124974252713276,1.04,0.972,0.02545584412271573,0.0,0.62,1.04,10,5,58.36575875486381,0.019436352738403665,1.044,0.98,0.02989983277545213,0.0,0.268,1.044,23.275115966796875,4.256955146789551,0.7033637477129158,0.5108035802841187,0.0047571114264428616,0.011731219477951527,0.045218087234893956,-1.2420052289962769,-0.002652941970154643,0.21106891504112404,0.8334619402885437,0.164488285779953,5.2892105029556796e-14,0.005202080832332933,0.9901562754845104,0.9736808155720312,0.998804587268299,0.9966100733507736,0.32310378551483154,0.890910267829895,0.01856309548020363,1.1580507689457136,1.0,0,0.1,0.16666666666666666,0.092,-1.0,0.092,-1.0,1.0,0.40497394121914293,0.312
a556s,10,5,58.8235294117647,0.01620061817818046,1.044,0.988,0.023021728866442697,0.0,0.324,1.044,10,5,58.8235294117647,0.025957431037770477,1.056,0.956,0.03555277766926238,0.0,0.064,1.056,25.265050888061523,4.522667407989502,0.6853789238139207,0.4566401243209839,0.013331984169781208,0.009874791838228703,0.03201280512204882,-1.1721577644348145,0.14493757486343384,0.22668990849956405,0.8459512591362,0.15178532898426056,1.8878191924195237e-13,0.004401760704281713,0.9899728958968816,0.9749788176781098,0.9978846930216394,0.9937782739170626,0.4871121644973755,0.8912960886955261,0.027206789702177048,0.0,1.0,0,0.0,0.0,-1.0,-1.0,-1.0,-1.0,1.0,0.44419900464588036,0.288
v557l,9,4,59.40594059405941,0.019182851838843766,1.036,0.984,0.027671542886407455,0.0,1.232,1.232,9,5,59.523809523809526,0.02394629340249239,1.044,0.972,0.04273506422465886,0.0,0.936,1.044,25.04600715637207,4.367509365081787,0.6990367826656139,0.4488105773925781,0.010955765843391418,0.010783888399600983,0.026410564225690276,-1.0503547191619873,0.04749157279729843,0.24638162103138023,0.8644368052482605,0.132696270942688,1.3395883794592445e-12,0.004401760704281713,0.9901850399862627,0.9698235553769001,0.9918398329606107,0.9542192307009253,0.3056439459323883,0.8751177787780762,0.014122353866696358,0.11786892975011654,1.0,-1,0.0,0.0,-1.0,-1.0,-1.0,-1.0,1.0,0.42734204921756774,0.312
a558s,9,4,57.14285714285714,0.02195276053961869,1.06,1.0,0.03127755927635205,0.0,1.0,1.06,9,5,57.36137667304015,0.020752079981712173,1.056,0.992,0.03509985754956852,0.0,0.748,1.056,27.39095687866211,4.645537376403809,0.6995955913740105,0.4570966958999634,0.00689553702250123,0.011336400173604488,0.027210884353741496,-1.1326711177825928,0.028615795075893402,0.250781412524994,0.8359329104423523,0.16137577593326569,1.100632280627567e-12,0.010004001600640256,0.9965057361653427,0.9797585379318903,0.9980308452034868,0.9966752101380113,0.5683944821357727,0.8792383074760437,0.008996928110718727,0.21851953018300918,1.0,-1,0.0,0.0,-1.0,-1.0,-1.0,-1.0,1.0,0.42593155603736205,0.272
v559l,18,9,111.94029850746269,0.41490900092131416,1.216,0.188,0.39086954345407876,0.4117647058823529,0.328,1.216,14,8,96.15384615384616,0.38536067068550756,1.404,0.46,0.39391877335308606,0.46153846153846156,0.188,1.404,3.5651350021362305,-0.49691182374954224,0.5135870943351772,0.17770087718963623,0.013840924017131329,0.0027810116298496723,0.04801920768307323,-0.7103147506713867,-0.36535587906837463,0.3420448511848264,0.8842410445213318,0.07851283997297287,2.294643294820098e-11,0.01840736294517807,0.605796857398878,-0.1389195535149804,0.9137378293272184,0.677953309244187,0.23196108639240265,0.3568056523799896,0.2496219128370285,15.786452353616525,1.2666666666666666,1,0.7222222222222222,0.6666666666666666,0.44000000000000006,0.1084719034872803,0.5,0.246527047777295,0.9285714285714286,0.26679886123165103,0.68
b560s,6,3,32.11991434689507,0.2998871316330845,2.408,0.792,0.8508936478785113,0.4,0.468,2.408,6,3,41.78272980501393,0.2818261084197529,1.848,0.796,0.5929519373439975,0.8,1.496,1.848,10.594834327697754,2.189256429672241,0.4979729753495454,0.20844385027885437,0.05179287865757942,0.00030967130442149937,0.10444177671068428,1.9364895820617676,1.3984911441802979,0.26832326258241046,0.5989099144935608,0.39873066544532776,3.932020074121079e-12,0.07603041216486595,0.9716805938620924,0.8597589602136771,0.9540013013768686,0.8437723044003939,0.20149806141853333,-0.009931730106472969,0.15565569698810577,9.662815458118857,1.0,0,0.8333333333333334,0.8333333333333334,0.5384,0.013529227620230223,0.544,0.025128579808589197,0.6666666666666666,0.36667226992103774,0.792
b561l,5,3,31.612223393045312,0.10919310539461638,2.4,1.88,0.28020944547486853,0.25,1.132,2.4,8,5,47.92332268370607,0.39360272154717196,1.864,0.428,0.8911266277396646,0.7142857142857143,0.324,1.864,9.894768714904785,2.058694362640381,0.5168937157559218,0.245975062251091,0.022631533443927765,0.0003941651666536927,0.1676670668267307,0.03742337226867676,0.5210766792297363,0.27932134493915556,0.49804723262786865,0.4917081296443939,5.001397733461754e-12,0.07482993197278912,0.9770465769571389,0.8933575384478178,0.6262424176089453,-0.20636855602406542,0.14148709177970886,0.08391012251377106,0.17112869024276733,16.311099290660756,0.6666666666666666,-2,1.0,1.0,0.4832000000000001,0.1061139010686159,0.54,0.21960657879252918,0.625,0.25761275458070787,0.792
b562s,6,3,32.11991434689507,0.2474301523762595,2.416,1.024,0.7488070512488514,0.4,0.776,2.416,6,3,32.05128205128205,0.16987881415404796,1.96,1.204,0.4411938349523937,0.2,0.568,1.96,9.561990737915039,2.12493634223938,0.5116426067359225,0.21485185623168945,0.0508076511323452,0.00030688164406456053,0.12004801920768307,1.4873237609863281,1.2602342367172241,0.27575821975175496,0.6740878820419312,0.32363301515579224,1.6074343245353617e-11,0.08163265306122448,0.9726351949239532,0.870831615623288,0.9110290348753013,0.7283529253558769,0.16867345571517944,0.022094804793596268,0.16927410662174225,0.0686322956130212,1.0,0,0.8333333333333334,0.8333333333333334,0.5032,0.04749063065489868,0.504,0.09437724505390745,0.8333333333333334,0.39279044128907487,0.784
f563l,17,11,131.57894736842104,0.5283669822653472,1.12,0.172,0.39628003566501646,0.75,0.244,1.66,13,6,131.57894736842104,0.5109224879922709,1.432,0.404,0.5738634617461481,0.4166666666666667,1.184,1.432,-0.6733949184417725,0.30912652611732483,0.24441496325731912,0.04211559519171715,0.003852847032248974,1.6621026588836685e-05,0.004401760704281713,5.215521812438965,1.0881322622299194,0.41490863447714404,0.7304298877716064,0.12019151449203491,1.29849143590266e-11,0.040416166466586634,0.4855109457352303,-0.9439490152134686,0.42095612104428154,-0.2313779341948546,0.5552391409873962,0.10062789916992188,0.21453651785850525,0.0,1.2857142857142858,5,0.4117647058823529,0.3333333333333333,0.29314285714285715,0.12429852150761726,0.336,0.42402028307597517,0.8461538461538461,0.11221099860548875,0.608
v564s,18,12,121.95121951219512,0.6094846709924253,1.436,0.252,0.41630637756344785,0.7647058823529411,0.22,1.436,13,6,102.38907849829351,0.45168171557993225,1.476,0.376,0.5523674666214676,0.6666666666666666,0.4,1.476,1.898594856262207,0.6840790510177612,0.510564904226872,0.2312505543231964,0.04786233231425285,7.260324491653591e-05,0.04361744697879152,0.3270440101623535,-0.4540849030017853,0.3132643122223777,0.706139862537384,0.28258177638053894,1.60995747983117e-11,0.023609443777511004,0.8474526260639534,0.6682738476583405,0.6417501621780667,-0.5735646137178658,0.3191233277320862,0.2530052363872528,0.21243517100811005,19.56214101390161,1.3571428571428572,6,0.5555555555555556,0.5,0.2848,0.13185203828534467,0.356,0.4629636013192018,0.8461538461538461,0.07337293719245452,0.592
t565l,24,13,156.25,0.1998644292678572,0.704,0.36,0.06031432816353162,0.17391304347826086,0.056,0.704,23,13,157.06806282722513,0.21116127310250776,0.712,0.356,0.06486909896090741,0.18181818181818182,0.264,0.712,1.2189173698425293,0.5540158748626709,0.6233331976216835,0.5550262928009033,0.005140738561749458,0.0027768160216510296,0.004401760704281713,-0.5896313190460205,0.4557403326034546,0.3578137961877354,0.9076763987541199,0.05759570002555847,2.619870813347358e-11,0.01800720288115246,0.9614448565721095,0.9037729304022312,0.8333019825230078,0.5156676697506078,0.29389339685440063,0.35667502880096436,0.20067571103572845,0.818062827225134,1.0416666666666667,0,0.9166666666666666,0.6666666666666666,0.22163636363636366,0.16461816575295626,0.13,0.7427398447830745,1.0,0.6057535170970328,0.648
v566s,11,6,72.46376811594202,0.6019596030179077,1.912,0.156,0.8995070254805623,0.8,0.568,1.912,14,7,83.79888268156425,0.031367672965593944,0.744,0.652,0.035944401511222836,0.0,0.46,0.744,0.4439377784729004,0.1325443536043167,0.48711955767995785,0.11073232442140579,0.08509209007024765,0.0009727642172947526,0.038815526210484196,-0.10099029541015625,0.2556074857711792,0.30534234162002727,0.9138705730438232,0.06738640367984772,7.258651145425343e-12,0.01920768307322929,0.4485059725281932,-0.5979156997273432,0.9502751724720186,0.7361299236039067,0.11769358813762665,0.696321427822113,0.18642975389957428,11.335114565622234,0.8,-1,0.5454545454545454,0.5,0.3373333333333333,0.20826478872392765,0.364,0.617385719021948,0.7142857142857143,0.13902887154212307,0.232
t567l,24,13,150.0,0.17461911311817105,0.568,0.32,0.08266031256127256,0.2608695652173913,0.096,0.568,22,11,153.0612244897959,0.23233517790782413,0.716,0.32,0.1596070173895872,0.38095238095238093,0.292,0.716,5.54664421081543,2.2828874588012695,0.6289765382808457,0.5555139183998108,0.006856590509414673,0.0009318230440840125,0.03041216486594638,0.19208908081054688,-0.254657506942749,0.3633494009683566,0.7929509282112122,0.1911722719669342,1.9463222266508096e-12,0.013605442176870748,0.9775108824469254,0.8927596593451855,0.6377215171536003,0.15712312502111914,0.15922659635543823,0.23980207741260529,0.10647385567426682,3.0612244897959044,1.0869565217391304,2,0.9166666666666666,0.6666666666666666,0.3503636363636364,0.1525237821857018,0.446,0.43532993154032884,1.0,0.45764302186057454,0.624
v568s,14,5,127.11864406779662,0.7029962189280929,1.9,0.252,0.5436702431928138,0.6153846153846154,1.148,1.9,14,7,81.9672131147541,0.03223512552910787,0.772,0.68,0.04038151392242084,0.0,0.236,0.772,0.34787631034851074,0.25153911113739014,0.6323564158024527,0.2798805236816406,0.040298495441675186,0.014935379847884178,0.006002400960384154,-0.6371109485626221,0.41568347811698914,0.2718696312423411,0.9337249398231506,0.05873698741197586,2.4848538157651312e-11,0.020808323329331732,0.29067014255808693,-0.18454895872997254,0.9601531225026735,0.8587178603984472,0.47713038325309753,0.7411447763442993,0.22321805357933044,45.15143095304252,1.0,-2,0.6428571428571429,0.6666666666666666,0.3244444444444444,0.1666660740730206,0.32,0.5136967878166009,0.7142857142857143,0.11481444670797465,0.4
v569l,1,1,0.0,0.0,10.0,10.0,0.0,1.0,3.28,6.72,13,7,78.94736842105263,0.08215536634330772,0.864,0.636,0.08468980833821525,0.0,0.28,0.864,8.423091888427734,1.7342835664749146,0.4123549396907176,0.08327949047088623,0.3235638439655304,7.172199548222125e-05,0.03841536614645858,-0.7325365543365479,0.06770697236061096,0.2811141644820793,0.9064885377883911,0.07965955138206482,1.0395790998873888e-11,0.010804321728691477,0.0,0.0,0.9219726363664202,0.734686375732855,0.12844517827033997,0.6362066268920898,0.0,78.94736842105263,0.14285714285714285,-6,1.0,1.0,0.496,-1.0,0.496,-1.0,0.07692307692307693,0.09476815517112971,0.176
v570s,19,11,106.76156583629893,0.2794815609818295,0.868,0.26,0.12726627943942156,0.3333333333333333,0.332,0.868,13,5,87.97653958944282,0.49787958547847794,1.812,0.352,0.534425094674812,0.6666666666666666,0.228,1.812,6.699790954589844,0.33379435539245605,0.4477095799651038,0.09745921939611435,0.13280627131462097,0.0004551432211883366,0.010804321728691477,1.0412259101867676,0.007823937572538853,0.36907373151029044,0.7062945365905762,0.22760158777236938,7.811302819848986e-12,0.06762705082032813,0.5215386429206473,-0.2495516555139606,0.5786486887910566,0.027071129975930208,0.26772281527519226,0.1799754798412323,0.44590625166893005,18.785026246856106,1.4285714285714286,6,0.5789473684210527,0.5,0.38218181818181823,0.15184071689038195,0.46,0.39729967699601254,1.0,0.12038378524912655,0.224
v571l,19,11,116.27906976744185,0.30123707877613515,0.712,0.172,0.1634481389237793,0.6666666666666666,0.416,0.712,16,8,92.02453987730061,0.20151444184779863,0.876,0.428,0.2040504139387407,0.4,0.356,0.876,3.5959010124206543,0.6387253999710083,0.558739748841272,0.5110211968421936,0.008468981832265854,0.0004188002203591168,0.0468187274909964,-0.27881455421447754,-0.28946492075920105,0.3107209506278911,0.8731858730316162,0.11765366047620773,1.1970956344253825e-11,0.018807523009203683,0.767928995473603,-0.48556117763991014,0.9139945657136499,0.7378948922828695,0.26014551520347595,0.4150967299938202,0.08558833599090576,24.254529890141242,1.1764705882352942,3,0.8947368421052632,0.8333333333333334,0.3835294117647059,0.1278740730043147,0.348,0.3334139853363454,0.9375,0.23330976614478752,0.704
v573l,3,3,29.296875,0.5332031223964692,3.14,0.956,2.184,1.0,0.752,5.152,15,7,94.9367088607595,0.2755280514037703,1.16,0.44,0.1880949023968813,0.42857142857142855,0.448,1.16,9.620545387268066,1.9361863136291504,0.6327684974818493,0.47804948687553406,0.01229071244597435,0.012910932302474976,0.020808323329331732,0.18642473220825195,-0.3677324056625366,0.3863653077920334,0.80671226978302,0.11163598299026489,1.92481777044895e-11,0.014405762304921969,0.8941684547868681,0.7170158090082672,0.8124834718695433,0.37788834180322556,0.14873480796813965,0.19131816923618317,0.24326255917549133,65.6398338607595,0.25,-4,0.6666666666666666,0.6666666666666666,0.29,0.202,0.29,0.696551700118907,0.2,0.15008976438153268,0.304
v574s,19,10,109.89010989010988,0.09720907200127503,0.616,0.428,0.03601306952302995,0.05555555555555555,0.344,0.616,19,10,110.29411764705881,0.09113331688114781,0.556,0.416,0.026709769087468412,0.05555555555555555,0.36,0.556,3.9076547622680664,-0.4532150328159332,0.5327071514875364,0.20609553158283234,0.003534971969202161,0.002490151207894087,0.026010404161664665,-0.5823335647583008,0.7761586904525757,0.3477310928508573,0.9206297993659973,0.014156442135572433,2.018883671350835e-11,0.010804321728691477,0.7339702053737129,0.19037839099695145,0.9274267519241262,0.6030701906659859,0.46349653601646423,0.6695969104766846,0.3069114685058594,0.40400775694892843,1.0,0,0.9473684210526315,0.8333333333333334,0.4222222222222222,0.07636429907253457,0.476,0.1808628093092522,0.9473684210526315,0.736203102558127,0.608
v575l,14,7,78.125,0.04442421619690584,0.776,0.672,0.039899874686519995,0.0,0.072,0.776,13,7,78.53403141361257,0.015871835296351118,0.788,0.74,0.02092410528118664,0.0,0.064,0.788,0.19193482398986816,0.4218381643295288,0.46303475626551593,0.12598109245300293,0.01735587976872921,0.0006087584188207984,0.023209283713485393,-0.9712302684783936,0.5149965286254883,0.2501093898425373,0.9421639442443848,0.05408009886741638,3.104173168511082e-11,0.0508203281312525,0.994651585478714,0.9836712559824081,0.9840470678327731,0.9563833471646211,0.8335922956466675,0.7775751948356628,0.17653095722198486,0.409031413612567,1.0714285714285714,0,0.9285714285714286,0.8333333333333334,0.3399999999999999,0.07400623674341965,0.336,0.21766539578460503,1.0,0.5297516180048596,0.696
t577l,22,13,147.05882352941177,0.23224621041362684,0.68,0.336,0.10252804494381036,0.2857142857142857,0.036,0.68,20,12,138.88888888888889,0.4036708847663713,1.072,0.348,0.2068107024954624,0.3684210526315789,0.072,1.072,0.5038907527923584,-0.45752260088920593,0.5757248095666793,0.3354223966598511,0.022543858736753464,0.0013686453457921743,0.027210884353741496,0.2585105895996094,0.5257832407951355,0.35860038625608626,0.8201699256896973,0.15368136763572693,7.727127097900688e-12,0.009603841536614645,0.7753557298153696,0.5311699495566654,0.6856224418443208,0.07241137978225937,0.3574836552143097,0.2568608522415161,0.12300518155097961,8.169934640522882,1.0952380952380953,1,0.8181818181818182,0.8333333333333334,0.2911111111111111,0.1743180008837262,0.162,0.5988022725424929,0.95,0.42712345118211553,0.64
t580s,9,4,85.22727272727273,0.5215454708608595,1.56,0.4,0.8000171426734733,1.0,2.576,2.576,4,3,29.239766081871345,0.6655586240297532,5.772,1.168,2.703687851805382,0.6666666666666666,0.048,5.772,3.3886008262634277,1.384150743484497,0.6503032152737273,0.47390711307525635,0.015636451542377472,0.011271483264863491,0.011604641856742696,11.007771492004395,-1.8719745874404907,0.16677280910556738,0.11477385461330414,0.8852201700210571,2.5922953020285355e-11,0.4057623049219688,0.6059762394317063,-0.4345999529548494,0.9154972692698294,0.9052797364057256,0.6044286489486694,0.16032865643501282,0.1269844025373459,55.98750664540139,2.0,1,0.1111111111111111,0.16666666666666666,0.364,-1.0,0.364,-1.0,0.0,0.04403186375274674,0.0
v581l,23,11,138.88888888888889,0.01851851808984913,0.452,0.416,0.012126319270397729,0.0,0.28,0.452,23,11,138.88888888888889,0.020131091606648728,0.448,0.408,0.01363468965194156,0.0,0.448,0.448,0.7423655986785889,0.9895541667938232,0.4684756437004766,0.4403268098831177,0.004588784649968147,0.00528703210875392,0.012004801920768308,-1.2444394826889038,0.10449226200580597,0.21960537758161758,0.9488692283630371,0.01235208474099636,1.4578418333632825e-11,0.006802721088435374,0.9388705440502968,0.70304368412336,0.976611036106544,0.8533697599122386,0.9342431426048279,0.9073874950408936,0.07323545217514038,0.0,1.0,0,0.9565217391304348,0.8333333333333334,0.20145454545454547,0.18465317053446378,0.09,0.9165996277315624,0.9565217391304348,0.6208543578099043,0.68
a582s,7,0,168.53932584269663,0.7621330416441717,1.372,0.232,0.49960944746872027,0.6666666666666666,5.632,5.632,11,5,86.20689655172414,0.6921456573220764,2.368,0.408,0.8897600175827687,1.0,0.312,2.368,0.6556046009063721,0.4163275361061096,0.6445781113536025,0.1924305260181427,0.13568121194839478,0.034670449793338776,0.0056022408963585435,5.635488510131836,-1.5134413242340088,0.32461093035049865,0.7823165059089661,0.1811886429786682,2.610643125289247e-11,0.09483793517406963,0.423092983450376,0.021413540332375774,0.5284234237948566,0.06457434118795596,0.1495613306760788,0.14908048510551453,0.2572364807128906,82.33242929097248,0.6666666666666666,-5,0.5714285714285714,0.6666666666666666,0.294,0.1773922207989967,0.22799999999999998,0.6033748801539044,0.36363636363636365,0.048307695592318,0.064
v583l,12,6,72.46376811594203,0.04152007238732486,0.912,0.788,0.048398347079213346,0.0,0.732,0.912,10,5,72.11538461538461,0.3931035638017297,1.7,0.492,0.49279204539034516,0.4444444444444444,1.02,1.7,7.123907089233398,1.877892017364502,0.650424463787882,0.39680415391921997,0.012266571633517742,0.004081469960510731,0.015606242496998799,7.370326995849609,-1.5118175745010376,0.384260129390887,0.8308858871459961,0.12086231261491776,7.049521990459828e-12,0.11844737895158063,0.8598195868682418,-0.10022232467729573,0.4603409127938506,-0.13854220867417397,0.2209770232439041,0.32698026299476624,0.1661892980337143,0.34838350055741785,1.1818181818181819,1,0.5833333333333334,0.5,0.3565714285714286,0.138538140331573,0.368,0.38852842753366224,0.9,0.14168555564786214,0.632
f586s,13,7,76.72634271099744,0.02418146215463761,0.812,0.756,0.033357566948554185,0.0,0.028,0.812,13,7,76.53061224489795,0.008468089757268475,0.792,0.764,0.008696916904073752,0.0,0.06,0.792,0.15516066551208496,0.43542468547821045,0.37815246105898587,0.05303186923265457,0.03305312618613243,0.0007898253388702869,0.012004801920768308,-1.081235647201538,0.5208114385604858,0.24306958596329914,0.98064786195755,0.01614607870578766,2.189558430398808e-11,0.0056022408963585435,0.39153418499694803,-0.06411104941865037,0.9988820274351649,0.9948440989559394,0.6016014218330383,0.9157399535179138,0.41497910022735596,0.19573046609949074,1.0,0,0.9230769230769231,0.8333333333333334,0.5576666666666666,0.015954797258365724,0.552,0.02860991686598904,0.9230769230769231,0.5459206952905424,0.776
b587l,4,3,20.604395604395606,0.7401616599867085,5.968,0.38,2.8062572939771577,0.6666666666666666,0.564,5.968,12,6,84.74576271186442,0.3661554426318156,1.412,0.388,0.4672746515701446,0.45454545454545453,0.576,1.412,7.19175910949707,0.5556480288505554,0.6819266924660075,0.4271634817123413,0.1273185759782791,0.02304157428443432,0.020808323329331732,15.078168869018555,-2.8658840656280518,0.3408925176803517,0.7233445048332214,0.24608968198299408,5.861541287066618e-12,0.05202080832332933,0.49406044014799627,0.2101343635633281,0.5779805685706144,-0.10468715715493233,0.09253981709480286,0.2839835286140442,0.13482950627803802,64.14136710746881,0.38461538461538464,-3,0.5,0.5,0.372,0.0,0.372,0.0,0.3333333333333333,0.12446012309263796,0.6
b588s,7,4,40.16064257028113,0.25150336812147456,1.776,0.728,0.6926193759923267,0.16666666666666666,0.356,1.776,11,7,64.51612903225806,0.429810462329495,1.732,0.3,0.5528126063846389,0.5,0.212,1.732,14.269765853881836,2.9895033836364746,0.6595215395858843,0.31638139486312866,0.10797910392284393,0.004728518892079592,0.036414565826330535,-0.11437296867370605,0.23392769694328308,0.3000531866895801,0.53916996717453,0.4374223053455353,1.4716306298567794e-11,0.04081632653061224,0.9898911940854864,0.9788223028666466,0.6362432275972283,0.22212799662528318,0.14773112535476685,0.2748425006866455,0.0849020779132843,24.355486461976938,0.6666666666666666,-3,0.7142857142857143,0.6666666666666666,0.36879999999999996,0.1355616464933943,0.44,0.36757495341009977,0.6363636363636364,0.31259066416199116,0.632
t589l,24,12,150.0,0.030204582659110975,0.428,0.376,0.0185864075456917,0.0,0.38,0.428,25,13,148.5148514851485,0.015524756424318026,0.416,0.392,0.007271146073171068,0.0,0.16,0.416,0.6548922061920166,-0.48041272163391113,0.5682318060675604,0.27670085430145264,0.024391833692789078,0.01232124026864767,0.006802721088435374,-0.9008331298828125,0.5706353783607483,0.25957087714755683,0.8582698702812195,0.02523007057607174,6.583247402075498e-12,0.01720688275310124,0.786202573041638,0.11575847592800192,0.9810813919968244,0.9446791093057185,0.7375859022140503,0.8987425565719604,0.1109776422381401,1.4851485148514882,0.9615384615384616,-1,1.0,1.0,0.36066666666666664,0.1469769445260794,0.452,0.40751462232236557,0.96,0.7091690716189701,0.6
v590s,17,10,113.20754716981132,0.43400951891822465,1.012,0.12,0.25348767228407776,0.6875,0.396,1.012,13,7,72.81553398058253,0.3652581566207012,1.556,0.34,0.43644514390283184,0.3333333333333333,0.196,1.556,-0.35225462913513184,-0.5391452312469482,0.5039761087293068,0.172713965177536,0.02991562709212303,0.0025730268098413944,0.04241696678671469,0.38192200660705566,-0.020316217094659805,0.2818657377045634,0.7664579153060913,0.2297542542219162,1.7389954060087476e-11,0.022008803521408563,0.4846601117844505,-0.5319087502788306,0.6388330480965431,-0.7575035926714013,0.29540830850601196,0.20658594369888306,0.11019255965948105,40.39201318922879,1.2857142857142858,3,0.7647058823529411,0.8333333333333334,0.3433846153846154,0.1351634557242216,0.392,0.3936211633611401,0.9230769230769231,0.15144275783792682,0.72
a591l,7,3,56.0747663551402,0.7494558411622685,3.976,0.704,1.9083815132200375,1.0,0.64,3.976,14,7,92.02453987730061,0.5730608709933716,1.928,0.316,0.48965429982114256,0.46153846153846156,0.636,1.928,9.162569999694824,2.407442331314087,0.6338121713504994,0.3154500126838684,0.02003614790737629,0.04260648041963577,0.003201280512204882,0.42751526832580566,0.07491378486156464,0.36749161455893803,0.7612937688827515,0.20289278030395508,7.322282537247649e-12,0.026810724289715888,0.8411022025229343,0.6865246624514721,0.6389062867924858,-0.19217224279646555,0.23070967197418213,0.38965585827827454,0.1799672544002533,35.94977352216041,0.5333333333333333,-4,0.8571428571428571,0.8333333333333334,0.32466666666666666,0.1636649694413017,0.346,0.5041015330604304,0.5,0.16804122350079137,0.64
f593l,2,0,16.233766233766232,0.0,3.696,3.696,0.0,0.0,6.124,6.124,16,8,96.15384615384616,0.06404723069539701,0.72,0.568,0.06432950889199852,0.0,0.196,0.72,0.2486248016357422,0.42315673828125,0.35638023229722277,0.038188621401786804,0.153920516371727,0.00016409727686550468,0.04561824729891957,-1.0252245664596558,-0.27176234126091003,0.25450825757886736,0.9651010036468506,0.03018936887383461,1.588915457539919e-11,0.014805922368947578,0.0,0.0,0.9522853219636047,0.8762129840316796,0.11210004985332489,0.7972621321678162,0.05003392696380615,79.92007992007993,0.17647058823529413,-8,1.0,1.0,0.108,0.0,0.108,0.0,0.1875,0.11841963769781093,0.328
t595l,20,14,170.45454545454547,0.4766706693952375,1.268,0.308,0.2514915505538904,0.3684210526315789,0.084,1.268,15,7,100.67114093959732,0.3231941789899481,1.212,0.372,0.184454288687969,0.2857142857142857,0.66,1.212,2.0347180366516113,0.7433733940124512,0.5802775151148204,0.3455090820789337,0.2227441966533661,0.0013984631514176726,0.020808323329331732,-0.18552756309509277,0.10330265760421753,0.3243163162252122,0.6299235224723816,0.35872727632522583,1.4594660549538396e-11,0.024009603841536616,0.8020972385409127,0.38397956274919604,0.6961270221198762,0.24507354893496464,0.19561363756656647,0.33287909626960754,0.2708851397037506,69.78340451494815,1.3125,7,0.7,0.3333333333333333,0.3682857142857143,0.1426401208693846,0.456,0.3873083083685456,0.8,0.1834464785415715,0.608
v597l,12,5,78.125,0.2594561675462642,1.296,0.532,0.32132475783854564,0.45454545454545453,0.476,1.296,18,10,119.04761904761905,0.36279475776219927,0.956,0.312,0.2401541171831122,0.8235294117647058,0.308,0.956,0.8425586223602295,-0.35408809781074524,0.4278908185827011,0.07286268472671509,0.033041223883628845,0.0002572422381490469,0.021608643457382955,-0.6945631504058838,0.22088389098644257,0.34566116760558047,0.8032277822494507,0.11829152703285217,8.871629993134622e-12,0.014405762304921969,0.9109085354184899,0.7076517166908335,0.4689340207811299,-0.7956164959595805,0.16614925861358643,0.1921900361776352,0.1928572803735733,40.92261904761905,0.6842105263157895,-5,0.8333333333333334,0.8333333333333334,0.4164,0.11717269306455322,0.448,0.2813945491128908,0.8888888888888888,0.32687697150964234,0.728
v598s,18,9,111.1111111111111,0.39859920245828817,0.9,0.216,0.30468016016800303,0.6470588235294118,0.036,0.9,16,8,104.89510489510491,0.166744580533236,0.9,0.5,0.14530755559944472,0.2,0.496,0.9,1.1029834747314453,0.6384971141815186,0.44527713369283206,0.16560202836990356,0.009496193379163742,0.000729476916603744,0.012004801920768308,0.4120163917541504,0.20212963223457336,0.26871321705245566,0.9561504125595093,0.021983392536640167,1.1944551250864244e-11,0.026410564225690276,0.43266056812815157,-0.5407913478087427,0.9088322044798569,0.7387758498008815,0.5500003695487976,0.4746011197566986,0.2777658998966217,6.216006216006193,1.1176470588235294,1,0.6666666666666666,0.5,0.23300000000000007,0.13541171785829073,0.202,0.5811661461228722,0.9375,0.16880311910701995,0.352
a599l,8,4,52.81690140845071,0.6333677103830255,2.808,0.288,1.4199953051565581,0.7142857142857143,1.028,2.808,16,8,95.54140127388536,0.012539914392404152,0.648,0.624,0.011759494644146684,0.0,0.416,0.648,-1.1250418424606323,0.4146496653556824,0.3636231768479432,0.045405853539705276,0.3935788571834564,0.0004100731457583606,0.05042016806722689,-1.0698580741882324,0.46765145659446716,0.25748256268751807,0.9661457538604736,0.015730775892734528,1.3670779785979192e-11,0.009203681472589036,0.22551129803540457,-0.580654592080693,0.9916466609693868,0.9330845201416395,0.06537721306085587,0.8743014931678772,0.20101015269756317,42.724499865434645,0.5294117647058824,-4,1.0,1.0,0.39549999999999996,0.09902398699305134,0.396,0.25037669908795035,0.5,0.22254883283054555,0.0
b600s,2,0,59.28853754940712,0.0,1.012,1.012,0.0,0.0,5.52,5.52,16,8,97.40259740259741,0.07721571616870307,0.748,0.52,0.07688953114696435,0.06666666666666667,0.348,0.748,13.58041763305664,-2.2108781337738037,0.43415801764920753,0.07823662459850311,0.35499516129493713,0.00019495411834213883,0.3509403761504602,-0.567864179611206,-0.11929650604724884,0.29753027665169784,0.9418556094169617,0.030211590230464935,2.2919726880288316e-11,0.012805122048819529,0.0,0.0,0.8838905697852063,0.034265882131583075,0.18493057787418365,0.7411602735519409,0.2690502107143402,38.11405985319029,0.17647058823529413,-8,0.5,0.5,0.312,-1.0,0.312,-1.0,0.1875,0.0946714762279615,0.56
v601l,20,9,107.91366906474819,0.23203255030511383,0.648,0.22,0.14106578449629648,0.2631578947368421,0.328,0.648,18,9,107.14285714285714,0.015953530851106158,0.572,0.54,0.013490737563232002,0.0,0.204,0.572,3.856168746948242,-0.04574626311659813,0.6009878096895367,0.34066376090049744,0.027432523667812347,0.005288287997245789,0.010804321728691477,-1.1632349491119385,0.422725111246109,0.24707156030859329,0.9762435555458069,0.008135441690683365,2.4250990104945913e-11,0.0056022408963585435,0.5126535144718164,-0.4922994838517686,0.9939229980221456,0.9725761336925915,0.2762639820575714,0.9107040762901306,0.22343215346336365,0.7708119218910525,1.105263157894737,0,0.95,0.8333333333333334,0.47221052631578947,0.08531278607655506,0.504,0.180666841409702,1.0,0.5381271216912309,0.104
f602s,10,7,99.33774834437087,0.23794130514502673,0.864,0.376,0.23370494218137536,0.3333333333333333,0.496,3.804,17,10,115.83011583011583,0.32052528258790397,0.908,0.304,0.24423813516047546,0.6875,0.288,1.096,-0.690781831741333,-0.2964332699775696,0.40067370659865753,0.07967687398195267,0.07631658762693405,0.00047430096310563385,0.055222088835534214,0.7214577198028564,-0.10897605121135712,0.3577787578591411,0.7337568402290344,0.2357618361711502,1.742723673703317e-11,0.018807523009203683,0.4633798266269136,-0.121916689271797,0.4475906399461337,-0.0941894747724412,0.11784540116786957,0.23051755130290985,0.18566016852855682,16.492367485744964,0.6111111111111112,-3,0.7,0.6666666666666666,0.3988571428571429,0.17123036160299926,0.5,0.4293024717656954,0.6470588235294118,0.20143863678336862,0.232
a603l,8,5,41.32231404958678,0.26440695571564227,1.876,0.932,0.3098472742067184,0.5714285714285714,0.072,1.876,12,6,88.23529411764706,0.4429884918629141,1.672,0.4,0.44551453399412233,0.5454545454545454,0.244,1.672,4.9184489250183105,0.4675469398498535,0.5924346765524832,0.12394510209560394,0.047672681510448456,0.05900661647319794,0.009203681472589036,2.6705970764160156,1.3363405466079712,0.31637492523717853,0.8229771852493286,0.15932998061180115,2.790026369658971e-11,0.07082833133253301,0.6495153120247197,-0.7876632127353772,0.6713628271914414,-0.23367913651501288,0.4754922389984131,0.29742830991744995,0.288788378238678,46.91298006806028,0.6923076923076923,-1,0.625,0.5,0.40800000000000003,0.09872790892143923,0.448,0.2419801629942098,0.75,0.22851550913427987,0.16
a604s,3,0,177.5147928994083,0.08875739382374576,0.368,0.308,0.06,0.0,7.396,7.396,9,3,65.0759219088937,0.4508832317074374,2.076,0.476,0.5072502904315158,0.625,1.096,2.076,24.16754150390625,0.13015711307525635,0.5431974251310308,0.2588714063167572,0.09510836005210876,0.0002244481584057212,0.05202080832332933,-0.39048004150390625,-0.19792485237121582,0.29207576916748595,0.5834348797798157,0.41249504685401917,5.5358716742615055e-12,0.024409763905562223,0.449102227158998,-0.2462854606894621,0.7536490231160404,-0.019488004714104015,0.15694095194339752,0.4415200650691986,0.4999077320098877,112.43887099051459,0.4,-3,0.6666666666666666,0.6666666666666666,0.29200000000000004,0.015999999999999986,0.29200000000000004,0.05479451867142054,0.2222222222222222,0.1053205315831524,0.528
f605l,2,0,37.59398496240601,0.0,1.596,1.596,0.0,0.0,7.432,7.432,19,9,111.1111111111111,0.03803881873401805,0.592,0.476,0.034911653203647704,0.0,0.248,0.592,3.3759565353393555,0.08103413134813309,0.486493550999861,0.26451489329338074,0.04982814937829971,0.0005288682878017426,0.011604641856742696,-0.7552216053009033,0.6259366869926453,0.2802889699523649,0.9601951241493225,0.019641121849417686,1.0810928541271636e-11,0.008003201280512205,0.0,0.0,0.9854295111987212,0.8955040179983029,0.6179953813552856,0.8435792922973633,0.2375764697790146,73.51712614870509,0.15,-9,1.0,1.0,0.512,0.0040000000000000036,0.512,0.0078124998474121184,0.21052631578947367,0.24606371398447052,0.16
a606s,16,8,90.36144578313252,0.4073320739519078,1.128,0.224,0.32885081289675594,0.5333333333333333,0.1,1.128,10,4,66.96428571428571,0.5027986813286265,2.232,0.476,0.8031961155284556,0.7777777777777778,0.432,2.232,2.786778450012207,-0.6794493198394775,0.5798802994828715,0.2574739456176758,0.22315746545791626,0.0070410966873168945,0.015606242496998799,4.203568935394287,0.4460251033306122,0.28757200127264815,0.5284757614135742,0.45726481080055237,1.3635771331510504e-11,0.06442577030812324,0.5900202235770673,-0.23203949492726497,0.6023350710571965,0.15393545644297157,0.20035646855831146,0.23776383697986603,0.2772260904312134,23.397160068846816,1.5454545454545454,4,0.4375,0.3333333333333333,0.31942857142857145,0.13712857068444628,0.252,0.42929336526859946,0.9,0.09280771268820029,0.312
v609l,15,9,118.57707509881423,0.624682625339851,1.632,0.108,0.5512425125952348,0.7142857142857143,0.372,1.632,14,7,100.67114093959732,0.5419502610368044,1.672,0.328,0.4016134127906255,0.7692307692307693,0.104,1.672,-0.9079453945159912,0.41865274310112,0.471113121124253,0.11282006651163101,0.014477446675300598,0.0005475276848301291,0.09563825530212085,1.0391345024108887,0.08572570979595184,0.35489785964977183,0.7308796048164368,0.2336878925561905,1.4138516746253771e-11,0.041216486594637856,0.2788500395769696,-0.18053223320635853,0.5763115356616512,-0.4833976452940972,0.38647615909576416,0.2586975693702698,0.290963739156723,17.905934159216912,1.0666666666666667,2,0.6,0.6666666666666666,0.2897777777777778,0.12513617274151811,0.26,0.43183493704314363,0.6428571428571429,0.05408921308854288,0.488
f610s,5,5,173.41040462427748,0.2898058600435883,0.524,0.24,0.170286033876338,0.5,0.56,7.984,14,7,84.26966292134831,0.11721755613603616,0.864,0.512,0.13495184326269868,0.15384615384615385,0.296,0.864,0.5545992851257324,-0.24882642924785614,0.45950583158033614,0.10323681682348251,0.22266042232513428,0.0010632690973579884,0.05162064825930372,0.015453100204467773,-0.28914350271224976,0.3633889291870038,0.7894660234451294,0.17995300889015198,1.0361837256278594e-11,0.014405762304921969,0.17661080927091807,-0.19036982699779867,0.7761455625658648,0.29609754256831855,0.36458101868629456,0.4437984824180603,0.09890678524971008,89.14074170292916,0.4,-2,0.6,0.6,0.28933333333333333,0.1710932169575664,0.26,0.5913359828716818,0.21428571428571427,0.13519823209094675,0.264
v612s,5,4,155.440414507772,1.301840241146206,5.032,0.38,2.6835290197797375,0.25,0.42,5.032,18,9,107.14285714285714,0.04345423996057121,0.608,0.476,0.03670149860700511,0.0,0.18,0.608,3.876621723175049,1.4046229124069214,0.45201523414670025,0.23659229278564453,0.19287481904029846,9.411424252903089e-05,0.041216486594637856,-1.1333577632904053,-0.12023720145225525,0.2603242334364255,0.9375742077827454,0.006769370287656784,1.725283631237584e-11,0.009203681472589036,0.8056923652833504,0.08674292687639745,0.9403349146550819,0.7787313543257042,0.3225553035736084,0.9152138829231262,0.27514249086380005,48.297557364914866,0.3157894736842105,-5,1.0,1.0,0.22800000000000004,0.1465332726721136,0.132,0.6426897642334033,0.2777777777777778,0.11011243438519387,0.248
f613l,19,9,111.52416356877323,0.18198710600984447,0.74,0.384,0.13623509092741118,0.2777777777777778,0.184,0.74,13,3,107.14285714285714,0.7247039418939896,2.468,0.328,0.5874493401755825,0.5,0.22,2.468,0.7424781322479248,0.35405147075653076,0.5895200719436262,0.385653555393219,0.02096203714609146,0.00044276268454268575,0.018807523009203683,2.0051932334899902,0.5180470943450928,0.3571092486558049,0.6431980729103088,0.3252005875110626,7.0432561692646e-12,0.05002000800320128,0.564094564428106,-0.11924774334969201,0.6829551664159527,-0.28424031539503003,0.15536616742610931,0.02749294973909855,0.10142920166254044,4.381306425916094,1.4285714285714286,6,0.5789473684210527,0.16666666666666666,0.42145454545454547,0.04288751383532515,0.44,0.10176070772107394,0.9230769230769231,0.10192016561610774,0.592
t614s,21,10,107.91366906474819,0.26357993633231513,0.728,0.288,0.15649045708251585,0.45,0.076,0.728,17,8,106.76156583629893,0.30713279420840256,1.016,0.32,0.2746517795318283,0.375,0.612,1.016,6.806145668029785,2.200909376144409,0.6573632129168395,0.6136491894721985,0.0024948888458311558,0.0014848618302494287,0.02921168467386955,-0.10088181495666504,0.9645628333091736,0.3497379448081189,0.9224408864974976,0.052142754197120667,3.089347874740689e-11,0.03321328531412565,0.9408193045082076,0.6900034020723378,0.8229314763667698,0.027856144397133596,0.13749095797538757,0.361461877822876,0.1282450556755066,1.1521032284492634,1.2222222222222223,2,0.9047619047619048,0.6666666666666666,0.3783157894736842,0.15753531020447079,0.492,0.41641218903264177,0.9411764705882353,0.5537017697471294,0.664
v616s,13,5,96.46302250803859,0.6147736962416449,2.324,0.484,0.6807909838095415,0.25,0.244,2.324,12,6,70.75471698113208,0.35382514070582316,1.432,0.328,0.4528098938848399,0.6363636363636364,0.212,1.432,3.4624547958374023,-0.9991500973701477,0.46846318371851176,0.1491672843694687,0.009260348044335842,0.0004519596113823354,0.01680672268907563,0.3272266387939453,0.4212281107902527,0.26226912920750317,0.5722885131835938,0.42296603322029114,3.330854689287399e-11,0.023209283713485393,0.9372646142030945,0.7618900051613363,0.6098308191434542,-0.5535919268167144,0.1927473545074463,0.38156503438949585,0.15016309916973114,25.708305526906514,1.0769230769230769,-1,0.7692307692307693,0.8333333333333334,0.4016,0.14988208698840566,0.46599999999999997,0.37321235870588165,0.9166666666666666,0.14887052341565762,0.048
b617l,12,6,55.147058823529406,0.3552840570933364,1.1,0.244,0.47724710580578705,0.36363636363636365,0.188,1.1,11,5,66.51884700665188,0.34690736789843474,1.48,0.384,0.3729760194853164,0.5,0.796,1.48,3.923013687133789,0.3579705059528351,0.5596171463988736,0.16113899648189545,0.12702567875385284,0.011166469193994999,0.01600640256102441,-0.0051348209381103516,0.45343318581581116,0.27896849113954714,0.5504493117332458,0.42558348178863525,7.730559248297908e-12,0.03241296518607443,0.7072400906020325,-0.39553036715402573,0.5928734163140108,-0.27136745348414054,0.6458462476730347,0.167436420917511,0.23128636181354523,11.371788183122476,1.0833333333333333,1,0.5833333333333334,0.3333333333333333,0.33999999999999997,0.1468293470082093,0.384,0.4318510079108801,0.9090909090909091,0.06332612945411958,0.776
f618s,13,7,98.36065573770492,0.4672029942058765,1.796,0.576,0.5597973659361849,0.16666666666666666,0.396,1.796,16,8,99.33774834437087,0.01244611534473562,0.616,0.592,0.010364775512695467,0.0,0.36,0.616,4.1239237785339355,-0.40214136242866516,0.6623281290407423,0.33219629526138306,0.0376291498541832,0.006579728797078133,0.014005602240896359,-0.3332993984222412,0.8430220484733582,0.3106293912431769,0.9405613541603088,0.034224867820739746,1.3868840104125368e-11,0.020808323329331732,0.6730129596974506,-0.18004866793648674,0.9801330978965932,0.9406341465910522,0.5192635655403137,0.8396055698394775,0.18508389592170715,0.9770926066659484,0.8235294117647058,-1,0.9230769230769231,0.8333333333333334,0.35533333333333345,0.11941896369039921,0.346,0.33607587334795624,0.75,0.6043573197294445,0.024
v620s,12,6,72.81553398058253,0.0024975073645964385,0.828,0.82,0.0028284271247461927,0.0,0.256,0.828,12,6,72.81553398058253,0.0036342931473302186,0.828,0.82,0.004381780460041333,0.0,0.592,0.828,9.273408889770508,2.6601572036743164,0.6337178621766618,0.4577169716358185,0.0040150475688278675,0.0016125243855640292,0.0196078431372549,-0.8360626697540283,0.3509378731250763,0.29123948955036827,0.9715399146080017,0.019837399944663048,2.668332915733984e-11,0.010404161664665866,0.9938500985092031,0.9747598006699174,0.9977273386901739,0.9935267499555976,0.8970306515693665,0.9075199961662292,0.054827794432640076,0.0,1.0,0,0.9166666666666666,0.8333333333333334,0.2869090909090909,0.005680181582477562,0.284,0.019797843862322674,0.9166666666666666,0.5190702216361464,0.48
v621l,6,5,84.74576271186442,0.799855140953571,2.744,0.264,0.8910510647544282,0.8,0.54,3.8,11,5,62.761506276150634,0.3155682673906141,1.184,0.364,0.34217604306035876,0.5,0.724,1.184,2.1251277923583984,-0.3433157205581665,0.45701211656916124,0.10315615683794022,0.17937886714935303,0.00020500479149632156,0.017607042817126852,0.8811366558074951,-0.23889708518981934,0.2949118973726918,0.7571591138839722,0.23381401598453522,1.1258632914845634e-11,0.03481392557022809,0.23428892544878824,-0.697944128041442,0.6881149769324036,0.016069276704902994,0.1764582395553589,0.1999441236257553,0.3377598524093628,21.98425643571378,0.5833333333333334,0,0.5,0.5,0.3293333333333333,0.031382939455839524,0.336,0.09529232338942194,0.36363636363636365,0.11768881405813926,0.512
t622s,23,13,147.7832512315271,0.20353860933429116,0.532,0.308,0.0573311184511269,0.5454545454545454,0.256,0.532,19,10,114.94252873563218,0.30739036168092065,1.04,0.324,0.22437154060908465,0.3333333333333333,0.484,1.04,6.039654731750488,2.1746826171875,0.6570541623986559,0.5005872249603271,0.005715528968721628,0.0041692228987813,0.01600640256102441,-0.4001598358154297,-0.20039598643779755,0.3094314928736204,0.8966453671455383,0.08697509765625,7.173948934902086e-12,0.010004001600640256,0.9401406408881364,0.8624390665663523,0.6840193495312876,-0.09927025554143536,0.32924142479896545,0.5657605528831482,0.15863904356956482,32.84072249589491,1.2,3,0.8695652173913043,0.6666666666666666,0.33999999999999997,0.1436384349678038,0.424,0.42246597277395315,0.9473684210526315,0.38492741940079167,0.6
a624s,11,6,66.96428571428571,0.03834584988170786,0.952,0.82,0.03682993951182169,0.0,0.22,0.952,11,6,66.66666666666667,0.032218402485755686,0.944,0.844,0.038180856168736954,0.0,0.42,0.944,6.288980484008789,0.849529504776001,0.63461751583998,0.38193845748901367,0.16295629739761353,0.004224421922117472,0.028411364545818326,-0.6182513236999512,0.7040764689445496,0.26091069041514764,0.9117745161056519,0.0821089968085289,1.8355653802482053e-11,0.04601840736294518,0.6023816071783478,-0.21396828502051105,0.9731412416921322,0.8482503150555994,0.13558010756969452,0.792136549949646,0.23699934780597687,0.2976190476190368,1.0,0,0.8181818181818182,0.6666666666666666,0.3431111111111111,0.07959403166408403,0.312,0.2319774171304368,0.9090909090909091,0.4820875953921047,0.656
v627l,10,5,61.98347107438017,0.012450567136098527,0.988,0.948,0.018973665961010293,0.0,0.9,0.988,24,13,159.5744680851064,0.20732697678123213,0.616,0.336,0.12420510895655255,0.17391304347826086,0.288,0.616,3.3443174362182617,1.0947524309158325,0.6260529968573381,0.37464794516563416,0.027015268802642822,0.004080833401530981,0.0056022408963585435,-0.5383174419403076,0.2013946771621704,0.39493317808016937,0.5823277831077576,0.05314979702234268,7.635296041252904e-12,0.010004001600640256,0.7921559779765058,0.6866662005902004,0.6344347951741026,0.3739342791442495,0.4318315386772156,0.4605603516101837,0.19387787580490112,97.59099701072623,0.44,-8,1.0,1.0,0.258,0.09612075738361615,0.274,0.372561060689944,0.7083333333333334,0.3556562979188742,0.576
v628s,9,2,99.33774834437087,0.8184610351473918,3.036,0.58,0.973732729536924,0.25,1.724,3.036,18,10,101.35135135135135,0.24118042678052704,0.94,0.324,0.17647662734764624,0.4117647058823529,0.072,0.94,5.58534049987793,0.7247189879417419,0.633437168858812,0.3425331711769104,0.009851537644863129,0.006072250194847584,0.024809923969587835,1.0689377784729004,0.9643674492835999,0.3573774175435073,0.8625888228416443,0.0961480438709259,1.8621751710079515e-11,0.01600640256102441,0.7960555541950425,-0.7329617374040647,0.8048642011106778,0.04603751855620958,0.3108710050582886,0.38370653986930847,0.1431172639131546,2.013603006980489,0.5263157894736842,-8,1.0,1.0,0.46888888888888886,0.04769450106772021,0.488,0.10171812806986977,0.5,0.5662164166475905,0.648
v630s,15,9,90.09009009009009,0.27769157759944024,0.792,0.36,0.08929122620349145,0.42857142857142855,0.828,0.828,14,8,77.31958762886597,0.3146514263793707,1.316,0.436,0.2903721749754959,0.38461538461538464,0.18,1.316,4.875319957733154,1.913816213607788,0.5213934448979848,0.2733406722545624,0.005610481835901737,0.0012184561928734183,0.034013605442176874,-0.3730349540710449,0.5238820314407349,0.31242678660706363,0.9444878697395325,0.036857329308986664,2.5232748182557607e-11,0.024809923969587835,0.8273978391954541,0.5972630710351644,0.8595806040101882,0.1764666628340785,0.42304086685180664,0.6718397736549377,0.1334744691848755,12.770502461224112,1.0666666666666667,1,0.8666666666666667,0.8333333333333334,0.43230769230769234,0.118217130488049,0.484,0.2734559894653662,0.9285714285714286,0.4693927705112346,0.672
a631l,14,8,94.33962264150944,0.2585951583368276,1.272,0.504,0.20576685836159334,0.15384615384615385,0.296,1.272,16,8,93.75,0.025661190163465367,0.664,0.616,0.024118753817606055,0.0,0.292,0.664,0.7608087062835693,0.43600746989250183,0.4429449687926499,0.10276089608669281,0.2227420210838318,0.0007060300558805466,0.04961984793917567,-1.0602879524230957,0.2075810730457306,0.2641476648332542,0.9518583416938782,0.03424828127026558,1.2592408019096446e-11,0.01840736294517807,0.8206972786856743,0.20597927759587029,0.9707850760570585,0.7773837451737217,0.21486367285251617,0.8385046124458313,0.17631657421588898,0.5896226415094361,0.8823529411764706,0,0.9285714285714286,0.8333333333333334,0.44615384615384623,0.03555677183981468,0.436,0.07969621095811781,0.8125,0.4580641260742911,0.648
v632s,17,9,92.5925925925926,0.2829617560668211,0.988,0.308,0.20058580873697585,0.375,0.224,0.988,15,8,91.74311926605505,0.2585686184842393,1.044,0.372,0.26932165498925975,0.42857142857142855,0.18,1.044,7.854959487915039,-1.5104353427886963,0.5103891325502572,0.2810409665107727,0.0019880542531609535,0.0014474033378064632,0.04441776710684274,0.11418604850769043,0.5249344110488892,0.36540031399977324,0.7953324317932129,0.16491824388504028,1.5001208608644845e-11,0.03441376550620248,0.5333289107374333,-0.44661961765802494,0.7188797994824133,-0.044036657069337876,0.41745126247406006,0.33537647128105164,0.3871821165084839,0.8494733265375487,1.125,1,0.7058823529411765,0.5,0.3546666666666667,0.14646349564159514,0.318,0.41296097230822953,0.9333333333333333,0.34355778457430025,0.672
v633l,26,13,123.96694214876034,0.28753533451491664,0.492,0.164,0.14842057359634028,0.4,0.02,0.492,15,8,120.48192771084338,0.4540852878323073,1.38,0.416,0.36295199936927447,0.2857142857142857,0.212,1.38,2.6615142822265625,1.173627495765686,0.6939052035415672,0.5547282695770264,0.011976925656199455,0.04576537758111954,0.0024009603841536613,2.8038077354431152,-0.1876765489578247,0.25523912145201677,0.7476682662963867,0.24434444308280945,1.65611361430118e-11,0.03321328531412565,0.5961219908922617,-0.27462863012367283,0.7222022004416491,0.39156128021538206,0.5376014709472656,0.3474128544330597,0.2657374441623688,3.485014437916959,1.6875,5,0.6153846153846154,0.8333333333333334,0.25575000000000003,0.1330824462504353,0.16999999999999998,0.5203614508184585,1.0,0.10717841705610671,0.792
v634s,4,3,130.43478260869566,0.9449968951603502,3.112,0.424,1.9008734834280792,0.3333333333333333,3.296,3.296,17,10,102.73972602739727,0.27286606338964614,0.736,0.304,0.1601432691893939,0.4375,0.568,0.808,6.869527816772461,0.6027417182922363,0.5409011793512715,0.25744736194610596,0.05667400360107422,0.0028344024904072285,0.01800720288115246,-0.013944149017333984,0.35941168665885925,0.3372989729507748,0.8083692789077759,0.16691946983337402,1.8630210221748378e-11,0.0196078431372549,0.6488784765993536,0.4825003534177378,0.4846803309224794,-0.09477388572302047,0.21044450998306274,0.14854182302951813,0.10545853525400162,27.695056581298388,0.2777777777777778,-7,1.0,1.0,0.357,0.12057777573002415,0.36,0.3377528637324804,0.29411764705882354,0.0852680411901201,0.6
v635l,17,9,87.97653958944281,0.1919432977899317,0.844,0.42,0.14275013134845096,0.4375,0.036,0.844,14,7,86.70520231213874,0.1530325992526007,0.908,0.492,0.16728020404897487,0.3076923076923077,0.392,0.908,3.728875160217285,0.45296230912208557,0.5708325909927231,0.34632208943367004,0.010081003420054913,0.0033255452290177345,0.031212484993997598,0.4417715072631836,1.0919404029846191,0.33952484131516014,0.9141607284545898,0.02149856835603714,1.204402202970023e-11,0.028811524609843937,0.4391286613742015,-0.4663866902703689,0.9852188627322301,0.9402375403336098,0.3132944703102112,0.7024062275886536,0.11868014186620712,1.2713372773040703,1.2,2,0.8235294117647058,0.6666666666666666,0.45885714285714296,0.036922422809485954,0.468,0.08046605044638172,1.0,0.6287501247002673,0.616
v636s,10,4,80.21390374331551,0.2841021737897258,1.496,0.688,0.38072562298852436,0.1111111111111111,2.484,2.484,13,6,79.7872340425532,0.25220860942893386,1.424,0.6,0.26254973554807404,0.16666666666666666,0.376,1.424,5.90158748626709,-1.4129109382629395,0.5602539374081883,0.27537107467651367,0.01708618551492691,0.020590391010046005,0.021208483393357343,-1.0829908847808838,-0.12054678797721863,0.2769937773426639,0.9255906939506531,0.05958764627575874,1.3504433682420824e-11,0.010404161664665866,0.7395632212890124,0.007356632112972407,0.9859693765985028,0.9403745724568818,0.4796120524406433,0.6227537393569946,0.4369773268699646,0.4266697007623179,0.7857142857142857,-2,0.3,0.3333333333333333,0.536,0.0228619042659763,0.524,0.04265280567061239,0.7692307692307693,0.3397254123423481,0.088
f637l,12,6,71.77033492822967,0.006907966786953208,0.844,0.824,0.007483314773547889,0.0,0.312,0.844,13,7,83.79888268156425,0.33721914429473915,1.104,0.376,0.4287521004454248,0.75,0.428,1.104,11.41452693939209,3.0779242515563965,0.647527475015596,0.5065633654594421,0.014907712116837502,0.014802698977291584,0.006802721088435374,-0.13933277130126953,0.06818763166666031,0.3140596027953765,0.7727490067481995,0.20431113243103027,1.5721582022343306e-11,0.01720688275310124,0.9644034938441529,0.9413163581479508,0.5839465233359769,-0.7034230182457777,0.7688003182411194,0.2994847893714905,0.11051768809556961,12.028547753334578,0.9285714285714286,-1,0.6666666666666666,0.8333333333333334,0.347,0.1443294841673038,0.402,0.41593510088747204,1.0,0.17984074248137158,0.784
v638s,18,10,117.1875,0.26959128444531977,0.9,0.348,0.18657974166559455,0.47058823529411764,0.388,0.9,17,9,109.89010989010988,0.2904071329437878,0.972,0.364,0.19163019942935228,0.5625,0.316,0.972,3.7494592666625977,0.046432673931121826,0.5448017981880997,0.3060053288936615,0.03010674938559532,0.00018247625848744065,0.029611844737895156,0.9053354263305664,0.8601863384246826,0.3538791701932341,0.8846847414970398,0.08810944855213165,4.316018722971826e-11,0.010404161664665866,0.3010722520858061,-0.39763889136995817,0.7953936494862882,0.2497739829748328,0.11707261949777603,0.07167444378137589,0.2691732347011566,7.297390109890117,1.0555555555555556,1,0.9444444444444444,0.8333333333333334,0.4032941176470588,0.1623720363877107,0.48,0.40261443263515584,0.9411764705882353,0.4412523616733348,0.648
v640s,18,9,104.89510489510491,0.1752440497909931,0.664,0.228,0.10209799214480175,0.11764705882352941,0.516,0.664,17,8,104.16666666666667,0.08732086455593906,0.664,0.452,0.08681628111516104,0.0625,0.476,0.664,1.938621997833252,0.25920942425727844,0.5448392640649043,0.3000261187553406,0.007304971106350422,0.00279066851362586,0.009603841536614645,-0.5544159412384033,0.9267538189888,0.31313898198999324,0.9429495930671692,0.01220311876386404,1.161973555569018e-11,0.025610244097639057,0.6117412654907931,-0.40315630519673107,0.9769300638776426,0.8351456592890655,0.4388175308704376,0.7335697412490845,0.19918252527713776,0.728438228438236,1.0555555555555556,1,0.9444444444444444,0.8333333333333334,0.40705882352941175,0.12272612770777595,0.468,0.30149481499683134,0.9411764705882353,0.63309060913436,0.608
v641l,20,10,120.96774193548387,0.003931165031269763,0.5,0.492,0.0028284271247461927,0.0,0.148,0.5,20,10,120.0,0.013628598451698658,0.508,0.484,0.010154364141151888,0.0,0.448,0.508,9.60594654083252,1.9608546495437622,0.6357003312381818,0.46486878395080566,0.0026816476602107286,0.04061932861804962,0.021608643457382955,-0.832636833190918,0.22365789115428925,0.27022843679029324,0.9143783450126648,0.021121209487318993,7.788095689187369e-12,0.004401760704281713,0.9880141900262255,0.9501301885482762,0.9820689026529711,0.8893064095438916,0.929786741733551,0.8109012842178345,0.027741217985749245,0.9677419354838719,1.0,0,0.9,0.6666666666666666,0.5433333333333334,0.003333333333333336,0.544,0.006134969212239834,0.95,0.5656044128849064,0.688
f642s,16,8,98.03921568627452,0.0037499237691458118,0.616,0.608,0.0035456210417116767,0.0,0.276,0.616,16,8,97.40259740259741,0.028797112981588185,0.636,0.576,0.03230214499733065,0.0,0.26,0.636,12.919817924499512,3.257016897201538,0.6241266836455701,0.5253331661224365,0.004037137143313885,0.005078594200313091,0.02921168467386955,-1.2901692390441895,0.26499179005622864,0.2271385967466643,0.9704841375350952,0.02114812284708023,2.1986863718570504e-11,0.024009603841536616,0.9937226684883376,0.9777919242229555,0.9819385921964603,0.9566086934644403,0.9115864038467407,0.8450497984886169,0.033052027225494385,0.6366182836771088,1.0,0,0.9375,0.8333333333333334,0.4189333333333334,0.031848530403911716,0.428,0.07602290653329721,0.9375,0.5440418835003398,0.024
v643l,1,1,0.0,0.0,10.0,10.0,0.0,1.0,4.428,5.572,14,7,75.37688442211055,0.2912890154527604,0.856,0.316,0.25232254490367423,0.3076923076923077,0.632,0.856,5.030534744262695,-0.3671916127204895,0.49617779270659385,0.11638827621936798,0.1667589247226715,0.000252323632594198,0.051220488195278115,0.25081372261047363,0.7171383500099182,0.29521059321620813,0.9526046514511108,0.03865325078368187,2.4950120094957562e-11,0.03361344537815126,0.0,0.0,0.7223262618131194,-0.19161465842089137,0.22157466411590576,0.8114807605743408,0.0,75.37688442211055,0.13333333333333333,-6,1.0,1.0,0.356,-1.0,0.356,-1.0,0.07142857142857142,0.23089531966204493,0.56
v644s,11,6,70.58823529411765,0.015484513717203408,0.884,0.836,0.01236482466066095,0.0,0.584,0.884,11,5,70.09345794392523,0.01859330005764582,0.892,0.84,0.014298407059684822,0.0,0.732,0.892,6.239710807800293,1.951638102531433,0.5637787803751383,0.3681912422180176,0.012985901907086372,0.0002935055526904762,0.030012004801920768,-0.8761546611785889,0.7633856534957886,0.26964268874157943,0.950249969959259,0.03441428393125534,2.2009758599006446e-11,0.038815526210484196,0.9460342300060443,0.7299024205537371,0.9917644134274429,0.9617291890857886,0.5364004373550415,0.873069703578949,0.1739138662815094,0.49477735019242175,1.0,1,0.9090909090909091,0.8333333333333334,0.5024,0.009830564581955616,0.498,0.01956720618288924,0.9090909090909091,0.5177177323396132,0.688
v647l,15,8,122.95081967213115,0.41929310839204464,1.1,0.38,0.21516934296931375,0.5714285714285714,0.624,1.1,14,9,95.54140127388536,0.43655199255668947,1.444,0.36,0.4290967256924713,0.8461538461538461,0.048,1.444,0.8259921073913574,0.9048451781272888,0.5522692372414629,0.2562425136566162,0.017320560291409492,0.002906347159296274,0.045218087234893956,-0.06514787673950195,0.5399960875511169,0.34781704524368734,0.7405061721801758,0.2219984382390976,1.2634029239455558e-11,0.04321728691476591,0.7377574184612289,0.28081026988235686,0.6359113171936553,0.06526028186613608,0.3323545753955841,0.15706516802310944,0.14554177224636078,27.40941839824579,1.0666666666666667,-1,0.9333333333333333,1.0,0.3848571428571428,0.14648786256052418,0.452,0.3806291801334918,0.9285714285714286,0.4047486014023268,0.616
v648s,17,11,91.74311926605505,0.4713263771854639,1.004,0.204,0.3109143504782842,1.0,0.032,1.004,14,8,71.42857142857143,0.26118719882404456,0.86,0.312,0.11408768557561327,0.3076923076923077,0.412,0.86,4.408503532409668,-0.17582832276821136,0.565130731383781,0.37129098176956177,0.023373279720544815,0.004047813359647989,0.0700280112044818,-0.603262186050415,0.6104746460914612,0.25401013757573065,0.9567802548408508,0.039844706654548645,2.1797256707922763e-11,0.04921968787515006,0.30624381173892784,-0.03920425535014816,0.7856988396400604,0.02474284072789197,0.2941952347755432,0.836398720741272,0.1369483321905136,20.314547837483616,1.2,3,0.8235294117647058,0.6666666666666666,0.3617142857142857,0.12903788401165017,0.438,0.35673979585693744,0.8571428571428571,0.36355540579604817,0.648
v649l,21,14,170.45454545454547,0.5541039941141448,1.272,0.216,0.3483652046193387,0.45,0.12,1.272,15,7,97.7198697068404,0.2352432479165217,1.204,0.528,0.2316442896405541,0.14285714285714285,0.44,1.204,0.2686131000518799,-0.09234011173248291,0.6078169969081135,0.6668789386749268,0.0022336863912642,0.008418024517595768,0.004001600640256103,-0.8525629043579102,0.03797202184796333,0.30511569884463186,0.7804558873176575,0.21517819166183472,2.1882629389069486e-11,0.010004001600640256,0.352367246930123,-0.3645588355875488,0.9075844163609332,0.5312970415709329,0.5246372818946838,0.6344324350357056,0.1555175930261612,72.73467574770507,1.375,7,0.9047619047619048,0.6666666666666666,0.3507368421052632,0.12248000571748034,0.392,0.3492076894181671,0.8666666666666667,0.24955025198072728,0.648
a650s,4,3,127.11864406779662,1.1225240284639593,4.856,0.304,3.102231454936914,0.6666666666666666,4.192,4.856,14,7,85.22727272727273,0.0760484839319989,0.784,0.588,0.09467136138593693,0.0,0.344,0.784,2.1474437713623047,0.6868268847465515,0.6120534337416224,0.30706286430358887,0.0317581370472908,0.016846688464283943,0.03201280512204882,-0.9537417888641357,0.06258396059274673,0.3014936895010835,0.8532156944274902,0.1262751817703247,1.3771153488384424e-11,0.0196078431372549,0.435923945593005,-0.059630876450601354,0.8359580248223952,0.5383296322384705,0.1769048571586609,0.6391972899436951,0.11807430535554886,41.89137134052389,0.3333333333333333,-4,0.75,0.75,0.30533333333333335,0.16295057191949003,0.228,0.5336808949214445,0.21428571428571427,0.12781972156743535,0.44
a651l,4,1,18.656716417910445,0.3455917655146316,4.04,1.588,2.0811881222032764,0.6666666666666666,1.076,4.04,12,6,73.52941176470588,0.032288801000770584,0.84,0.756,0.04900612206653364,0.0,0.528,0.84,59.03349685668945,7.129177093505859,0.6530958409556937,0.46021193265914917,0.045798711478710175,0.0004444409569259733,0.0740296118447379,-1.044283390045166,0.10669375211000443,0.27091304835107993,0.9491535425186157,0.04349903389811516,2.0267681630214973e-11,0.009603841536614645,0.9956014798890838,0.9953519658111231,0.98444140152102,0.9494936052024193,0.020125139504671097,0.8645266890525818,0.04286041855812073,54.87269534679544,0.38461538461538464,-5,1.0,1.0,0.334,0.007211102550927966,0.334,0.02159012675157694,0.3333333333333333,0.2723787020873656,0.552
v652s,14,8,77.720207253886,0.310750494545109,1.148,0.352,0.4006910696950125,0.5384615384615384,0.1,1.148,13,5,86.95652173913044,0.27754706723396233,1.208,0.512,0.2052049972809895,0.4166666666666667,0.716,1.208,0.5444695949554443,-0.37967735528945923,0.45230980530653164,0.11247166246175766,0.04537179693579674,0.00010651067714206874,0.021608643457382955,0.04561948776245117,0.8399325013160706,0.35673422468139004,0.8147144317626953,0.14146506786346436,1.0617447025740301e-11,0.03721488595438175,0.17965162893059772,-0.8394282173345888,0.9484365471347994,0.6824290836700163,0.1590385138988495,0.16168060898780823,0.22199048101902008,9.236314485244435,1.0714285714285714,3,0.8571428571428571,0.6666666666666666,0.417,0.13535262588266742,0.478,0.32458662502830016,0.8461538461538461,0.48986157580701306,0.632
a654s,4,1,34.80278422273782,0.3730092399951753,3.556,1.704,1.3096381179547274,0.3333333333333333,2.244,3.556,19,11,130.43478260869566,0.34911463073845367,0.936,0.3,0.27433427441289043,0.6111111111111112,0.348,0.936,22.113256454467773,-2.8198959827423096,0.5979217948170791,0.5062363743782043,0.009124429896473885,1.3756906810158398e-05,0.34133653461384555,2.005767345428467,-0.031727276742458344,0.3882933396220034,0.7960463762283325,0.04616989940404892,1.3929035876103502e-11,0.013605442176870748,0.9991750781753436,0.9978800542131346,0.5396519038380486,0.063738216013928,0.012941276654601097,0.38157564401626587,0.006391641218215227,95.63199838595784,0.25,-10,1.0,1.0,0.22099999999999997,0.08756140702387097,0.22999999999999998,0.39620544371862687,0.42105263157894735,0.12480252685945495,0.184
v655l,14,8,66.66666666666667,0.3546452986686787,0.928,0.228,0.2318792789362603,0.38461538461538464,0.152,0.928,11,5,65.64551422319475,0.014483077529029269,0.944,0.896,0.009237604307033999,0.0,0.668,0.944,4.167136192321777,-0.2526320815086365,0.5077067991914074,0.15729838609695435,0.06996207684278488,0.0005273600108921528,0.05202080832332933,-0.7259986400604248,0.6844826936721802,0.2709408899659531,0.9383180737495422,0.05913370102643967,1.0326119299908232e-11,0.01640656262505002,0.7502463810135401,0.20767377928360395,0.9977450423118317,0.9893199799754997,0.1466115564107895,0.8493886590003967,0.3452329635620117,1.0211524434719195,1.25,3,0.7857142857142857,0.5,0.44945454545454544,0.09653295587646704,0.488,0.21477801193680343,0.9090909090909091,0.45323478606305073,0.712
b656s,7,3,35.714285714285715,0.2777874124169792,1.784,0.868,0.34652099503493283,0.3333333333333333,0.676,1.784,10,5,67.56756756756756,0.3922624377364947,1.756,0.456,0.5293637690662254,0.6666666666666666,0.048,1.756,9.130897521972656,-1.3365702629089355,0.6237248707099308,0.2729264795780182,0.025907881557941437,0.006305224262177944,0.01520608243297319,2.232239246368408,1.4234776496887207,0.3518411897637879,0.7017573118209839,0.2771245241165161,1.80987620723716e-11,0.037615046018407365,0.9884393201146298,0.9759672670185319,0.8771784735349664,0.3438907523943356,0.3219773769378662,0.0899265706539154,0.07437167316675186,31.85328185328185,0.7272727272727273,-2,0.8571428571428571,0.8333333333333334,0.4566666666666667,0.05496261355584255,0.472,0.1203560854429526,0.8,0.5669548058657098,0.632
f657l,5,5,159.5744680851064,0.26965057656662483,0.464,0.212,0.19537314725075877,0.5,0.348,8.224,10,5,61.47540983606557,0.0033554653665988908,0.976,0.968,0.005656854249492385,0.0,0.56,0.976,3.7318859100341797,0.29250428080558777,0.4127303718369555,0.05835422873497009,0.07113783061504364,0.00035955302882939577,0.06722689075630252,-0.7983710765838623,0.7754960060119629,0.2512242145047522,0.8965625166893005,0.09679760038852692,6.344231780544551e-13,0.060024009603841535,0.6343395123456534,0.05365219750545016,0.9990359055198264,0.9947535064873113,0.4240148961544037,0.8938969969749451,0.1394210010766983,98.09905824904081,0.5454545454545454,0,0.4,0.4,0.44200000000000006,0.10600000000000001,0.44200000000000006,0.23981899909911766,0.2,0.04329462151798588,0.72
b659l,6,2,30.991735537190085,0.4539239844610189,2.564,0.34,0.8451958352949924,0.6,0.856,2.564,15,8,120.48192771084338,0.5273064749101108,1.38,0.34,0.4636391169532945,0.5,0.216,1.38,36.15272903442383,5.255826473236084,0.6279596748561477,0.44358351826667786,0.09688762575387955,0.0007258931873366237,0.034013605442176874,1.1583175659179688,-0.14461182057857513,0.3443110426287773,0.7007821202278137,0.2796190083026886,1.284327158512788e-11,0.027611044417767107,0.9680356164375741,0.9493508605050592,0.4515360603379888,-0.2218185464667013,0.06749884784221649,0.34214726090431213,0.18782508373260498,89.4901921736533,0.4375,-6,1.0,1.0,0.26200000000000007,0.14546935530665328,0.23600000000000002,0.5552265257801068,0.4666666666666667,0.10791385669089147,0.792
a661l,4,0,83.79888268156425,0.30883561637634915,0.912,0.404,0.3850194800266605,0.6666666666666666,7.616,7.616,11,6,68.3371298405467,0.26831743228565963,1.508,0.616,0.3586765797886571,0.4,0.156,1.508,5.097536087036133,-0.4754679799079895,0.5679650765226023,0.1810106337070465,0.22298532724380493,0.007109958678483963,0.01520608243297319,2.8601202964782715,-0.8444730043411255,0.3240674173441003,0.790520966053009,0.18018785119056702,1.1112393123735576e-11,0.06162464985994398,0.9211215212472758,0.7286683919207845,0.8089930535471997,0.39893584486887507,0.21759416162967682,0.22285175323486328,0.19342857599258423,15.461752841017557,0.4166666666666667,-6,0.75,0.75,0.25066666666666665,0.13972671740063014,0.228,0.5574203929245727,0.2727272727272727,0.17252359685514684,0.616
t662s,26,14,163.04347826086956,0.10229747990563516,0.54,0.352,0.046683330358205315,0.04,0.228,0.54,24,13,161.29032258064515,0.25574483394154146,0.868,0.356,0.10439087386095848,0.043478260869565216,0.368,0.868,5.331313133239746,2.230808973312378,0.5304398214590266,0.7295288443565369,0.0013395906426012516,0.003409156110137701,0.014005602240896359,0.0295717716217041,0.7921896576881409,0.33391361733364877,0.8750908374786377,0.0303262397646904,1.387243098172064e-11,0.023609443777511004,0.9532936703434552,0.7827805308678436,0.8653461263583005,0.4006005333032592,0.7215108275413513,0.5280314683914185,0.08761180937290192,1.7531556802244097,1.08,1,0.9615384615384616,0.8333333333333334,0.18224,0.14883044849761087,0.104,0.8166727410605984,1.0,0.6229640058726904,0.592
v663l,16,8,88.23529411764706,0.27674349525172387,0.832,0.244,0.20948644688516588,0.4,0.168,0.832,16,9,85.71428571428572,0.2777175334643903,0.772,0.3,0.15607324287928775,0.26666666666666666,0.312,0.772,3.6475095748901367,0.7017278075218201,0.45965560915664483,0.09056387841701508,0.15499083697795868,0.0005037439404986799,0.01720688275310124,0.21779656410217285,0.21395006775856018,0.339261506041151,0.6028231382369995,0.36867159605026245,8.099733557476174e-12,0.01920768307322929,0.27119602438604606,-0.7259063100289732,0.6065207196384281,-0.21888056408394532,0.17577287554740906,0.3811213970184326,0.5676538348197937,2.5210084033613356,1.0,-1,0.8125,0.6666666666666666,0.36369230769230765,0.08875843155214966,0.392,0.2440481341902894,0.9375,0.11375364314460978,0.792
b664s,7,3,41.78272980501393,0.10952554019629693,1.628,1.2,0.20908945454039515,0.0,0.588,1.628,8,4,45.31722054380664,0.20249693672023938,1.608,0.856,0.24708972729219916,0.5714285714285714,0.352,1.608,14.910661697387695,3.462611198425293,0.5971340661641693,0.34242236614227295,0.10714466869831085,0.0011863420950248837,0.06162464985994398,-0.39115405082702637,0.7987574934959412,0.2770253999175816,0.5908481478691101,0.40650883316993713,1.7501361471161658e-11,0.04841936774709884,0.9907949780875486,0.9840374442563823,0.9943127892537093,0.9825283581801935,0.3071822226047516,0.31122833490371704,0.027438048273324966,3.5344907387927122,0.8888888888888888,-1,0.8571428571428571,0.8333333333333334,0.5086666666666667,0.009910712498212347,0.512,0.01948370701843108,0.875,0.4246771458943132,0.76
t665l,25,13,150.0,0.01068857855452582,0.412,0.392,0.0048633500709946275,0.0,0.076,0.412,23,12,148.5148514851485,0.16848897402028537,0.668,0.308,0.1134128572538237,0.13636363636363635,0.36,0.668,1.9625697135925293,-1.3164459466934204,0.47365689089056257,0.3606650233268738,0.003559880191460252,0.0035041922237724066,0.012805122048819529,2.0559754371643066,-0.6111379265785217,0.3709095165082654,0.7041098475456238,0.23689496517181396,1.626133602772306e-11,0.024009603841536616,0.9904498164578636,0.9687339507190021,0.6217442399013189,-0.07864276651440029,0.930107831954956,0.19604437053203583,0.04264995828270912,1.4851485148514882,1.0833333333333333,1,0.84,0.6666666666666666,0.3660952380952381,0.07849652995782362,0.42,0.2144155936637645,1.0,0.35832948143199667,0.144
v666s,11,6,63.829787234042556,0.2621273219760053,1.012,0.236,0.3093907992598789,0.2,0.608,1.012,11,6,63.15789473684211,0.03905129076134035,0.976,0.836,0.04332820482472512,0.0,0.056,0.976,4.295561790466309,-1.7679848670959473,0.5970685868106712,0.42142027616500854,0.03084513545036316,0.0023364948574453592,0.056422569027611044,-0.7574176788330078,0.8056967854499817,0.2800174497591685,0.9252147078514099,0.06518211960792542,1.5863246480285476e-11,0.027210884353741496,0.838709257747587,0.2204570222178402,0.9724559786834979,0.8838831283874433,0.674511194229126,0.9163509607315063,0.07377401739358902,0.6718924972004459,1.0,0,0.9090909090909091,0.8333333333333334,0.3807999999999999,0.057321549176553126,0.416,0.15052927434679725,0.9090909090909091,0.47901141877732817,0.608
a667l,22,10,110.29411764705881,0.3812313693671498,0.712,0.18,0.2298730084198665,0.5714285714285714,0.444,0.712,8,3,50.0,0.48539997053745126,2.2,0.324,0.49278257544952486,0.7142857142857143,0.564,2.2,0.5636661052703857,0.18054111301898956,0.677227818439782,0.2970231771469116,0.004310331307351589,0.04349135607481003,0.004001600640256103,0.8630871772766113,0.3040955066680908,0.3248640398462056,0.5110552310943604,0.4673660099506378,2.2099013591292405e-11,0.11444577831132453,0.48731224196524525,-0.42775272200136255,0.44710176544915675,0.04453331398114555,0.5314571261405945,0.2622731328010559,0.17364314198493958,60.29411764705881,2.5555555555555554,7,0.3181818181818182,0.3333333333333333,0.36799999999999994,0.14906949481941062,0.336,0.4050801379581774,1.0,0.05866701375958355,0.792
a668s,2,1,6.016847172081829,0.0,9.972,9.972,0.0,0.0,0.016,9.972,14,6,93.75,0.21610942889637594,1.148,0.56,0.22573731045915588,0.07692307692307693,0.872,1.148,7.014368057250977,-1.7342694997787476,0.30656743712263124,0.7002745866775513,0.24657413363456726,0.005031401291489601,0.008003201280512205,1.2698068618774414,0.15252777934074402,0.31704084682501793,0.8190690875053406,0.17309169471263885,1.4244004413466183e-11,0.01640656262505002,0.0,0.0,0.813177098364514,-0.2923179607796965,0.4781859815120697,0.385257363319397,0.15176460146903992,87.73315282791818,0.2,-5,0.5,0.5,0.284,-1.0,0.284,-1.0,0.07142857142857142,0.03938061070202371,0.48
b669l,20,9,120.96774193548387,0.34172762757413755,0.756,0.184,0.19501566888614644,0.8421052631578947,0.608,0.756,14,6,87.2093023255814,0.17621191303394995,0.952,0.484,0.12546978387909444,0.23076923076923078,0.804,0.952,3.373070240020752,-1.193905234336853,0.6815193799521215,0.4049619436264038,0.026261335238814354,0.019183408468961716,0.004001600640256103,-0.6661295890808105,-0.09267042577266693,0.2583236114701464,0.9432780146598816,0.05087003484368324,1.654991248212223e-11,0.026010404161664665,0.4276616913591071,-0.4854722959858274,0.8892271788191003,0.6789704749200423,0.415421724319458,0.5314383506774902,0.30564984679222107,33.75843960990247,1.4,3,0.7,0.5,0.284,0.09341764899020497,0.278,0.328935372186096,1.0,0.2734899853189478,0.464
v671l,12,6,70.75471698113208,0.015238331391468398,0.872,0.836,0.01888915032498817,0.0,0.24,0.872,11,6,69.93006993006993,0.017681110882588294,0.872,0.82,0.02048305532764964,0.0,0.62,0.872,18.418785095214844,4.1140313148498535,0.6669755304518165,0.59786057472229,0.002253621816635132,0.002992931054905057,0.01520608243297319,-1.0298383235931396,0.035977013409137726,0.27787128231390323,0.954825758934021,0.03609924390912056,1.9730859307509618e-11,0.012404961984793917,0.9956360685022214,0.9822482126234616,0.9919147428710116,0.9611396648594573,0.6093400120735168,0.8905758857727051,0.04939630627632141,0.8246470510621435,1.0833333333333333,0,0.9166666666666666,0.8333333333333334,0.25018181818181817,0.015572809531173718,0.256,0.062245965841516954,1.0,0.4649950810184181,0.456
b672s,4,0,70.75471698113208,0.19197907585106228,1.052,0.652,0.3149730147171341,0.6666666666666666,7.348,7.348,9,3,60.60606060606061,0.31220438827286257,1.716,0.812,0.3517921464241552,0.375,0.612,1.716,53.68798065185547,-5.547062397003174,0.7491674147939471,0.18180808424949646,0.018989816308021545,0.21639826893806458,0.052420968387354945,3.043064594268799,1.4786521196365356,0.33897630135052076,0.7253116965293884,0.25234928727149963,1.3424094301439649e-11,0.04601840736294518,0.7376989632369805,0.4179217573162968,0.8723343233423613,0.07819568008606569,0.5834054946899414,0.1403253823518753,0.17184817790985107,10.148656375071468,0.5,-3,0.5,0.5,0.592,0.008000000000000007,0.592,0.01351351328524472,0.3333333333333333,0.20397812182958622,0.776
a673l,6,2,69.76744186046511,0.8579995437767891,2.608,0.148,1.6047903289838208,0.6,3.948,3.948,12,6,81.9672131147541,0.31079895949853537,1.404,0.656,0.40876986190275816,0.18181818181818182,0.428,1.404,4.480117321014404,0.8360705971717834,0.604539849789534,0.24924927949905396,0.08741261810064316,0.008047912269830704,0.036414565826330535,5.992589950561523,1.6832948923110962,0.3360602573989196,0.7917954325675964,0.1961309015750885,8.234071410817556e-12,0.04921968787515006,0.38701089193050003,-0.11580486282424707,0.9185518158248039,0.5577300836066028,0.09255925565958023,0.24246299266815186,0.10106907039880753,12.19977125428899,0.5384615384615384,-4,0.3333333333333333,0.3333333333333333,0.276,0.168,0.276,0.6086956301197235,0.3333333333333333,0.10310232118136052,0.0
t678s,25,13,154.63917525773195,0.09304998445377387,0.492,0.292,0.06353636411707388,0.08333333333333333,0.32,0.492,26,13,154.63917525773195,0.013544806107693302,0.404,0.38,0.006218252702059216,0.0,0.076,0.404,-0.8296432495117188,0.18430429697036743,0.5251323847274552,0.2593499422073364,0.014418435283005238,0.01343412883579731,0.004801920768307323,-1.1455355882644653,0.47719094157218933,0.20976749140762152,0.9362735748291016,0.007511276751756668,1.6171773989381855e-11,0.021208483393357343,0.7101534251110855,0.05942550402449767,0.9925857344784758,0.9652735461141463,0.8201838135719299,0.9131220579147339,0.13297751545906067,0.0,0.9629629629629629,0,0.96,0.8333333333333334,0.39316666666666666,0.06382767598951275,0.406,0.16234253759920486,0.9615384615384616,0.6464081143139215,0.216
t679l,22,13,164.83516483516485,0.26391226735947626,0.608,0.312,0.08375679076946536,0.38095238095238093,0.44,0.608,23,14,168.53932584269663,0.2634122946342676,0.632,0.312,0.06996597812678743,0.4090909090909091,0.448,0.632,4.767926216125488,1.9256683588027954,0.6260087424386352,0.6048144102096558,0.006291613448411226,0.002909003756940365,0.01520608243297319,-0.6316454410552979,0.08236711472272873,0.3442071521584634,0.9189929366111755,0.05040423572063446,1.3982001320633763e-11,0.010804321728691477,0.9600080567982698,0.893068676987698,0.6946234003607837,0.2557546391410118,0.3787540793418884,0.4477198123931885,0.0829322412610054,3.7041610075317806,0.9583333333333334,-1,0.9545454545454546,0.8333333333333334,0.2598095238095239,0.16004987884662977,0.152,0.6160277357795821,0.9130434782608695,0.5062278745806612,0.616
t680s,23,14,166.66666666666669,0.19317445784619627,0.524,0.34,0.041843244889195004,0.45454545454545453,0.176,0.524,15,6,115.83011583011583,1.033195617669295,3.216,0.332,0.9950999949753794,0.42857142857142855,0.288,3.216,4.010456562042236,1.4174171686172485,0.593135271262549,0.42479127645492554,0.038243617862463,0.0013781612506136298,0.01920768307322929,3.0458908081054688,-0.7279618978500366,0.34504923211201294,0.5724352598190308,0.4037795662879944,8.599902040495877e-12,0.041616646658663464,0.9487415920404682,0.8612350585834538,0.6087146251850465,0.015500932794601754,0.5635116696357727,0.34071430563926697,0.060738854110240936,50.836550836550856,1.5,8,0.6956521739130435,0.8333333333333334,0.35125,0.15566771502145202,0.43,0.44318209420535537,0.8666666666666667,0.249545437396456,0.6
b681l,5,3,54.64480874316939,0.9380612856484478,6.004,0.952,4.07144069505296,0.25,0.724,6.004,11,6,62.761506276150634,0.24492879219301972,1.108,0.3,0.3209458244349383,0.1,0.652,1.108,9.45182991027832,0.3217519223690033,0.6454879048643128,0.46467214822769165,0.0510190986096859,0.0007261036662384868,0.05162064825930372,-1.1315668821334839,-0.1811087429523468,0.30513870684581185,0.8696780204772949,0.11407341063022614,2.1430112892573128e-11,0.01800720288115246,0.6571327818200108,-0.23423904422103584,0.8470648223486772,-0.14198887108199168,0.2907352149486542,0.6875689625740051,0.06614446640014648,8.116697532981242,0.5,-3,0.2,0.2,0.284,-1.0,0.284,-1.0,0.36363636363636365,0.17656082900730088,0.376
v682s,15,6,108.30324909747291,0.43871434151772887,1.26,0.328,0.36888021820723244,0.5,0.268,1.26,18,9,112.78195488721803,0.25406261086058646,0.924,0.36,0.21392755783208484,0.29411764705882354,0.256,0.924,15.030269622802734,3.0509591102600098,0.6189081854059547,0.4184298515319824,0.014757010154426098,0.0008953085634857416,0.021208483393357343,-0.6386885643005371,0.1255452185869217,0.36436716666761076,0.752082347869873,0.22365795075893402,2.076547267471085e-11,0.025210084033613446,0.695512343578505,-0.5734014583405737,0.6866159552920704,0.15302386635607398,0.1574230045080185,0.26737457513809204,0.41080257296562195,4.478705789745121,0.8421052631578947,-3,0.8666666666666667,0.8333333333333334,0.3630769230769231,0.1412572457166556,0.412,0.3890559626566203,0.7777777777777778,0.21570524695346405,0.68
t683l,21,14,169.49152542372883,0.45193190905041364,0.896,0.34,0.09086716736678412,0.25,0.264,0.896,14,5,108.69565217391303,0.5453201095955287,1.404,0.312,0.48796994442964076,0.6923076923076923,0.856,1.404,1.0009279251098633,-0.6417927742004395,0.5418296628349291,0.4069516658782959,0.006547205150127411,0.001343085546977818,0.011204481792717087,2.204446792602539,-0.2075328826904297,0.35168655709105845,0.6041416525840759,0.3575056493282318,1.5345584178372285e-11,0.03041216486594638,0.9169535709772125,0.5957827838407376,0.5031874557582747,-0.0828332080707064,0.5556995868682861,0.29022663831710815,0.06807608902454376,60.7958732498158,1.4666666666666666,9,0.47619047619047616,0.16666666666666666,0.2864,0.06465168211268754,0.28,0.2257391056400017,0.9285714285714286,0.09435929918608045,0.528
b684s,10,5,62.5,0.02776856895506178,0.988,0.912,0.028844410203711885,0.0,0.952,0.988,10,5,63.02521008403362,0.02680765787471216,0.98,0.912,0.029359836511806358,0.0,0.628,0.98,20.906770706176758,4.25631046295166,0.6606170727587812,0.5300734043121338,0.008463483303785324,0.0003635854518506676,0.05322128851540616,-1.1121079921722412,-0.09557881206274033,0.2579167715762661,0.911239504814148,0.07772468775510788,6.854654864552057e-12,0.006802721088435374,0.9974339829890086,0.9922182551160568,0.9968416996050552,0.9918150345754085,0.3592506945133209,0.8792978525161743,0.04270605370402336,0.5252100840336169,1.0,0,0.9,0.8333333333333334,0.11733333333333335,0.023475755815545344,0.116,0.200077447284979,1.0,0.4199181148680389,0.36
b685l,9,4,54.74452554744525,0.00655466717031655,1.112,1.088,0.008417668492946428,0.0,0.744,1.112,9,5,54.24954792043399,0.013652866028885116,1.116,1.072,0.02376071187004778,0.0,0.604,1.116,6.504326820373535,2.378537178039551,0.5467840953877995,0.31412777304649353,0.08977060765028,1.850448825280182e-05,0.09123649459783914,-1.0301284790039062,0.0029820255003869534,0.2727904668749996,0.7385373711585999,0.2539043426513672,9.387473437483251e-12,0.01920768307322929,0.9983746687441661,0.9967572694229317,0.9854771257649598,0.9542945679540987,0.846347451210022,0.8398733139038086,0.02488425001502037,0.49497762701125936,1.0,-1,0.0,0.0,-1.0,-1.0,-1.0,-1.0,1.0,0.38329432150794435,0.128
v686s,4,2,40.0,0.48357437597293684,3.104,0.988,1.1905796907389274,0.6666666666666666,3.336,3.336,17,9,115.38461538461539,0.3865003893149856,1.028,0.336,0.375727560873567,0.625,0.38,1.028,2.9771289825439453,-0.02603624202311039,0.43846384369262414,0.06178532540798187,0.17321717739105225,0.0005173076642677188,0.03481392557022809,0.030234813690185547,0.2613465189933777,0.3439950746723304,0.7034269571304321,0.2693241536617279,1.4483085737648782e-11,0.022008803521408563,0.3737956938053309,-0.031000907346549554,0.4693948836503754,-0.18381025662465103,0.3301224708557129,0.3606138527393341,0.028002435341477394,75.38461538461539,0.2777777777777778,-7,0.5,0.5,0.214,0.08199999999999999,0.214,0.38317755218796484,0.35294117647058826,0.10258343446565162,0.36
v687l,14,10,108.69565217391303,0.7791227094553733,2.26,0.136,0.35239182737401836,0.8461538461538461,0.268,2.26,14,7,81.52173913043478,0.19391618085874618,0.828,0.312,0.10441583532523534,0.15384615384615385,0.6,0.828,0.9934327602386475,-0.008318725973367691,0.5346485455740274,0.23687228560447693,0.12198367714881897,0.0018783480627462268,0.055222088835534214,-0.605259895324707,0.19029220938682556,0.2988654711328707,0.8896040320396423,0.09506870806217194,6.71086753875616e-12,0.021208483393357343,0.45596286579499623,-0.5412787873580569,0.7430555416172612,-0.6775667120897974,0.47245049476623535,0.6984227299690247,0.08895163983106613,27.17391304347825,1.0,3,0.7142857142857143,0.5,0.46919999999999995,0.08569807465748575,0.478,0.1826472140473436,0.7142857142857143,0.27372633895434445,0.704
t688s,26,14,164.83516483516485,0.2043140265023938,0.588,0.288,0.10560303025955269,0.36,0.088,0.588,10,5,57.915057915057915,0.3740456437796264,1.628,0.472,0.5253189507337422,0.5555555555555556,0.456,1.628,2.860619068145752,-0.03217143192887306,0.6776100820933729,0.5364706516265869,0.005346035119146109,0.0036639017052948475,0.010004001600640256,1.7697029113769531,0.12397761642932892,0.3525497760484932,0.6554684638977051,0.2990502715110779,3.1543337820211237e-12,0.05202080832332933,0.42713449637106377,-0.32212454494251713,0.6626469245018273,0.3719819403561593,0.3064655363559723,0.2223130315542221,0.12474270910024643,106.92010692010693,2.4545454545454546,9,0.5,0.16666666666666666,0.344,0.1512939065324382,0.348,0.43980785504174325,1.0,0.14045163316514456,0.192
t689l,22,12,148.5148514851485,0.27046386339868894,0.748,0.26,0.1703455312005572,0.3333333333333333,0.256,0.748,22,12,141.50943396226415,0.1996311060425823,0.72,0.332,0.09738993787861248,0.23809523809523808,0.192,0.72,6.178218841552734,2.273315191268921,0.6482858152972506,0.46367233991622925,0.0027484416496008635,0.016214735805988312,0.028411364545818326,-0.4645698070526123,0.4864806830883026,0.3757164056884898,0.8645344972610474,0.050439365208148956,7.369893757769308e-12,0.010404161664665866,0.7117284800864488,-0.41861276207270887,0.7932366262235078,0.3176483392093355,0.22136838734149933,0.3008759021759033,0.1031678318977356,7.005417522884358,1.0,0,0.9545454545454546,0.8333333333333334,0.3333333333333333,0.1571184973904162,0.444,0.47135547803058425,1.0,0.5032303410800238,0.6
f691l,15,7,91.74311926605505,0.27333411916136857,1.32,0.428,0.2714995395944531,0.14285714285714285,0.172,1.32,16,7,96.15384615384616,0.27507203181494927,1.024,0.368,0.19630006185866136,0.4,0.548,1.024,2.8351664543151855,-1.0125257968902588,0.5893088537665943,0.42914915084838867,0.06258657574653625,0.0007192784687504172,0.01920768307322929,1.6949682235717773,0.36352816224098206,0.3478682815488359,0.8815298080444336,0.0867699608206749,7.944127994319317e-12,0.01800720288115246,0.8165784668151695,-0.507197322085229,0.6494770647984056,0.30315698728117474,0.37343716621398926,0.2587414085865021,0.16549645364284515,4.410726887791114,0.9411764705882353,0,0.8,0.6666666666666666,0.3706666666666667,0.12631530214330944,0.426,0.3407786836389998,0.875,0.06733723354168517,0.0
v692s,4,0,87.2093023255814,0.5514716460303666,1.624,0.448,0.8486978260841724,0.6666666666666666,5.408,5.408,10,5,63.829787234042556,0.3258413224011719,1.712,0.44,0.5583099497590922,0.3333333333333333,0.356,1.712,5.976612091064453,0.7812808752059937,0.4733205143429663,0.12026894092559814,0.037212565541267395,0.0025902220513671637,0.027210884353741496,1.5970978736877441,0.43518438935279846,0.277159838826437,0.7172613143920898,0.2804791331291199,3.343783583353854e-11,0.0784313725490196,0.4965840094452595,0.15146762638388045,0.6890741374318129,-0.20637584113093574,0.47548261284828186,0.12238941341638565,0.06062905862927437,23.37951509153885,0.45454545454545453,-5,0.75,0.75,0.228,0.09516301802696255,0.2,0.4173816397067813,0.2,0.12996338498664373,0.608
t693l,23,11,150.0,0.26316939339933604,0.8,0.396,0.17547757962879748,0.09090909090909091,0.236,0.8,17,11,147.05882352941177,0.4952920039341388,1.228,0.36,0.3272919186292262,0.3125,0.456,1.228,8.182907104492188,-2.764594316482544,0.535834349167987,0.37805530428886414,0.004437393508851528,0.0028190715238451958,0.014005602240896359,8.701956748962402,1.5185436010360718,0.32959762996011255,0.6975507140159607,0.26431694626808167,6.466689597001141e-12,0.02921168467386955,0.9781328926455173,0.9128293009853904,0.643516946957113,0.23902366709025025,0.889962375164032,0.15311752259731293,0.16765263676643372,2.941176470588232,1.3333333333333333,0,0.6521739130434783,0.6666666666666666,0.3509333333333334,0.10423017264155755,0.312,0.29700846220974425,1.0,0.28799200146537873,0.168
a694s,12,6,72.11538461538461,0.25568110412857814,1.26,0.476,0.32490737141530046,0.45454545454545453,0.356,1.26,13,6,78.125,0.3069873709432449,1.28,0.452,0.3319583763611993,0.5,0.728,1.28,7.26511287689209,-2.7502152919769287,0.5749796596797253,0.34022602438926697,0.012189914472401142,0.005151437129825354,0.022809123649459785,-0.38144445419311523,0.4161486327648163,0.36833223368701584,0.8549717664718628,0.11456751823425293,1.3970028259202572e-11,0.01680672268907563,0.9613459001929633,0.6201486115315316,0.8904593352267564,0.16603896337308435,0.13877761363983154,0.20745520293712616,0.09120020270347595,6.009615384615387,0.9285714285714286,0,0.75,0.6666666666666666,0.3813333333333333,0.12301400100982181,0.356,0.3225891550277892,0.7692307692307693,0.1363463752778804,0.672
b695l,3,1,18.050541516245488,0.7689530662787213,5.88,0.768,5.112,1.0,2.448,5.88,16,8,94.9367088607595,0.019670070889351434,0.644,0.596,0.02047995535709422,0.0,0.32,0.644,16.794042587280273,2.3720345497131348,0.5057420318973684,0.14049860835075378,0.0708344504237175,0.0005382568342611194,0.046418567426970786,-1.1901286840438843,-0.12536312639713287,0.23090636639647408,0.9847123622894287,0.004832685925066471,1.6698488078392693e-11,0.004801920768307323,0.357816871648363,-0.8964502516909032,0.9930586183066413,0.9460785846223402,0.1310717761516571,0.9164788126945496,0.2861243188381195,76.886167344514,0.23529411764705882,-7,0.6666666666666666,0.6666666666666666,0.356,0.068,0.356,0.1910112305895722,0.25,0.06809327246948532,0.552
v696s,13,8,111.52416356877323,0.4193715109416408,1.28,0.452,0.2994297610762528,0.4166666666666667,0.34,1.28,9,5,55.147058823529406,0.2863200472061836,1.928,0.72,0.5150289867015808,0.25,0.128,1.928,8.85708236694336,2.4229376316070557,0.4730694242236468,0.2408560961484909,0.015536990016698837,0.00020249396038707346,0.14605842336934774,-0.3630685806274414,0.7325506210327148,0.2802505803182766,0.7421475648880005,0.2548471689224243,4.186525692090326e-12,0.022008803521408563,0.9400555667519984,0.8688552740125446,0.9469248443373499,0.607309131946579,0.6163132786750793,0.5120046734809875,0.2283458411693573,56.37710474524383,1.4,3,0.6153846153846154,0.3333333333333333,0.532,0.03435112807463535,0.548,0.06456978840025838,0.8888888888888888,0.3937483358562451,0.76
f697l,1,0,0.0,0.0,10.0,10.0,0.0,1.0,8.744,8.744,14,11,132.7433628318584,0.748679945185491,2.248,0.416,0.5773352578874775,0.23076923076923078,0.244,2.248,11.6648530960083,1.2148677110671997,0.5051399140102801,0.14231236279010773,0.25476765632629395,0.04146962612867355,0.05402160864345738,0.5782952308654785,0.04128028079867363,0.3708477321839017,0.7177202701568604,0.24176199734210968,1.6482447351418017e-11,0.03801520608243297,0.0,0.0,0.7487387602514595,0.1837360353363388,0.1508292853832245,0.25525006651878357,0.0,132.7433628318584,0.13333333333333333,-11,0.0,0.0,-1.0,-1.0,-1.0,-1.0,0.0,0.07569129096661054,0.064
t698s,25,13,150.0,0.010193451016007387,0.408,0.392,0.0034389078144843807,0.0,0.16,0.408,24,12,150.0,0.019285128170451544,0.416,0.388,0.011377809343390536,0.0,0.348,0.432,4.253457546234131,1.3852981328964233,0.5856116333939787,0.5227336287498474,0.0019699912518262863,0.012311667203903198,0.007202881152460984,-0.19875812530517578,0.5481910109519958,0.35332362685942137,0.7505400776863098,0.08805745840072632,7.948165563209653e-12,0.013605442176870748,0.9889604678827996,0.973816349962476,0.806470856799704,0.6540953261238416,0.8919206857681274,0.6474347710609436,0.09007491916418076,0.0,1.04,1,0.92,0.6666666666666666,0.3274782608695653,0.12496568905285037,0.332,0.3815999416420036,1.0,0.6471333883081863,0.608
a699l,3,0,208.33333333333334,0.47222220582561786,0.424,0.152,0.272,1.0,9.188,9.188,8,4,42.492917847025495,0.3234007269706495,1.604,0.312,0.6579766966491544,0.14285714285714285,0.844,1.604,18.703426361083984,-1.4799113273620605,0.4079741818936916,0.08526455610990524,0.03747756406664848,0.00030814576894044876,0.8031212484993998,0.9759359359741211,0.4171716868877411,0.295573028312293,0.5243699550628662,0.4586929976940155,2.816413768869097e-11,0.04921968787515006,0.0,0.0,0.5939923263106951,-0.24818172589219487,0.2775005102157593,0.18589819967746735,0.1536674201488495,165.84041548630785,0.4444444444444444,-4,0.6666666666666666,0.6666666666666666,0.41600000000000004,0.07599999999999998,0.41600000000000004,0.18269230330066574,0.125,0.054585525561245345,0.0
t700s,15,10,109.4890510948905,0.5283722588972101,1.58,0.36,0.26048003024002847,1.0,0.22,1.58,16,11,163.04347826086956,0.5531113642034127,1.544,0.36,0.2803915629462281,0.4666666666666667,0.3,1.544,3.8979482650756836,0.7808239459991455,0.5901419969054932,0.34765300154685974,0.05046514794230461,0.0026963353157043457,0.01920768307322929,0.5937449932098389,0.7335858941078186,0.2989283510763382,0.7792796492576599,0.20901933312416077,9.469619532964657e-12,0.01520608243297319,0.7439010476149629,-0.5662820734338743,0.6870248926776903,0.5291454454854085,0.22312739491462708,0.398274302482605,0.28478729724884033,53.554427165979064,0.9411764705882353,-1,0.9333333333333333,0.8333333333333334,0.2800000000000001,0.1646676306121776,0.166,0.5880986597542534,0.9375,0.35956000041991415,0.68
v704s,1,1,0.0,0.0,10.0,10.0,0.0,1.0,2.864,7.136,12,6,73.52941176470588,0.020772776162645022,0.828,0.768,0.02586116780039134,0.0,0.324,0.828,7.044070243835449,0.005172643810510635,0.4896140460693236,0.10275228321552277,0.09620066732168198,0.00434736255556345,0.024409763905562223,-1.1501284837722778,-0.16347654163837433,0.21763592705297813,0.9717584848403931,0.02121838741004467,2.5843530440661233e-11,0.007603041216486595,0.0,0.0,0.998594826300636,0.9961511926597632,0.13297627866268158,0.8822866082191467,0.0,73.52941176470588,0.15384615384615385,-5,0.0,0.0,-1.0,-1.0,-1.0,-1.0,0.08333333333333333,0.12158233272726321,0.08
a705l,13,6,89.02077151335311,0.46062987009102985,1.96,0.64,0.5569005133937135,0.08333333333333333,0.296,1.96,13,6,86.70520231213874,0.3683536107962192,1.28,0.34,0.4558388870084374,0.4166666666666667,0.572,1.28,13.254173278808594,-3.012843132019043,0.6560635938324492,0.30576056241989136,0.014506612904369831,0.00949733518064022,0.006402561024409764,2.2077951431274414,1.4390654563903809,0.35137329595827976,0.8708595037460327,0.08438222110271454,8.27883941956209e-12,0.05802320928371348,0.9269515569363664,0.8030957691522916,0.698555114748276,-0.06757461184323965,0.6274980902671814,0.5476703643798828,0.22683902084827423,2.315569201214373,1.0,0,0.6923076923076923,0.5,0.37555555555555553,0.1486106853576456,0.424,0.3957089149718959,0.7692307692307693,0.41934949448505193,0.0
b706s,1,0,0.0,0.0,10.0,10.0,0.0,1.0,9.256,9.256,22,11,133.92857142857142,0.023525962893994654,0.492,0.436,0.01264911064067352,0.0,0.392,0.492,27.20598602294922,-3.834897518157959,0.42427183830373383,0.07528335601091385,0.19867819547653198,0.000249643053393811,0.6926770708283313,-0.9287304878234863,0.1158658117055893,0.245252274045358,0.8884660005569458,0.02078390121459961,2.8833498089131382e-11,0.006402561024409764,0.0,0.0,0.9788959472764731,0.8420852979932613,0.06886095553636551,0.8121366500854492,0.0,133.92857142857142,0.08695652173913043,-11,1.0,1.0,0.212,-1.0,0.212,-1.0,0.09090909090909091,0.08914735175880746,0.368
v710s,3,1,84.74576271186442,0.3502824809282135,0.956,0.46,0.49599999999999994,1.0,4.804,4.804,14,6,102.04081632653062,0.2844827076185801,0.96,0.404,0.2371413080844415,0.46153846153846156,0.812,0.96,14.03672981262207,0.46104294061660767,0.5190543195940843,0.18749170005321503,0.04768187925219536,0.0012841583229601383,0.014405762304921969,4.084467887878418,0.7523252367973328,0.31998705252606513,0.6010187864303589,0.38312259316444397,5.408428479375393e-12,0.037615046018407365,0.45985267267354163,-0.36573356496664544,0.6128445585689789,-0.006623368823627509,0.12996454536914825,0.2823319435119629,0.5390477776527405,17.2950536146662,0.26666666666666666,-5,1.0,1.0,0.33466666666666667,0.19067132861433456,0.288,0.5697350286364072,0.2857142857142857,0.16652746998461548,0.624
v711l,11,5,68.96551724137932,0.7062602239030912,2.616,0.196,0.8559511927934,0.5,0.148,2.616,11,5,66.66666666666667,0.018095082516110556,0.932,0.872,0.020176994600562093,0.0,0.548,0.932,3.3678412437438965,-0.3082142174243927,0.5672551153433353,0.20829181373119354,0.047252971678972244,0.005843868479132652,0.018807523009203683,-1.169018268585205,-0.1817086786031723,0.25604081387781813,0.9449049234390259,0.048680637031793594,1.997543797038759e-11,0.006802721088435374,0.4363559509364374,-0.5525135952511315,0.9952267590031595,0.9879386318784592,0.20007279515266418,0.9049000144004822,0.4062733054161072,2.2988505747126453,1.0,0,0.9090909090909091,0.8333333333333334,0.24440000000000003,0.09016340721157337,0.196,0.3689173630212755,0.7272727272727273,0.26330311225115616,0.504
a712s,6,0,170.45454545454547,0.660980714224281,1.416,0.3,0.6612019358713342,0.4,6.26,6.26,12,4,86.20689655172414,0.6594785801633315,2.208,0.328,0.7928651840004076,0.8181818181818182,0.676,2.208,4.774296760559082,-0.4609793722629547,0.6024313200828937,0.2007926106452942,0.08322223275899887,0.021878277882933617,0.014005602240896359,10.52696418762207,0.1383322924375534,0.405297090320358,0.748028039932251,0.16169866919517517,1.525652520983911e-11,0.06842737094837935,0.31357528161426285,0.13812544401897908,0.5197013342296551,0.021111972915961886,0.07594898343086243,0.26570165157318115,0.20532429218292236,84.24764890282133,0.5384615384615384,-4,0.6666666666666666,0.6666666666666666,0.332,0.08499411744350312,0.366,0.2560063701308416,0.5833333333333334,0.2212614438920613,0.536
v713l,17,8,113.63636363636363,0.2291877565066816,0.888,0.464,0.22871933309917927,0.25,0.396,0.888,16,8,112.78195488721803,0.21527832187897225,0.836,0.488,0.2254113699756197,0.3333333333333333,0.3,0.836,1.0274147987365723,-0.6634469628334045,0.4649823803429894,0.17558811604976654,0.04038086161017418,0.0007141082314774394,0.03801520608243297,0.06815028190612793,0.9174192547798157,0.3452605147372275,0.9181250929832458,0.054523345082998276,1.5154941537809385e-11,0.018807523009203683,0.8502086238846821,0.6489256375257146,0.9144543174453799,0.6604180599948578,0.4880251884460449,0.16385595500469208,0.09075663238763809,0.8544087491455912,1.0588235294117647,0,0.9411764705882353,0.8333333333333334,0.475,0.055380501984001566,0.482,0.11659052803809745,1.0,0.5149458031206074,0.64
v714s,18,11,90.36144578313252,0.28868314701844006,0.688,0.284,0.0718540186767588,0.47058823529411764,0.28,0.688,14,7,88.75739644970413,0.2699836668682541,1.164,0.332,0.2783618747841258,0.23076923076923078,0.656,1.164,3.293051242828369,-1.0246645212173462,0.48718224427887763,0.31883931159973145,0.007078885100781918,0.0011585589963942766,0.026810724289715888,2.3601112365722656,-0.16105900704860687,0.3282937787783996,0.8659499287605286,0.09943482279777527,4.965992894678806e-12,0.025610244097639057,0.45652706641138135,-0.3700945740936188,0.815894718699693,0.08547333633243931,0.6017540097236633,0.4746624529361725,0.19193090498447418,1.6040493334283923,1.2666666666666666,4,0.7222222222222222,0.5,0.4292307692307693,0.12859845306292572,0.496,0.2996021238117846,0.9285714285714286,0.37083535281947394,0.68
t716s,22,12,148.5148514851485,0.29500955828830944,0.784,0.312,0.15724884737256423,0.23809523809523808,0.352,0.784,21,11,150.7537688442211,0.31715948768783864,0.884,0.324,0.18641210712883036,0.2,1.048,1.048,4.578178405761719,0.20618639886379242,0.6735077404450791,0.4324067533016205,0.027434401214122772,0.007782813627272844,0.021208483393357343,0.29866766929626465,-0.3735012114048004,0.3499749422581816,0.7398805022239685,0.2374785840511322,1.4832858899471724e-11,0.018807523009203683,0.6188885454977687,-0.19191124686917937,0.7005209952553855,0.10634692169791968,0.2543739974498749,0.21088898181915283,0.22296591103076935,2.2389173590725875,1.0454545454545454,1,0.9090909090909091,0.6666666666666666,0.2258,0.14218002672668198,0.166,0.6296723668288676,0.9523809523809523,0.3648699414374695,0.704
t717l,20,10,156.25,0.5168674971718714,1.288,0.212,0.36165668188982153,0.5789473684210527,0.14,1.288,11,5,85.22727272727273,0.5505131197828071,1.884,0.304,0.5124772081652889,0.5,1.608,1.884,2.186282157897949,-0.8201066255569458,0.7283820166038012,0.35150009393692017,0.012953815050423145,0.07538551092147827,0.0024009603841536613,6.392826080322266,0.3578646183013916,0.3807065854999628,0.762563943862915,0.1851053237915039,1.9278460772209627e-11,0.055222088835534214,0.5181628246138572,-0.38661822956251096,0.5862251465329716,-0.17020154906794735,0.30599766969680786,0.11622025072574615,0.22760528326034546,71.02272727272727,1.75,5,0.45,0.3333333333333333,0.31600000000000006,0.13711957474327935,0.308,0.4339226911520646,1.0,0.09716416868826659,0.32
v720s,18,10,119.04761904761905,0.020081599966977167,0.532,0.476,0.01777638883463119,0.0,0.264,1.164,19,9,120.96774193548387,0.049374307692428454,0.568,0.476,0.04440455726479382,0.0,0.472,0.568,6.56156063079834,-1.4203099012374878,0.6468995778554769,0.48570752143859863,0.04317097365856171,0.011761058121919632,0.01720688275310124,-0.24057507514953613,0.1179790049791336,0.33025259535691387,0.797892153263092,0.18691463768482208,1.5037096567915853e-11,0.018807523009203683,0.864770118627159,-0.36026757642550444,0.767248153034111,-0.038638146545830684,0.729579508304596,0.4686940908432007,0.14447231590747833,1.9201228878648209,0.95,1,0.7777777777777778,0.6666666666666666,0.12685714285714286,0.03233498137324596,0.128,0.2548928510925925,0.8947368421052632,0.38396839439583685,0.792
v721l,20,9,140.18691588785046,0.37630006600449634,0.892,0.2,0.20113235001416907,0.47368421052631576,0.664,0.892,19,11,134.52914798206277,0.3261652593102473,1.004,0.364,0.20187124609512866,0.3888888888888889,0.28,1.004,1.541823387145996,0.8564707636833191,0.601978936806659,0.34414079785346985,0.024583395570516586,0.001545096980407834,0.011604641856742696,-0.219879150390625,-0.396198034286499,0.31829956279619953,0.8616856336593628,0.13276830315589905,1.3273951382508642e-11,0.008003201280512205,0.36705668523686763,-0.8096547735309013,0.7068834842663608,0.21391800234427166,0.13156136870384216,0.11778081953525543,0.3078601360321045,5.6577679057876935,1.05,-2,0.75,1.0,0.25253333333333333,0.13907018212239297,0.256,0.5507002769880815,0.8947368421052632,0.1549401462201217,0.792
v725l,18,9,102.73972602739727,0.3004757809835187,0.82,0.22,0.18541844568434931,0.4117647058823529,0.228,0.82,15,8,92.87925696594426,0.30056240934538764,1.112,0.336,0.22810793666427034,0.42857142857142855,0.276,1.112,4.303210735321045,0.08564487844705582,0.5428719618090175,0.18294981122016907,0.06363491714000702,0.002911595394834876,0.02040816326530612,0.2906062602996826,0.2951658368110657,0.3051063323754307,0.7468289136886597,0.2415199726819992,1.8056719314207825e-11,0.04441776710684274,0.5623426004331797,-0.46042086658597847,0.6002598272981404,-0.23849152311640354,0.17688409984111786,0.2640925943851471,0.24334190785884857,9.860469061453003,1.1875,1,0.8333333333333334,0.8333333333333334,0.3488,0.12630713888507383,0.396,0.36211908045838026,1.0,0.30338585687194836,0.656
v726s,7,4,44.247787610619476,0.4559931589010018,2.908,0.708,1.2886979475424023,0.5,0.58,2.908,17,8,120.0,0.5019103580530926,1.176,0.3,0.3640014651985162,0.6875,0.42,1.176,3.8803906440734863,1.2759171724319458,0.5873248809141475,0.20666076242923737,0.022471623495221138,0.007058418355882168,0.010004001600640256,0.14171433448791504,-0.15458370745182037,0.33343831198714424,0.6588397026062012,0.3278214633464813,1.891184431279669e-11,0.025210084033613446,0.8172573947595189,0.4700886010432712,0.4365921476574414,-0.09253380250283974,0.16955427825450897,0.22774799168109894,0.31683412194252014,75.75221238938053,0.4444444444444444,-4,0.5714285714285714,0.5,0.41700000000000004,0.09997499687421851,0.402,0.23974818819361302,0.7058823529411765,0.17627444687915528,0.16
v727l,5,2,81.52173913043478,1.1305742654873718,4.704,0.216,3.4376488089002533,0.5,3.04,4.704,11,6,70.58823529411765,0.08497490769794284,1.004,0.704,0.14189197769195178,0.0,0.628,1.004,1.5312423706054688,0.19401110708713531,0.561903424193061,0.26362505555152893,0.10564185678958893,0.0009633764857426286,0.09483793517406963,-1.130317211151123,0.06697194278240204,0.25364415782960403,0.9020169973373413,0.08836878836154938,1.745168072553316e-11,0.018807523009203683,0.24207948183197714,-0.35029576642981736,0.889234575296756,0.3631750728403404,0.061376433819532394,0.7836715579032898,0.11265411972999573,10.93350383631713,0.5,-4,0.6,0.6,0.2933333333333333,0.07195060033723756,0.288,0.24528612915128278,0.36363636363636365,0.1354144950532768,0.544
v728s,14,6,93.75,0.36150946380681603,1.456,0.38,0.2530085637549317,0.3076923076923077,0.504,1.456,16,8,96.7741935483871,0.2090212741141474,0.756,0.34,0.1399877545665028,0.4,0.7,0.756,5.6320085525512695,1.165038824081421,0.5664110160133984,0.3023597300052643,0.0023029129952192307,0.0014890397433191538,0.027210884353741496,-0.7050673961639404,0.45737844705581665,0.29412848674801473,0.9571892023086548,0.03516605123877525,4.840098807856741e-12,0.022809123649459785,0.5543452301829286,-0.5929642255113027,0.8311151688768438,-0.136612108225669,0.2317885011434555,0.5753859877586365,0.10048821568489075,3.024193548387103,0.8823529411764706,-2,0.9285714285714286,0.8333333333333334,0.42553846153846153,0.1360591587308852,0.484,0.31973409651772866,0.8125,0.5159289592715596,0.68
b730s,6,3,37.59398496240601,0.24882606684200542,2.256,1.204,0.5318082361152372,0.8,0.936,2.256,8,4,49.3421052631579,0.2530315627878334,1.944,0.92,0.40428372875164453,0.42857142857142855,0.312,1.944,14.27191162109375,-0.3532056212425232,0.7143402614112251,0.39568644762039185,0.06393274664878845,0.022218912839889526,0.010804321728691477,-0.44054341316223145,0.8086507320404053,0.27662206170828796,0.7162753939628601,0.27671870589256287,3.755182796660872e-12,0.07523009203681473,0.9762783258442025,0.9432288345608486,0.9707986384747102,0.85378906968923,0.196234792470932,0.3552883565425873,0.055789150297641754,11.748120300751886,0.7777777777777778,-1,0.8333333333333334,0.8333333333333334,0.45120000000000005,0.0029933259094191557,0.452,0.006634144155757344,0.75,0.4260058336208132,0.672
t731l,19,8,134.52914798206277,0.38184879882701067,1.06,0.368,0.2081130914275443,0.3333333333333333,0.096,1.06,17,8,104.16666666666667,0.2827530480507194,1.024,0.388,0.1926572085337063,0.5,0.372,1.024,8.380778312683105,2.2837142944335938,0.7073882359566567,0.4249880313873291,0.012539027258753777,0.014412598684430122,0.03721488595438175,0.7120363712310791,-0.5916891694068909,0.3431740048263009,0.7537803649902344,0.20766662061214447,1.4624409322427923e-11,0.021608643457382955,0.976503310231607,0.878983397076563,0.52351236513295,-0.4951208813516841,0.09767758846282959,0.29452595114707947,0.052841607481241226,30.362481315396096,1.1111111111111112,0,0.7368421052631579,0.5,0.2977142857142857,0.15503521653916874,0.266,0.5207516695400981,0.9411764705882353,0.10238588694424432,0.0
v732s,14,7,85.71428571428572,0.036590162040865085,0.768,0.684,0.021908902300206656,0.0,0.388,0.768,14,7,85.22727272727273,0.037167739870300504,0.752,0.648,0.035421274210093945,0.0,0.564,0.752,9.841357231140137,1.4247297048568726,0.6939844748061368,0.4993491470813751,0.011354396119713783,0.0053743356838822365,0.0196078431372549,-1.1005678176879883,0.24757438898086548,0.2678218557219623,0.9670644998550415,0.016173647716641426,8.706851212236799e-12,0.009603841536614645,0.663166195753355,-0.4604217460895608,0.9883625912991637,0.9611620977450916,0.5090579986572266,0.8532745242118835,0.16204163432121277,0.4870129870129887,1.0,0,0.9285714285714286,0.8333333333333334,0.4498461538461539,0.03485761400953699,0.46,0.07748785431781118,0.9285714285714286,0.49371727847946284,0.648
v733l,8,2,78.125,0.01617870163373094,0.796,0.76,0.012858201014657285,0.0,3.992,3.992,14,8,79.7872340425532,0.1453764822404656,0.8,0.52,0.06816646291738089,0.3076923076923077,0.424,0.8,7.644062042236328,2.349512815475464,0.5879651521253213,0.40315738320350647,0.004959524609148502,0.0008430069428868592,0.02921168467386955,-0.9184529781341553,0.37149080634117126,0.26778877232157283,0.9479588270187378,0.04200897365808487,2.5315768578670905e-11,0.01840736294517807,0.9864145182386284,0.9072329208875168,0.9087264125179894,0.2877414320967782,0.4180966317653656,0.6011472940444946,0.033858560025691986,1.6622340425531945,0.6,-6,1.0,1.0,0.34099999999999997,0.023558437978779493,0.346,0.06908632635752561,0.5714285714285714,0.477117411668048,0.656
b734s,11,5,77.12082262210797,0.3559708138028031,1.616,0.62,0.33998954232283224,0.5,0.404,1.616,10,4,72.81553398058253,0.32240138816085856,1.628,0.668,0.33918136741277516,0.3333333333333333,0.36,1.628,11.300485610961914,2.291003704071045,0.5980033862162214,0.392606258392334,0.0821705013513565,0.00023505717399530113,0.06202480992396959,-0.6704509258270264,0.10832464694976807,0.33775844552709294,0.7694112062454224,0.2228717803955078,2.4207861409886178e-11,0.040416166466586634,0.9945739398126705,0.9762082653342058,0.9707720103956158,0.9302994682958693,0.1195821762084961,0.461668461561203,0.10150179266929626,4.305288641525436,1.0909090909090908,1,0.6363636363636364,0.3333333333333333,0.3485714285714285,0.1128828180559154,0.352,0.3238441408698025,0.7,0.15701445466669262,0.56
a735l,1,0,0.0,0.0,10.0,10.0,0.0,1.0,9.38,9.38,13,6,80.0,0.027797031399577288,0.788,0.728,0.02661510165984037,0.0,0.68,0.788,40.97495651245117,-5.886722564697266,0.43494965615852693,0.06121797859668732,0.09121829271316528,0.0002335331228096038,0.7543017206882753,-1.095059871673584,-0.16621291637420654,0.2526867585946969,0.9618707895278931,0.028639957308769226,1.1478244570095608e-11,0.008403361344537815,0.0,0.0,0.985935568313178,0.9589203803748113,0.021611174568533897,0.8275336027145386,0.0,80.0,0.14285714285714285,-6,1.0,1.0,0.132,-1.0,0.132,-1.0,0.07692307692307693,0.11744760579628194,0.36
v736s,2,0,35.37735849056604,0.0,1.696,1.696,0.0,0.0,7.424,7.424,9,4,51.90311418685121,0.16356605366847543,1.396,0.76,0.27441366063455574,0.375,0.54,1.396,5.609972953796387,-0.7685321569442749,0.5015629539463531,0.15903806686401367,0.1482456773519516,0.001812594709917903,0.06442577030812324,-0.7866973876953125,-0.006868994329124689,0.2637896766617671,0.5846296548843384,0.40776222944259644,1.561458254362158e-11,0.026810724289715888,0.0,0.0,0.8937971276532031,0.6816502661852913,0.17484869062900543,0.46411997079849243,0.19663266837596893,16.525755696285174,0.3,-4,0.5,0.5,0.276,-1.0,0.276,-1.0,0.2222222222222222,0.17024707182096746,0.504
t737l,22,12,148.5148514851485,0.3069085759978118,0.828,0.328,0.10961021850174371,0.23809523809523808,0.088,0.828,22,13,150.0,0.2689663680952243,0.704,0.332,0.06126010120788243,0.23809523809523808,0.352,0.704,3.503504753112793,1.5706533193588257,0.6658171388181796,0.4632631838321686,0.00948528666049242,0.003399134147912264,0.015606242496998799,-0.4043006896972656,0.8007178902626038,0.34613756857118877,0.9382463097572327,0.02105129510164261,7.128621911517419e-12,0.018807523009203683,0.8960694171798974,0.7970344595194158,0.8180313296753609,0.5201723033424864,0.16902102530002594,0.4876733422279358,0.06063893064856529,1.4851485148514882,1.0,-1,0.9545454545454546,0.8333333333333334,0.36800000000000005,0.09818932150260973,0.416,0.2668188011804938,0.9545454545454546,0.6493961670559557,0.576
v738s,8,4,52.631578947368425,0.01505697124280405,1.156,1.1,0.028751811537130346,0.0,1.128,1.156,8,4,53.0035335689046,0.016681182731850475,1.168,1.108,0.028890598240027127,0.0,0.964,1.168,5.109846115112305,-0.7065988779067993,0.569273331663458,0.34723663330078125,0.07679286599159241,0.0018706766422837973,0.028411364545818326,-0.7799332141876221,0.20801706612110138,0.2784446133461072,0.7316808104515076,0.26268038153648376,8.637338240469195e-12,0.03041216486594638,0.9971462344901529,0.9930035982722246,0.9890709550194795,0.9685052562933355,0.7207506895065308,0.8278066515922546,0.019747676327824593,0.371954621536176,1.0,0,0.0,0.0,-1.0,-1.0,-1.0,-1.0,1.0,0.44382162435732747,0.168
t739l,23,13,151.5151515151515,0.2145344968564656,0.652,0.268,0.11123206115401903,0.36363636363636365,0.348,0.652,12,6,63.29113924050633,0.3346799940011877,1.148,0.336,0.3679760861795233,0.45454545454545453,0.436,1.148,2.851590156555176,-1.753793716430664,0.5332780334888024,0.3845844566822052,0.0072837392799556255,0.0002159601281164214,0.08323329331732693,-0.024114370346069336,0.3227790892124176,0.27401513272305306,0.7795950174331665,0.2153347134590149,2.7860485186242956e-12,0.037615046018407365,0.9614239764638144,0.7920122457610206,0.704600342890064,-0.17336670873366158,0.416946679353714,0.22746266424655914,0.07630305737257004,88.22401227464516,1.8461538461538463,7,0.4782608695652174,0.5,0.32945454545454544,0.10980011892389953,0.32,0.3332784965513963,1.0,0.07762950898513002,0.184
a740s,8,4,47.3186119873817,0.012214803496180838,1.296,1.24,0.02693201316896557,0.0,0.18,1.296,8,4,47.61904761904762,0.016353956778533563,1.284,1.22,0.033346664001066166,0.0,0.74,1.284,14.407787322998047,1.2066632509231567,0.7103262997039717,0.5028030872344971,0.03986306115984917,0.008534645661711693,0.006802721088435374,-0.3714432716369629,0.9610456228256226,0.2662046574765606,0.5994856953620911,0.3996782898902893,1.6584260006946572e-11,0.07322929171668667,0.7276245701376898,-0.4745744172597497,0.9939021642057335,0.9781331220609504,0.597578763961792,0.8741348385810852,0.2510204315185547,0.3004356316659198,1.0,0,0.875,0.8333333333333334,0.3942857142857143,0.09571044768424379,0.452,0.24274388289769375,0.875,0.48052485647158844,0.72
t741l,22,14,168.53932584269663,0.3050008328743017,0.64,0.312,0.07454931253874846,0.38095238095238093,0.224,0.64,20,12,132.7433628318584,0.29342295041784594,0.688,0.304,0.06278711828251254,0.7894736842105263,0.324,0.688,9.075573921203613,2.812288522720337,0.682173529005277,0.5901813507080078,0.0024863320868462324,0.007412790786474943,0.01800720288115246,-0.4255061149597168,0.8810336589813232,0.3451346689193824,0.9312163591384888,0.015515576116740704,1.4742587359228843e-11,0.024009603841536616,0.9679076399432506,0.8823311097073256,0.7361593132130602,0.15129152900848872,0.2795122563838959,0.6434767842292786,0.09053084999322891,35.79596301083822,1.0952380952380953,2,0.9090909090909091,0.6666666666666666,0.358,0.1525437642121106,0.446,0.426099888131597,0.95,0.6077318166974268,0.6
t742s,19,11,154.63917525773195,0.4494352529319237,1.16,0.332,0.3659160945289154,0.2222222222222222,0.084,1.16,7,4,79.57559681697613,0.599900957504158,2.296,0.524,0.5425333169492911,0.6666666666666666,2.956,2.956,4.2195000648498535,0.20360389351844788,0.6048695666915974,0.34347161650657654,0.1253654658794403,0.006524739786982536,0.008403361344537815,4.628066539764404,-0.572669267654419,0.29622644695271244,0.6391524076461792,0.3403761386871338,1.8545862762175958e-11,0.1444577831132453,0.713132586108427,-0.539881401922564,0.34268798008589013,-0.13366168415822055,0.3369460105895996,0.18528325855731964,0.25556328892707825,75.06357844075582,2.5,7,0.42105263157894735,0.0,0.313,0.18701604209265046,0.324,0.5974953230597356,0.8571428571428571,0.056524504722257736,0.0
v743l,13,5,81.30081300813008,0.31683855753030443,0.892,0.284,0.3308699277524464,0.5,1.832,1.832,15,7,94.04388714733543,0.12766069058911178,0.836,0.52,0.13464026143765465,0.14285714285714285,0.6,0.836,1.158891201019287,-0.473615437746048,0.45757853016310196,0.07267621904611588,0.12697653472423553,0.00013304622552823275,0.02921168467386955,2.496366500854492,0.6095784306526184,0.28962319357952265,0.8803635835647583,0.10763509571552277,4.873716881459433e-12,0.013205282112845138,0.1286014889790783,-0.3773023486231828,0.8898209646894069,0.589017753611611,0.10961015522480011,0.41642749309539795,0.18237151205539703,12.743074139205348,0.875,-2,0.9230769230769231,1.0,0.36366666666666664,0.12883538161373043,0.37,0.35426776738144666,0.8,0.14379172345649338,0.048
t744s,24,12,145.63106796116506,0.09682966094407633,0.536,0.352,0.04037100669810184,0.043478260869565216,0.116,0.536,23,12,141.50943396226415,0.09907808526108958,0.508,0.344,0.04927667273863442,0.0,0.412,0.508,7.358502388000488,2.608949899673462,0.6422266979295574,0.520758867263794,0.004743840079754591,0.001998234074562788,0.017607042817126852,0.11981439590454102,0.4506489038467407,0.3652259601831752,0.771852970123291,0.13182063400745392,1.1937771084158388e-11,0.021208483393357343,0.9784056552357616,0.9541552547788034,0.7884830416265974,0.28519654715005693,0.3179602324962616,0.45375844836235046,0.0849333107471466,4.121633998900904,1.0416666666666667,0,0.9166666666666666,0.6666666666666666,0.3692727272727273,0.1732906601423227,0.494,0.469275531744274,1.0,0.6064984999578474,0.656
t745l,2,2,17.18213058419244,0.0,3.492,3.492,0.0,0.0,0.42,6.088,9,5,62.761506276150634,0.3957002423865888,1.768,0.616,0.49133753309570344,0.75,0.684,1.768,18.01333999633789,2.5061190128326416,0.6110577522862646,0.26635465025901794,0.030850602313876152,0.003882746445015073,0.024809923969587835,3.032240867614746,0.6743743419647217,0.34797017412549,0.75041264295578,0.2291339635848999,2.2641775607179504e-11,0.06362545018007203,0.0,0.0,0.6252762708478069,0.17275098911974646,0.13187803328037262,0.15459558367729187,0.40076735615730286,45.57937569195819,0.3,-3,0.0,0.0,-1.0,-1.0,-1.0,-1.0,0.0,0.056633598659020803,0.024
a746s,2,1,20.97902097902098,0.0,2.86,2.86,0.0,0.0,4.436,4.436,14,7,97.40259740259741,0.43444852441400844,1.724,0.508,0.3847007495010462,0.15384615384615385,0.104,1.724,26.59315299987793,2.347968101501465,0.5565790590721994,0.2921774387359619,0.021390549838542938,0.002483322750777006,0.01920768307322929,-0.0273592472076416,0.28786957263946533,0.3578087692294944,0.6025639772415161,0.35089731216430664,5.023408772286686e-12,0.035214085634253704,0.0,0.0,0.7930543941581032,0.2534353830070335,0.25867611169815063,0.4082578420639038,0.5326552987098694,76.42357642357643,0.2,-6,0.5,0.5,0.4,-1.0,0.4,-1.0,0.07142857142857142,0.11988219870457792,0.0
t747l,23,13,146.34146341463415,0.20027418969777558,0.736,0.344,0.08849643522548832,0.09090909090909091,0.136,0.736,14,9,93.16770186335404,0.47108293418525665,1.676,0.356,0.44992443810044375,0.5384615384615384,0.568,1.676,1.0265040397644043,1.1340364217758179,0.43081698089896686,0.2183348536491394,0.002135250251740217,0.000257850915659219,0.035214085634253704,1.4437122344970703,0.4469957649707794,0.29679627630032973,0.8616908192634583,0.1271059364080429,3.6221903948474576e-11,0.029611844737895156,0.9721420418540585,0.9086181944068508,0.7122557340706693,0.05402832760749683,0.6519485116004944,0.3407435417175293,0.14281511306762695,53.17376155128011,1.6,4,0.782608695652174,0.6666666666666666,0.33666666666666667,0.19077968678265747,0.20400000000000001,0.5666723201463394,0.9285714285714286,0.24300907182872625,0.76
v748s,18,10,94.33962264150944,0.19229893027206035,0.644,0.352,0.06990708118638625,0.29411764705882354,0.24,0.644,18,10,93.75,0.19896039084699818,0.648,0.356,0.0738850458482635,0.35294117647058826,0.204,0.648,3.2349462509155273,-1.681060552597046,0.5001827746337416,0.2681528925895691,0.002593634184449911,0.0009621052304282784,0.03041216486594638,-0.867344856262207,0.5594539046287537,0.30894340530423814,0.9636603593826294,0.006941028404980898,1.534903974753643e-11,0.009603841536614645,0.9507633335234795,0.8335228913718816,0.8276698995154573,0.26850213792618666,0.20466291904449463,0.6370160579681396,0.19037607312202454,0.5896226415094361,1.0,0,0.9444444444444444,0.8333333333333334,0.41505882352941176,0.11664751861319606,0.464,0.28103851596482216,0.9444444444444444,0.6210527567117154,0.616
a750s,7,0,100.0,0.394292612313744,1.124,0.344,0.35072952541809205,0.6666666666666666,6.024,6.024,13,6,86.45533141210375,0.4267578457577872,1.608,0.3,0.4903727710073782,0.4166666666666667,0.492,1.608,-0.5418851375579834,-0.3456732928752899,0.40334138873733494,0.050639860332012177,0.281710147857666,0.001451645977795124,0.1448579431772709,0.2999272346496582,0.020446164533495903,0.322675272152257,0.724748432636261,0.26044028997421265,4.675715110230572e-12,0.04721888755502201,0.447586784832195,-0.7607943862498106,0.651716352827303,0.017753492985708982,0.22914674878120422,0.3309793174266815,0.10302092134952545,13.544668587896254,0.5714285714285714,-6,0.8571428571428571,0.8333333333333334,0.3446666666666667,0.10758975581139478,0.368,0.3121559555797927,0.5384615384615384,0.2246870227076572,0.592
t752s,22,12,150.0,0.2639914508745442,0.696,0.36,0.056142675390472796,0.23809523809523808,0.184,0.696,20,12,148.5148514851485,0.2969526362596364,0.736,0.336,0.10255405078949018,0.3684210526315789,0.436,0.736,7.3744354248046875,2.7630417346954346,0.5910025949701698,0.5609968304634094,0.001964867115020752,0.0002551368379499763,0.04241696678671469,-0.3526160717010498,0.3411259949207306,0.3611345317604644,0.8706738352775574,0.09142369776964188,9.940210980718955e-12,0.014805922368947578,0.9886696456252164,0.963702195372764,0.7876040506477251,0.5646429772131774,0.4177064597606659,0.3207659423351288,0.07029429823160172,1.4851485148514882,1.0952380952380953,0,0.9090909090909091,0.6666666666666666,0.3322,0.17627921034540628,0.41000000000000003,0.5306417972275386,0.95,0.5021250539780963,0.648
b753l,8,4,45.31722054380664,0.017333447022358332,1.352,1.28,0.03874704289792107,0.0,0.136,1.352,21,11,131.00436681222706,0.24694786633732785,0.684,0.3,0.21592006318128598,0.5,0.22,0.684,30.90426254272461,5.309020042419434,0.6639276470013905,0.5361204743385315,0.02526598796248436,0.00023223749303724617,0.10644257703081232,-0.1434469223022461,-0.043435804545879364,0.42028627676226926,0.6678479313850403,0.026400305330753326,1.4215331169131762e-11,0.01800720288115246,0.9938592756457371,0.9800102889497382,0.6396539742507836,0.28653597994534297,0.4931546449661255,0.45708394050598145,0.010834080167114735,85.68714626842042,0.4090909090909091,-7,0.75,0.8333333333333334,0.41,0.0068313005106397165,0.41,0.01666170815615277,0.42857142857142855,0.3314130092616434,0.52
t755l,25,13,139.53488372093022,0.17533970167578183,0.524,0.26,0.08966022820481294,0.3333333333333333,0.036,0.524,15,4,138.88888888888889,1.328361613112311,3.964,0.316,0.9903211600284021,0.21428571428571427,0.128,3.964,7.597695350646973,2.7638285160064697,0.6227051285997443,0.5013967156410217,0.013162543065845966,0.003100095083937049,0.012805122048819529,8.860588073730469,-1.9934356212615967,0.36223199837883857,0.746146023273468,0.18934310972690582,7.595258623427359e-12,0.11884753901560624,0.9751464875168141,0.8690777105196924,0.7136441315904014,0.16425883223464646,0.4800261855125427,0.2178104966878891,0.11868539452552795,0.6459948320413389,1.625,9,0.56,0.0,0.42457142857142854,0.06456637148338609,0.456,0.15207422265764034,1.0,0.2865048340425995,0.608
v758s,19,11,98.6842105263158,0.28357820235354253,0.676,0.272,0.11880978371280017,0.2777777777777778,0.428,0.676,15,7,98.36065573770492,0.3992082874279045,1.676,0.56,0.4238606447334385,0.07142857142857142,0.156,1.676,5.799868583679199,-1.0327730178833008,0.5320022172665104,0.20837488770484924,0.0024335086345672607,0.011854805052280426,0.0196078431372549,-0.8598415851593018,0.06182892993092537,0.2659163807558942,0.9065181612968445,0.08769277483224869,2.2915565278669447e-11,0.020008003201280513,0.7401235981882723,-0.005595372037691819,0.9193534875954887,0.5603041930646796,0.4320733845233917,0.6265148520469666,0.3112357258796692,0.3235547886108776,1.25,4,0.8421052631578947,0.6666666666666666,0.47625,0.09813733998840606,0.512,0.20606265181685993,1.0,0.33246380654626784,0.136
t760s,21,11,149.25373134328356,0.287056128892851,0.876,0.332,0.19825130251115228,0.25,0.428,0.876,22,13,151.5151515151515,0.24023123888452616,0.716,0.332,0.12485191228010886,0.23809523809523808,0.236,0.716,2.9301843643188477,1.0810670852661133,0.6200942897580997,0.5330471992492676,0.0045533753000199795,0.0006924769841134548,0.026410564225690276,-0.4745938777923584,0.5959382653236389,0.3629235703433436,0.8971439003944397,0.05400907248258591,1.2981403278711223e-11,0.0056022408963585435,0.966743179123588,0.8252629865124925,0.7582425215825506,0.37983053427083263,0.2659633457660675,0.25020045042037964,0.04966321960091591,2.2614201718679396,0.9565217391304348,-2,0.9523809523809523,0.8333333333333334,0.3036,0.1834683623952642,0.314,0.6043094741507559,0.9545454545454546,0.5992568990509527,0.632
v761l,9,2,84.50704225352113,1.0128734698246442,4.328,0.512,1.9204564933518133,0.375,0.372,4.328,13,7,86.45533141210375,0.20627057592184112,1.008,0.524,0.17859654888246657,0.3333333333333333,0.156,1.008,17.583850860595703,3.6787302494049072,0.6352967567188854,0.402664452791214,0.006287888158112764,0.0076499516144394875,0.022008803521408563,0.03485512733459473,0.9268789291381836,0.3407402695903776,0.9291660189628601,0.04914214089512825,1.1416061672375744e-11,0.04801920768307323,0.9784220536585904,0.8646585595933333,0.9813766329778116,0.9317656051628647,0.255718469619751,0.18317359685897827,0.03706557676196098,1.948289158582611,0.7142857142857143,-5,0.8888888888888888,0.8333333333333334,0.5515,0.034025725561698146,0.562,0.06169669074293969,0.6153846153846154,0.5178822048264458,0.744
t762s,22,14,156.25,0.31709388034823416,0.72,0.316,0.11070682002478437,0.38095238095238093,0.088,0.72,16,9,94.33962264150944,0.38256082794608104,1.14,0.32,0.33038159755046886,0.4666666666666667,0.404,1.14,1.5388259887695312,1.3977289199829102,0.4817628825368976,0.26033782958984375,0.009123697876930237,0.0002932319766841829,0.03961584633853541,0.8511571884155273,0.4749754071235657,0.3702269672893212,0.7886493802070618,0.17833590507507324,1.0512278547647469e-11,0.03241296518607443,0.9688792846864264,0.9001517219205233,0.7309861400415972,0.29520114194978025,0.46311742067337036,0.3486839830875397,0.1257067173719406,61.910377358490564,1.3529411764705883,5,0.8181818181818182,0.6666666666666666,0.3533333333333333,0.15622206416935264,0.45799999999999996,0.44213790494709515,0.9375,0.39305699666610305,0.664
v763l,12,6,96.15384615384616,0.5702641852741052,1.912,0.404,0.7376828586865768,0.8181818181818182,0.548,1.912,8,4,51.90311418685121,0.3658915976146223,2.056,0.832,0.824254006157487,0.5714285714285714,0.228,2.056,1.529310703277588,-0.2820066511631012,0.554844414755415,0.3613125681877136,0.0033916891552507877,0.006771834567189217,0.011604641856742696,1.4730010032653809,-0.1600240021944046,0.3004588879989015,0.5931381583213806,0.3532327711582184,4.266099626337727e-12,0.03681472589035614,0.8414120790937599,-0.09867559685951857,0.5893631862910571,-0.04874707105576428,0.24589987099170685,0.2594752907752991,0.2616995871067047,44.25073196699495,1.4444444444444444,2,0.4166666666666667,0.3333333333333333,0.31520000000000004,0.09375371992619812,0.284,0.29744199540538757,0.875,0.13570914873127934,0.392
b764s,6,3,32.32758620689655,0.17141264373803003,1.924,1.304,0.3141146287583562,0.4,0.884,1.924,8,5,54.15162454873646,0.30691489549802936,1.92,0.748,0.482197746434662,0.42857142857142855,0.096,1.92,24.755735397338867,3.9996299743652344,0.6950647552424905,0.36278659105300903,0.09111301600933075,0.010243856348097324,0.054821928771508606,0.4705638885498047,1.125496745109558,0.2659960387095592,0.5849481225013733,0.4136240780353546,1.3070071067100564e-11,0.07643057222889156,0.9957101694147162,0.991655421360724,0.9638441627015968,0.8751938088666258,0.18580365180969238,0.28538748621940613,0.027258988469839096,21.82403834183991,0.7777777777777778,-2,1.0,1.0,0.47866666666666663,0.13120298099594468,0.53,0.2741009295019542,0.75,0.4824238823418447,0.792
v766s,12,6,64.93506493506493,0.24063673381729397,1.116,0.504,0.3458947816894612,0.36363636363636365,0.272,1.116,9,5,64.1025641025641,0.2835242611409699,1.676,0.88,0.5829403301980645,0.375,0.38,1.676,14.15362548828125,-2.3569061756134033,0.5798961537357854,0.32986947894096375,0.28173962235450745,0.0007377084111794829,0.022408963585434174,-0.7840168476104736,-0.36368417739868164,0.26283620876599717,0.7416319251060486,0.2562553882598877,1.0160006516657383e-11,0.027210884353741496,0.7274426371164728,-0.2690181174839167,0.9722202295473489,0.8966002852696785,0.08609356731176376,0.4271365702152252,0.49437329173088074,0.832500832500827,1.3,1,0.5,0.5,0.208,0.023094010767585032,0.21,0.11102889258315436,0.8888888888888888,0.18352978828406877,0.464
v767l,19,11,122.44897959183673,0.49500418080263914,1.208,0.228,0.34646449610143826,0.7222222222222222,0.092,1.208,15,8,100.33444816053512,0.36527354088798825,1.24,0.356,0.3496600546904863,0.5,0.188,1.24,4.496894359588623,1.377074956893921,0.6811514237950625,0.5762129426002502,0.010676758363842964,0.00897726509720087,0.004401760704281713,0.24920392036437988,0.2447347342967987,0.3382577470802436,0.716362714767456,0.24076339602470398,1.8843654067679516e-11,0.01640656262505002,0.6344039892071385,-0.4153592390500381,0.5833869683789348,-0.15078058946807812,0.25484710931777954,0.16789935529232025,0.33559277653694153,22.114531431301614,1.25,3,0.6842105263157895,0.5,0.3,0.13993405040067433,0.348,0.46644681912068714,0.8,0.09375734619966364,0.616
f768s,7,2,54.94505494505494,0.37559952941338265,2.252,0.836,0.49643529286302757,0.3333333333333333,1.48,2.252,12,6,69.12442396313364,0.44104910065233127,1.492,0.316,0.4902228064870095,0.6363636363636364,0.632,1.492,2.022317886352539,0.4160589873790741,0.5952089559851428,0.38256770372390747,0.021099165081977844,0.0019093021983280778,0.014405762304921969,-0.8298165798187256,0.45730432868003845,0.27858667862323416,0.7562863230705261,0.2393377423286438,3.9978506616300535e-12,0.020808323329331732,0.8653888193389554,0.6923323932382446,0.5896449710411293,-0.5593786186890415,0.235703706741333,0.4482475221157074,0.08678378164768219,14.179369018078695,0.6153846153846154,-4,1.0,1.0,0.4011428571428572,0.13931611389870424,0.48,0.3472979960755235,0.75,0.4060747623833112,0.768
v769l,17,11,131.57894736842104,0.345936801510457,0.892,0.4,0.09698384745238078,0.375,0.288,0.892,14,9,75.37688442211055,0.3236673793728436,0.936,0.416,0.13192927398168056,0.46153846153846156,0.44,0.936,3.1800618171691895,1.5130597352981567,0.3924989702242405,0.1771519035100937,0.006384789478033781,0.00017724539793562144,0.07803121248499399,-0.6121420860290527,0.47025617957115173,0.2727820886112646,0.9290722012519836,0.059882476925849915,2.4973528453542393e-11,0.030012004801920768,0.871631703185002,0.6738690967067743,0.7871558305589689,0.13810218474371797,0.7223436236381531,0.7654469013214111,0.29696550965309143,56.20206294631049,1.2,2,0.8235294117647058,0.6666666666666666,0.35857142857142854,0.17911915997287325,0.472,0.4995354919691747,1.0,0.4309860640537927,0.672
v770s,1,0,0.0,0.0,10.0,10.0,0.0,1.0,6.784,6.784,14,5,106.38297872340426,0.47107096347148053,1.52,0.384,0.40263631232167824,0.46153846153846156,1.156,1.52,16.925493240356445,0.37050414085388184,0.5158682162747584,0.1947474628686905,0.0410686731338501,0.003544046776369214,0.023609443777511004,1.4518394470214844,-0.3305877447128296,0.3496502952798143,0.761405885219574,0.1885015219449997,1.506762943581652e-11,0.03081232492997199,0.0,0.0,0.463108642000907,-0.19917751416341753,0.40004974603652954,0.21505217254161835,0.0,106.38297872340426,0.13333333333333333,-5,0.0,0.0,-1.0,-1.0,-1.0,-1.0,0.14285714285714285,0.25199324896149466,0.792
t771l,25,13,166.66666666666669,0.2563448717739196,0.564,0.284,0.17531685600648902,0.5,0.124,0.564,9,5,50.505050505050505,0.2003341965117528,1.26,0.564,0.17727460538465661,0.125,0.944,1.26,0.029201030731201172,-0.6969031691551208,0.5297300321415799,0.23802168667316437,0.012250501662492752,0.0017616519471630454,0.013205282112845138,-0.9314122200012207,0.257205605506897,0.24313833069138116,0.5729700326919556,0.4236612319946289,1.865246672394516e-11,0.037615046018407365,0.8415477860194557,0.35673531479754844,0.9309891808587686,0.7487233917186283,0.738664448261261,0.703522801399231,0.1366681158542633,116.16161616161618,2.6,8,0.48,0.3333333333333333,0.315,0.1584013888827999,0.33599999999999997,0.5028615360450303,0.8888888888888888,0.18456506502618408,0.704
v773l,9,3,66.815144766147,0.7086349246260699,3.168,0.576,0.8273192508682141,1.0,0.524,3.168,17,9,101.35135135135135,0.21370197688422854,0.812,0.336,0.18372443132764535,0.375,0.552,0.812,3.2678933143615723,1.3115099668502808,0.6152686246740179,0.32743656635284424,0.006825798191130161,0.002737579168751836,0.014405762304921969,1.2974929809570312,-0.053121089935302734,0.3774897618802753,0.7499261498451233,0.20238043367862701,2.0562806665735955e-11,0.023609443777511004,0.9312034416823217,0.7600458661328148,0.6331289554983965,-0.13086999087578688,0.2655094861984253,0.18293671309947968,0.21443705260753632,34.536206585204354,0.5555555555555556,-6,0.8888888888888888,0.8333333333333334,0.475,0.04546427168667722,0.48,0.09571425416744143,0.47058823529411764,0.26477193149678474,0.016
v775l,18,13,161.29032258064515,0.8443864470393421,2.012,0.212,0.557876330381564,0.7647058823529411,0.264,2.012,12,4,92.5925925925926,0.4590476020225503,1.576,0.324,0.40641456666807607,0.45454545454545453,0.84,1.576,-0.06171536445617676,0.4898713231086731,0.6094020784758644,0.24220365285873413,0.08223247528076172,0.018451040610671043,0.0468187274909964,1.625199317932129,0.6762648820877075,0.3543523057842585,0.6276041865348816,0.31886741518974304,7.398412611714367e-12,0.04721888755502201,0.35764528331143025,-0.17918976548599982,0.6236601843230459,0.10716236959696236,0.13741683959960938,0.20252437889575958,0.15043936669826508,68.69772998805256,1.4615384615384615,9,0.5555555555555556,0.16666666666666666,0.4048,0.15166067387427765,0.434,0.3746558056514812,0.75,0.14873751938494822,0.696
a778s,3,0,81.08108108108108,0.21621621329437551,0.9,0.58,0.32000000000000006,1.0,7.456,7.456,16,8,86.70520231213874,0.21400338918435466,0.82,0.42,0.23469859090209416,0.4,0.448,0.82,30.001270294189453,5.127377033233643,0.5212462882144342,0.16250863671302795,0.08586530387401581,0.0006762625416740775,0.6306522609043618,-0.7218501567840576,-0.23864911496639252,0.32211609823749243,0.8538091778755188,0.13660824298858643,1.5503725039889282e-11,0.01600640256102441,0.7001141596266613,0.1979982458616543,0.6626347352467366,-0.14287339684553513,0.45136967301368713,0.41017401218414307,0.36049383878707886,5.624121231057657,0.23529411764705882,-8,1.0,1.0,0.38799999999999996,0.14381469558660082,0.38,0.37065642237122837,0.1875,0.139965057407795,0.0
a780s,18,9,109.4890510948905,0.2955322552929471,0.844,0.144,0.29595945668283685,0.35294117647058826,0.404,0.844,11,7,87.97653958944282,0.584261686306781,1.828,0.372,0.7457303653317181,0.8,0.56,1.828,3.5016236305236816,0.3273528814315796,0.4550130198765364,0.12091058492660522,0.20728011429309845,0.0037066747900098562,0.012805122048819529,0.7290081977844238,0.35937222838401794,0.2684876913788916,0.45477718114852905,0.5331923961639404,1.2153007766801949e-11,0.028011204481792718,0.4559718262730751,-0.531577550795307,0.5010274717423157,-0.3574789155568633,0.38242438435554504,0.5254853367805481,0.4613264203071594,21.512511505447677,1.5833333333333333,2,0.4444444444444444,0.5,0.3695,0.18899669309276285,0.41800000000000004,0.5114930662458246,1.0,0.05938194607281647,0.792
v781l,18,9,106.38297872340426,0.060685833651968675,0.672,0.548,0.02280350850198278,0.0,0.156,0.672,18,9,107.91366906474819,0.2063154036844972,0.676,0.304,0.1240644993541666,0.35294117647058826,0.216,0.88,0.4666750431060791,-0.5619953870773315,0.5436559524673378,0.2128528654575348,0.02922334522008896,0.008836062625050545,0.006402561024409764,-0.8140225410461426,-0.19963601231575012,0.3344602668182659,0.7725013494491577,0.20713025331497192,7.895568747418036e-12,0.01640656262505002,0.9362337195743624,0.3086700467928217,0.5132516695953029,-0.33875686923763954,0.5742483735084534,0.38661617040634155,0.11247438192367554,1.5306903413439272,1.0,0,0.9444444444444444,0.8333333333333334,0.3847058823529411,0.12319079640273092,0.432,0.32022071627047466,1.0,0.24673803352428453,0.632
v782s,3,2,23.790642347343375,0.23235527267107348,3.108,1.936,1.1720000000000002,1.0,0.172,4.784,10,3,61.98347107438017,0.4242436366444141,1.812,0.456,0.3912416133286438,0.7777777777777778,0.924,1.812,11.334086418151855,1.8212414979934692,0.5528779288431741,0.21926334500312805,0.10459635406732559,0.0005427818978205323,0.01800720288115246,6.755626678466797,1.3105857372283936,0.380263310900199,0.6521171927452087,0.27336132526397705,4.828622744701416e-12,0.0860344137655062,0.0,0.0,0.5426568961305404,0.17169294823125242,0.16632011532783508,0.34511062502861023,0.4018843173980713,38.1928287270368,0.36363636363636365,-1,0.0,0.0,-1.0,-1.0,-1.0,-1.0,0.1,0.22003209100891133,0.096
v783l,15,6,109.09090909090908,0.4004011005721826,1.136,0.4,0.3291499541359414,0.9285714285714286,0.232,1.136,15,8,83.33333333333334,0.2942260778342251,0.92,0.32,0.27050949080463815,0.42857142857142855,0.536,0.92,7.302394866943359,1.4337379932403564,0.609011909178544,0.40765219926834106,0.020971765741705894,0.0004691524081863463,0.035214085634253704,-0.5438055992126465,-0.29522934556007385,0.2929444877031673,0.8290520310401917,0.16447150707244873,2.294018447424051e-11,0.020008003201280513,0.6050221961056945,-0.8203845928891829,0.6318579932970874,-0.22484540729848843,0.22651344537734985,0.2010606974363327,0.1325092762708664,25.757575757575736,1.0,-2,0.8666666666666667,0.8333333333333334,0.4003076923076923,0.1577492580089265,0.372,0.3940700043979523,0.9333333333333333,0.08482821505784839,0.768
v784s,10,5,62.24066390041494,0.00644236268835845,0.968,0.948,0.005656854249492385,0.0,0.932,0.968,10,5,62.5,0.012880025554021528,0.972,0.932,0.018708286933869677,0.0,0.532,0.972,20.92009162902832,4.335033893585205,0.6454129301452485,0.5055298805236816,0.012598506174981594,0.0017446470446884632,0.041616646658663464,-1.114229679107666,0.42383086681365967,0.23978259975551294,0.9034453630447388,0.09318922460079193,1.849513814669579e-12,0.007603041216486595,0.9960373010919155,0.9863910205516472,0.9960305761096647,0.9834285769132528,0.8407580852508545,0.8887032270431519,0.01230464968830347,0.2593360995850631,1.0,0,1.0,1.0,0.15719999999999998,0.0067052218456960895,0.16,0.04265408027452473,1.0,0.4861668208412419,0.4
a785l,19,11,123.96694214876034,0.35153814425664,0.84,0.248,0.2134489882576989,0.7222222222222222,0.168,0.84,14,7,85.71428571428572,0.282996971682007,1.376,0.428,0.3136877428271624,0.15384615384615385,0.276,1.376,2.981635570526123,0.7557722926139832,0.7596362916408259,0.3466190695762634,0.004323191940784454,0.1319236010313034,0.0020008003201280513,-0.15517759323120117,0.5801999568939209,0.31780941288497483,0.8030316829681396,0.179292693734169,9.266773980109999e-12,0.03081232492997199,0.584048130660467,-0.1297380344259464,0.8710697363548009,0.7237929083838145,0.4006330966949463,0.6297146677970886,0.30387476086616516,38.252656434474616,1.3333333333333333,4,0.7368421052631579,0.3333333333333333,0.33,0.1297888394937826,0.318,0.39329950169935624,0.9285714285714286,0.23223879176235657,0.656
t786s,22,11,147.05882352941177,0.25546352881193496,0.752,0.348,0.14240224717328023,0.2857142857142857,0.212,0.752,16,8,104.16666666666667,0.4146643689679863,1.172,0.344,0.3257992370419901,0.8,0.564,1.172,3.2488174438476562,1.4255340099334717,0.6391469341114835,0.3789100646972656,0.005505555309355259,0.00828578881919384,0.0056022408963585435,2.0662059783935547,1.2111233472824097,0.38201578588082963,0.8369553089141846,0.11507435888051987,2.123556365474233e-11,0.04921968787515006,0.9223168458415747,0.8699667293418525,0.6314631862120694,0.08936575775149581,0.25987738370895386,0.1731748878955841,0.100580133497715,42.8921568627451,1.3529411764705883,3,0.6818181818181818,0.5,0.3778666666666667,0.1596654279701429,0.48,0.42254434653678397,0.9375,0.32627168629093956,0.624
t787l,22,11,133.92857142857142,0.17916765735422807,0.664,0.312,0.11520416659131737,0.2857142857142857,0.44,0.664,20,11,123.96694214876034,0.27118700456390876,0.864,0.368,0.23168177408774399,0.2631578947368421,0.092,0.864,12.170708656311035,3.4252054691314697,0.668375044219201,0.45532017946243286,0.0013546798145398498,0.006419738754630089,0.028811524609843937,-0.6933236122131348,0.3561010956764221,0.3469454050570625,0.8778305053710938,0.10434475541114807,4.417552695173965e-12,0.014005602240896359,0.9862650667640251,0.9702774770429955,0.7997281725870393,0.3796811543792452,0.15666961669921875,0.20324400067329407,0.11626306921243668,9.961629279811078,1.0952380952380953,0,1.0,1.0,0.3489090909090909,0.18685894268889014,0.492,0.5355519308668784,1.0,0.5184613614682426,0.688
v788s,16,6,81.52173913043478,0.28657247179694895,0.8,0.348,0.0902061131916394,0.4,0.608,0.8,13,8,76.72634271099744,0.26343163693846605,1.112,0.364,0.2039144205520809,0.3333333333333333,0.052,1.112,5.999220848083496,-0.3451707661151886,0.5099824645181971,0.2330647110939026,0.04933178424835205,0.005522601772099733,0.046418567426970786,-0.6542754173278809,-0.07021266967058182,0.32047804026366333,0.8937103748321533,0.09836868941783905,1.9146951385495825e-11,0.021608643457382955,0.5226118682192059,-0.2581740730257231,0.8695483872861351,0.21551681706176434,0.3698178827762604,0.5712577700614929,0.2711240351200104,4.795396419437338,1.2142857142857142,-2,0.8125,1.0,0.3153846153846154,0.11093833246208208,0.3,0.35175567714117784,1.0,0.29494231020830414,0.528
f789l,21,10,126.05042016806723,0.0054874933093778284,0.48,0.472,0.0030435436410107316,0.0,0.24,0.48,21,11,125.0,0.1458511353977213,0.624,0.312,0.10731949349587207,0.2,0.072,0.624,0.3689765930175781,1.1409128904342651,0.4919013979998873,0.27803581953048706,0.0024426907766610384,0.004983057267963886,0.014005602240896359,-0.8826196193695068,-0.09354209899902344,0.31488552773782674,0.8802433013916016,0.05810490623116493,2.4708554646757364e-11,0.01600640256102441,0.9959807989123053,0.9879555927651226,0.7704148958480539,-0.06413649484637401,0.9373807907104492,0.6791391372680664,0.055145394057035446,1.0504201680672338,1.0,-1,0.9523809523809523,0.8333333333333334,0.5029999999999999,0.06631892640868067,0.52,0.1318467695630477,1.0,0.4673498572294486,0.656
t790s,20,13,147.05882352941177,0.3436857412066652,0.784,0.344,0.07564830908002286,0.2631578947368421,0.38,0.784,18,11,148.5148514851485,0.3478571915285564,0.788,0.352,0.08304817878797825,0.35294117647058826,0.824,0.824,16.533597946166992,3.881626844406128,0.6982244777724148,0.48018190264701843,0.0035483529791235924,0.014405285008251667,0.020008003201280513,-0.3360602855682373,0.4807349741458893,0.2981577441572664,0.939763069152832,0.045679692178964615,3.396199294014579e-11,0.011204481792717087,0.9763526158547287,0.9455218029325652,0.6791192487751733,0.2649725976796282,0.5330624580383301,0.5087618231773376,0.17387723922729492,1.4560279557367437,1.105263157894737,2,0.9,0.6666666666666666,0.29733333333333334,0.1805276217708033,0.164,0.6071556581813231,0.9444444444444444,0.3964996324729773,0.672
v791l,14,4,153.0612244897959,1.0617619153338138,2.844,0.132,0.791016224022407,0.6923076923076923,0.712,2.844,12,6,75.37688442211055,0.30171498653237316,1.056,0.428,0.21548457021327538,0.6363636363636364,0.956,1.056,-0.23056983947753906,0.11458057910203934,0.4993877418534731,0.1299031376838684,0.1866798996925354,0.0028049021493643522,0.036414565826330535,0.5892534255981445,0.18191023170948029,0.31377134755743763,0.8679741621017456,0.10964090377092361,8.78134197301872e-12,0.03561424569827931,0.23981151189876707,-0.1295442394381379,0.7387623357765017,0.05367326179866998,0.1720099300146103,0.47987088561058044,0.22116973996162415,77.68434006768535,1.1538461538461537,-2,0.7142857142857143,0.5,0.3564,0.14056400677271547,0.362,0.3943995590031422,0.5833333333333334,0.22349326363787586,0.776
f792s,18,9,103.44827586206897,0.12757295318655423,0.588,0.344,0.06473020933072902,0.17647058823529413,0.556,0.588,14,9,117.1875,0.5657669251533739,1.624,0.328,0.5313655364561511,0.5384615384615384,1.1,1.624,2.375605583190918,-0.052025362849235535,0.5491775719923397,0.21763662993907928,0.03148858994245529,0.0038278275169432163,0.023209283713485393,2.6340813636779785,-0.18737070262432098,0.3558440878663657,0.7574295997619629,0.21082955598831177,1.17436399146853e-11,0.041616646658663464,0.5725868109227307,-0.4500508748342602,0.6126279830508746,0.2626938655929265,0.3191622197628021,0.08130326867103577,0.15844571590423584,13.739224137931032,1.2666666666666666,0,0.6666666666666666,0.6666666666666666,0.2993333333333333,0.09573342618379899,0.32599999999999996,0.3198221257870081,1.0,0.09594625147883327,0.136
b794s,7,3,42.43281471004243,0.29865274557849664,1.784,0.816,0.3158683269971841,0.5,1.616,1.784,8,3,48.8599348534202,0.3250941394144645,1.792,0.804,0.2907232360854564,0.8571428571428571,0.924,1.792,25.759294509887695,4.419173717498779,0.6796497811410213,0.49286317825317383,0.014552338048815727,0.006266935262829065,0.06922769107643058,1.0321249961853027,1.2551583051681519,0.328978991855557,0.686148464679718,0.30577507615089417,1.4076005985796947e-11,0.08563425370148059,0.9796011768299071,0.9140473632443342,0.9836305825772984,0.9612645824480225,0.28986406326293945,0.08264186978340149,0.013880457729101181,6.4271201433777705,0.8888888888888888,0,0.8571428571428571,0.8333333333333334,0.486,0.04071035904205875,0.506,0.08376616914484991,0.875,0.5625387910364783,0.696
a796s,1,0,0.0,0.0,10.0,10.0,0.0,1.0,6.724,6.724,7,4,64.37768240343347,0.606189119845394,2.48,0.544,1.0597931873719513,0.6666666666666666,1.316,2.48,20.76154899597168,1.3501933813095093,0.6154063289574572,0.30652472376823425,0.19563040137290955,0.0030778516083955765,0.030012004801920768,4.767886161804199,0.46864446997642517,0.30224236255535164,0.7045801281929016,0.29350316524505615,3.869759113844795e-12,0.09843937575030012,0.0,0.0,0.6275963655046721,0.28337574908091284,0.05952370539307594,0.08006339520215988,0.0,64.37768240343347,0.25,-4,0.0,0.0,-1.0,-1.0,-1.0,-1.0,0.14285714285714285,0.06579673575708252,0.32
a798s,13,4,127.65957446808511,0.7886706463048,2.22,0.292,0.7146304830279262,0.5,0.18,2.22,12,6,69.76744186046511,0.00693612348434428,0.872,0.856,0.008671793355471528,0.0,0.3,0.872,-0.1446225643157959,0.6730724573135376,0.5764149636711675,0.23308414220809937,0.07528966665267944,0.01919098198413849,0.0392156862745098,-0.9345138072967529,0.629330039024353,0.27032033989864784,0.9620005488395691,0.030901359394192696,2.2157903983854865e-11,0.03721488595438175,0.38860728260544614,-0.31665139421117794,0.9983016120723628,0.993391639971982,0.14698971807956696,0.8977989554405212,0.22474625706672668,57.89213260762,1.0769230769230769,-2,0.6923076923076923,0.8333333333333334,0.38133333333333336,0.15616515474188072,0.424,0.409523996450981,0.6666666666666666,0.0962454828867271,0.696
f799l,15,7,130.43478260869566,0.7996324731275803,2.26,0.212,0.7602453045411874,0.6428571428571429,0.372,2.26,15,9,81.52173913043478,0.3263575365167662,0.956,0.3,0.2151292992240141,0.5,0.284,0.956,0.04081082344055176,0.31856441497802734,0.4822176289131601,0.09618940204381943,0.16933493316173553,0.00335075706243515,0.03441376550620248,0.22948431968688965,-0.23841138184070587,0.33105237581996544,0.8747500777244568,0.0908513069152832,2.719828876007746e-11,0.021208483393357343,0.16741894778431507,-0.4660049933345708,0.6410523262535885,0.20538556952449935,0.14420822262763977,0.1845184713602066,0.3452407121658325,48.913043478260875,1.0,-2,0.6666666666666666,0.8333333333333334,0.31400000000000006,0.16510118109813754,0.324,0.5257999230577652,0.6666666666666666,0.04582978579138742,0.392
t800s,25,12,152.28426395939087,0.020867366560161568,0.4,0.356,0.009212467922190635,0.0,0.316,0.4,23,10,153.0612244897959,0.2667014633741702,0.796,0.348,0.12499447606842093,0.09090909090909091,0.364,0.796,0.05446767807006836,0.38643234968185425,0.6149176828371592,0.41654476523399353,0.07618603855371475,0.022933442145586014,0.003601440576230492,-0.2814066410064697,-0.02147115394473076,0.36729943007849375,0.7772727012634277,0.18349353969097137,1.3996739531285662e-11,0.013205282112845138,0.8720142978677194,-0.04999738799296833,0.7113113537059034,0.026970324233685415,0.7155278325080872,0.35544919967651367,0.15146185457706451,0.7769605304050344,1.0833333333333333,2,0.88,0.8333333333333334,0.21236363636363634,0.03713188467482,0.216,0.17485047610850502,0.9565217391304348,0.40719403926106507,0.76
t801l,22,11,147.05882352941177,0.22853343671984166,0.704,0.364,0.1400285685137144,0.23809523809523808,0.3,0.704,4,3,29.239766081871345,0.6655586240297532,5.772,1.168,2.703687851805382,0.6666666666666666,0.048,5.772,10.637157440185547,2.92018461227417,0.6949236566881021,0.4473845064640045,0.0024080907460302114,0.01514454372227192,0.013205282112845138,11.007770538330078,-1.8719741106033325,0.1667727983642036,0.11477385461330414,0.8852202892303467,2.5924092733609072e-11,0.4057623049219688,0.9687256895184333,0.9373541225815627,0.9154972650352016,0.9052797348763523,0.3140590786933899,0.16032865643501282,0.06882783025503159,117.81905744754042,4.6,8,0.13636363636363635,0.3333333333333333,0.3666666666666667,0.08802019970186135,0.344,0.24005508354902866,1.0,0.04360876529946574,0.792
a802s,15,7,91.46341463414633,0.34717587194545946,1.236,0.396,0.35375958807337815,0.5714285714285714,0.02,1.236,14,7,93.75,0.37992706166807794,1.264,0.384,0.37276623595313285,0.6923076923076923,0.552,1.264,9.649380683898926,2.278534173965454,0.6813397843500073,0.5832554697990417,0.01893189176917076,0.0014293798012658954,0.023609443777511004,-0.7207074165344238,0.05370620638132095,0.300348595675785,0.7840912342071533,0.21071428060531616,2.2840791757960943e-11,0.012805122048819529,0.9645479602350332,0.8495169597509682,0.6678243956569685,-0.27041301077028973,0.14415250718593597,0.14581532776355743,0.06599751114845276,2.286585365853668,1.0666666666666667,0,0.8666666666666667,0.6666666666666666,0.4726153846153846,0.13690060316860914,0.508,0.28966598364833024,1.0,0.37783328069831207,0.728
v803l,18,7,119.04761904761905,0.25924056976785675,0.896,0.384,0.14368020044529448,0.5882352941176471,0.524,0.896,15,6,95.84664536741214,0.39290427213653917,1.432,0.396,0.28975533445676865,0.42857142857142855,0.448,1.432,2.3022637367248535,-0.28106722235679626,0.44850203481806916,0.21832813322544098,0.005181765183806419,0.0005631462554447353,0.0196078431372549,-0.6720805168151855,-0.03784479945898056,0.3180405240676955,0.8805084228515625,0.10269815474748611,6.3227140537081006e-12,0.01920768307322929,0.37119734856702524,-0.35474935239859223,0.755728661818493,0.20170473619611817,0.5552682876586914,0.4023156762123108,0.17371298372745514,23.200973680206914,1.1875,1,0.7777777777777778,0.8333333333333334,0.3525714285714286,0.14202500498439113,0.43,0.4028261777523928,0.9333333333333333,0.2558626125413574,0.032
v804s,15,9,72.11538461538461,0.3319267282493306,0.896,0.212,0.3173098461465362,0.2857142857142857,0.2,0.896,14,8,101.35135135135135,0.28210439977204416,1.024,0.36,0.2592502008999543,0.5384615384615384,0.704,1.024,3.8817715644836426,1.1396758556365967,0.5560797575190487,0.22107070684432983,0.03096615895628929,0.007033002562820911,0.01680672268907563,0.5197153091430664,0.13051627576351166,0.333741970340719,0.7945436835289001,0.19306369125843048,2.559012723946097e-11,0.03041216486594638,0.7437265575217977,0.35489361689493976,0.6255852222677126,-0.48994108450005525,0.23917880654335022,0.18710288405418396,0.23585906624794006,29.23596673596674,1.0666666666666667,1,0.8666666666666667,0.6666666666666666,0.3904615384615385,0.14400460216183017,0.416,0.368806103262214,0.8571428571428571,0.29226912156001017,0.728
v805l,13,6,93.75,0.37436311342632334,1.104,0.196,0.4809294032486378,0.5833333333333334,1.452,1.452,15,7,99.33774834437087,0.3387724379396826,1.132,0.3,0.253490099943234,0.5714285714285714,1.048,1.132,1.379934310913086,0.696317195892334,0.46463766849711313,0.1058250218629837,0.039311472326517105,0.0002760787319857627,0.037615046018407365,0.6632053852081299,0.8986222147941589,0.36736881928840154,0.8519813418388367,0.12863273918628693,6.058483575932527e-12,0.026010404161664665,0.47747262752772934,-0.45866713989890195,0.7994770649725907,0.05850535383279255,0.2722039520740509,0.2640097141265869,0.152011901140213,5.5877483443708655,0.875,-1,0.9230769230769231,0.8333333333333334,0.39733333333333337,0.10701194118207348,0.464,0.2693253485456879,0.8666666666666667,0.377696426221803,0.632
v806s,21,12,111.94029850746269,0.26341486848140055,0.628,0.2,0.09533100230250388,0.35,0.388,0.628,16,7,111.1111111111111,0.31619488102902277,1.292,0.528,0.273109083387154,0.2,0.276,1.292,3.772249221801758,0.02909664809703827,0.36771864402342885,0.07277711480855942,0.012332125566899776,0.0009463271126151085,0.04921968787515006,-0.5632772445678711,0.6031093001365662,0.3046343353689651,0.9454788565635681,0.043507225811481476,1.910878573430086e-11,0.01920768307322929,0.5826853718798544,-0.6246210199002886,0.9636788416724869,0.7182412942205408,0.5930273532867432,0.6592270135879517,0.4053526222705841,0.8291873963515854,1.2941176470588236,5,0.8095238095238095,0.6666666666666666,0.49294117647058827,0.1057813897722342,0.532,0.21459231380039234,1.0,0.49174386884145804,0.704
v809l,11,5,66.66666666666667,0.04903069464822674,0.964,0.84,0.08193222131059848,0.0,0.856,0.964,11,6,66.66666666666667,0.00983252296206444,0.916,0.888,0.012578641509408815,0.0,0.436,0.916,0.19748830795288086,0.02266700379550457,0.3302250974656811,0.08029326051473618,0.545854926109314,0.0013028584653511643,0.026810724289715888,-1.2472556829452515,0.01952190324664116,0.22965216179807288,0.9402345418930054,0.05615236982703209,1.81555482453577e-11,0.006802721088435374,0.3865800688148545,-0.5214289340000531,0.9890806720296138,0.9261747293496969,0.18661454319953918,0.881348729133606,0.20030547678470612,0.0,1.0,-1,1.0,1.0,0.1941818181818182,0.026933649726750847,0.18,0.138703245195179,1.0,0.418975850182401,0.456
a810s,10,9,104.89510489510491,1.220741178179097,4.52,0.572,1.3873579206534987,0.1111111111111111,0.124,4.52,15,7,104.16666666666667,0.24181892963595408,1.0,0.488,0.25939574754832406,0.21428571428571427,0.556,1.0,1.136335849761963,0.31879115104675293,0.5016456624473267,0.15728986263275146,0.01884404756128788,0.007121165748685598,0.012404961984793917,-0.856316328048706,0.016651427373290062,0.3378135487231962,0.9031280279159546,0.07332007586956024,1.4879339080287046e-11,0.012805122048819529,0.8505836430239173,0.03029401129924911,0.9324463374364927,0.8295388314854534,0.40657010674476624,0.5044456124305725,0.0699140727519989,0.728438228438236,0.6875,2,0.8,0.6666666666666666,0.40549999999999997,0.17208064969658848,0.508,0.4243665732501178,0.6,0.2410228195552731,0.712
t812s,24,12,153.0612244897959,0.21799903883180918,0.776,0.292,0.11576151032500948,0.17391304347826086,0.332,0.776,23,13,151.5151515151515,0.2927199923166803,1.0,0.38,0.164197326119404,0.18181818181818182,0.132,1.0,7.495019912719727,0.9121459722518921,0.607673234495512,0.31100839376449585,0.017769644036889076,0.006425051484256983,0.008003201280512205,-0.8197762966156006,0.49377843737602234,0.33545992257821594,0.8724991083145142,0.06127038970589638,7.483473042635413e-12,0.005202080832332933,0.7839040596725018,-0.49261158434617924,0.9014290775296636,0.5943099787146129,0.3907013237476349,0.5289788842201233,0.20332054793834686,1.546072974644403,1.0416666666666667,-1,0.9583333333333334,0.8333333333333334,0.41634782608695653,0.09915057003745549,0.448,0.23814359399419902,0.9565217391304348,0.6153679676714934,0.592
v814s,14,8,76.92307692307692,0.31337075485870397,0.916,0.232,0.2234039689292322,0.3076923076923077,0.776,0.916,18,9,114.50381679389312,0.3398517007122418,1.004,0.3,0.2469028148887736,0.47058823529411764,0.136,1.004,2.5953197479248047,-0.19344551861286163,0.6234706870778475,0.5281115174293518,0.04911293461918831,0.005616479553282261,0.01640656262505002,0.5384402275085449,-0.43271034955978394,0.3996686157086435,0.7704137563705444,0.10124335438013077,1.900720379699461e-11,0.01800720288115246,0.5055233303653254,-0.40849538258746493,0.40154993867139976,-0.17410204210426886,0.12583684921264648,0.30725163221359253,0.11062241345643997,37.5807398708162,0.7894736842105263,-1,0.9285714285714286,1.0,0.3067692307692308,0.1329373211741035,0.324,0.43334631868814544,0.9444444444444444,0.21447501043431472,0.592
v815l,15,9,125.0,0.5922642730699904,1.792,0.432,0.6180664639390766,0.21428571428571427,0.132,1.792,20,10,121.95121951219512,0.24127626034651162,0.804,0.356,0.18814415277181015,0.3157894736842105,0.304,0.804,2.0897693634033203,-1.1401268243789673,0.4217446961685291,0.1759875863790512,0.013977807015180588,0.00024090911028906703,0.021208483393357343,-0.2678649425506592,-0.48811620473861694,0.31831479405001517,0.9095288515090942,0.08079507201910019,7.474737842572132e-12,0.01600640256102441,0.9417555514603019,0.3684960189037011,0.6674480501257064,0.41145728410693094,0.6772940158843994,0.5823349356651306,0.23195697367191315,3.0487804878048763,0.7619047619047619,-1,0.8666666666666667,0.6666666666666666,0.3787692307692308,0.21471632586209177,0.544,0.5668789931992128,0.8,0.29388205801936285,0.296
t816s,25,12,158.73015873015873,0.14649826140319755,0.548,0.328,0.09262547306691377,0.125,0.264,0.548,14,6,95.54140127388536,0.3728801398140211,1.092,0.32,0.420675647025116,0.6153846153846154,0.84,1.092,11.542481422424316,3.361621379852295,0.7036175016904485,0.5243166089057922,0.0020437692292034626,0.0223885178565979,0.014405762304921969,1.3941116333007812,-0.4294682741165161,0.3101855580924974,0.7880103588104248,0.2009555548429489,1.240875371205652e-11,0.025210084033613446,0.9729815006787947,0.9327662732137928,0.562871686278417,0.38081341061871377,0.22276584804058075,0.17448975145816803,0.08203412592411041,63.18875745627338,1.7333333333333334,6,0.6,0.3333333333333333,0.28773333333333334,0.12965156724424462,0.336,0.4505962560412954,1.0,0.13422172567297716,0.16
t817l,33,17,205.4794520547945,0.15058925214603547,0.36,0.248,0.08767093901850882,0.15625,0.204,0.36,17,9,99.33774834437087,0.012865693651755846,0.612,0.584,0.009743373816770734,0.0,0.168,0.612,0.3220839500427246,0.3066677749156952,0.44601833075792124,0.21049506962299347,0.04217099770903587,0.0009104034397751093,0.006402561024409764,-0.8915767669677734,0.6960959434509277,0.27199534816382104,0.9648545384407043,0.013562878593802452,2.6354845389375825e-11,0.014805922368947578,0.23182484985631546,-0.26159344501869203,0.992023487845728,0.9513856710199574,0.753273606300354,0.917214035987854,0.11735539883375168,106.14170371042364,1.8888888888888888,8,0.9696969696969697,0.8333333333333334,0.34875,0.13285871254833082,0.31,0.3809568709355186,0.9411764705882353,0.30759802372252865,0.632
v818s,18,9,111.94029850746269,0.25098006516938415,1.072,0.372,0.21389249636207439,0.17647058823529413,0.044,1.072,20,11,112.78195488721803,0.1748958864338682,0.572,0.34,0.04197353663652583,0.2631578947368421,0.304,0.572,3.0498485565185547,1.2610596418380737,0.6022073841311665,0.4349735379219055,0.007145962677896023,0.0029233372770249844,0.01600640256102441,-0.5655007362365723,0.8486561179161072,0.32893776650143536,0.947446346282959,0.009088778868317604,2.1446478273845493e-11,0.021208483393357343,0.7677049567990837,-0.16485531583191743,0.8414374772791099,0.15902774751406273,0.2979460060596466,0.6888156533241272,0.21206419169902802,0.8416563797553493,0.9047619047619048,-2,0.9444444444444444,0.8333333333333334,0.4494117647058823,0.09675138474371821,0.484,0.21528449005822597,0.9,0.6828420379662054,0.616
a819l,13,9,118.11023622047244,0.9299556047571093,2.8,0.168,0.8964787681915182,1.0,0.208,2.8,25,13,157.89473684210526,0.0871737398028303,0.436,0.328,0.06253207872416539,0.0,0.144,0.736,0.09883451461791992,-0.017441771924495697,0.6164877694610973,0.12074989825487137,0.11729928851127625,0.11646515130996704,0.0392156862745098,-0.0631716251373291,0.9176498651504517,0.3308278383518676,0.9480413198471069,0.0258333757519722,1.7639228619414915e-11,0.01520608243297319,0.16224384881199735,-0.2423971417901752,0.674183154815596,0.5407876146928674,0.10211679339408875,0.8069798350334167,0.23926497995853424,39.784500621632816,0.5384615384615384,-4,0.9230769230769231,0.8333333333333334,0.2596666666666667,0.1138122235184878,0.262,0.4383012290198029,0.64,0.14687299152582536,0.416
b820s,6,3,37.78337531486146,0.013080068746896628,1.604,1.552,0.02734958866235471,0.0,1.028,1.604,7,4,38.11944091486658,0.020358058643329794,1.624,1.528,0.046647615158762444,0.0,0.2,1.624,16.011995315551758,3.3063528537750244,0.6283356655533012,0.4084487855434418,0.10205160081386566,0.0012376615777611732,0.05922368947579031,-0.6244335174560547,0.6800467371940613,0.23228603012362495,0.41915276646614075,0.5801904201507568,2.6595349186808726e-11,0.05802320928371348,0.9980023661025762,0.99668902724555,0.9948810881287702,0.9849674846715022,0.20063792169094086,0.7284079790115356,0.0350358784198761,0.33606560000512076,0.875,-1,1.0,1.0,0.4073333333333333,0.17694317983151792,0.516,0.43439404784184316,0.8571428571428571,0.3348547485194437,0.792
t821l,21,14,156.25,0.28813742924237284,0.704,0.368,0.07079696692878722,0.3,0.048,0.712,13,7,76.33587786259541,0.2732066007598001,1.016,0.364,0.1937195723907957,0.4166666666666667,0.08,1.016,6.355207443237305,2.470841407775879,0.6149795960578881,0.550956666469574,0.027025923132896423,0.0055176373571157455,0.010404161664665866,0.6227269172668457,0.19617435336112976,0.32181456667394276,0.6441361904144287,0.3335839807987213,9.919492310883626e-12,0.029611844737895156,0.9576427004979318,0.8693763895509216,0.5847209035049054,-0.35827308825584886,0.49929535388946533,0.20819680392742157,0.09022179991006851,79.91412213740459,1.5714285714285714,7,0.7142857142857143,0.5,0.3288,0.18080825939836564,0.236,0.5499034485989391,1.0,0.12901346575017147,0.0
v823l,9,4,52.8169014084507,0.35206684118363674,1.796,0.372,0.7032756013317762,0.375,0.812,1.796,11,6,61.09979633401222,0.2438255720884674,1.316,0.536,0.3591743618665205,0.5,0.068,1.316,5.761033058166504,-0.8819688558578491,0.5175940526732573,0.252614825963974,0.013151334598660469,0.001582181779667735,0.03481392557022809,-0.40686964988708496,0.646633505821228,0.2835316802587208,0.7529928088188171,0.245448499917984,2.573314131226745e-11,0.027210884353741496,0.613913583827992,-0.30465608500083813,0.9103617591316152,0.47854068208406675,0.30479803681373596,0.21367663145065308,0.1003330647945404,8.282894925561521,0.8333333333333334,-2,1.0,1.0,0.46977777777777774,0.1151943071295701,0.5,0.24521020390189513,0.8181818181818182,0.41435052046751264,0.768
a825l,1,1,0.0,0.0,10.0,10.0,0.0,1.0,2.26,7.74,17,8,101.69491525423729,0.07034030849100362,0.692,0.52,0.06597777403540274,0.0,0.352,0.692,284.6956481933594,10.85624885559082,0.7214176600636331,0.0771268829703331,0.14977096021175385,0.294276624917984,0.1484593837535014,-0.3684704303741455,0.18447934091091156,0.36488868136102287,0.894079864025116,0.03683696687221527,2.1791150481287325e-11,0.014405762304921969,0.0,0.0,0.9477425376572267,0.8366567270477173,0.006490403786301613,0.6318414807319641,0.0,101.69491525423729,0.1111111111111111,-7,1.0,1.0,0.576,-1.0,0.576,-1.0,0.058823529411764705,0.15035868758188722,0.096
v826s,4,0,140.18691588785046,0.5278078542487873,0.972,0.284,0.6201935181860578,0.6666666666666666,7.968,7.968,17,7,109.09090909090908,0.32105381463338356,1.028,0.3,0.2385936573619117,0.4375,0.656,1.028,2.4695487022399902,-0.6338973641395569,0.4260989013143334,0.055111661553382874,0.20237405598163605,0.0008577442495152354,0.026810724289715888,-0.34691572189331055,0.3164491057395935,0.36208166225161426,0.8334910273551941,0.12870773673057556,2.914097088635437e-11,0.022809123649459785,0.3659668816589008,-0.3977144166850254,0.5921966833099039,-0.019884819862412813,0.06095178797841072,0.30347639322280884,0.2386501282453537,31.09600679694138,0.2777777777777778,-7,1.0,1.0,0.22999999999999998,0.1213424904969401,0.23399999999999999,0.5275760227007821,0.29411764705882354,0.09895221988575074,0.792
v828s,2,0,78.125,0.0,0.768,0.768,0.0,0.0,8.892,8.892,20,10,163.04347826086956,0.5112805855913535,1.32,0.308,0.28521025382845006,0.3157894736842105,0.384,1.32,1.5249276161193848,0.20199035108089447,0.4143557979669995,0.1922246664762497,0.004450409207493067,0.0015085246413946152,0.028011204481792718,-0.28015828132629395,-0.0012812013737857342,0.3679541376825648,0.8961330056190491,0.07484808564186096,1.2223048961867988e-11,0.015606242496998799,0.0,0.0,0.7991716870957543,0.5133195761610632,0.5927650332450867,0.46547481417655945,0.038846489042043686,84.91847826086956,0.14285714285714285,-10,1.0,1.0,0.33,0.0020000000000000018,0.33,0.006060605876951342,0.1,0.2544387697120189,0.52
f829l,17,8,88.49557522123894,0.22881524263166222,0.736,0.336,0.15182094717133074,0.3125,0.196,0.736,15,7,87.97653958944281,0.2647492013780031,1.008,0.312,0.2344144915446864,0.2857142857142857,0.888,1.008,0.6246604919433594,0.7362964749336243,0.4634619617850906,0.14722149074077606,0.028977662324905396,0.0013908391119912267,0.01920768307322929,2.2442078590393066,-0.20093774795532227,0.33245350079191444,0.7441008687019348,0.23389850556850433,6.805633313844428e-12,0.025210084033613446,0.6723568575406959,-0.5655197457434603,0.800341259193024,-0.2729853980694777,0.3572947084903717,0.3697807788848877,0.2895842492580414,0.5190356317961289,1.125,1,0.8823529411764706,0.6666666666666666,0.39866666666666667,0.15338086219893568,0.416,0.384734594527399,0.9333333333333333,0.3094400048514356,0.696
v831l,17,7,87.97653958944282,0.24529022695940725,0.752,0.376,0.08242976808572657,0.4375,0.084,0.752,20,10,138.88888888888889,0.2743539888476403,0.832,0.34,0.1360326758131622,0.3157894736842105,0.164,0.832,13.333436965942383,2.9637577533721924,0.6494011125794712,0.5376867651939392,0.004827565047889948,0.003527633147314191,0.011204481792717087,-0.07999658584594727,0.3655296266078949,0.3695681350015652,0.8274120092391968,0.12687420845031738,1.2579297846426751e-11,0.010404161664665866,0.23492926254838298,-0.7811309776155797,0.6995048301857641,0.21079926629493106,0.3176823854446411,0.07721906900405884,0.38376525044441223,50.91234929944606,0.8571428571428571,-3,0.8823529411764706,0.6666666666666666,0.2981333333333333,0.11492250529040089,0.28,0.38547350660442475,1.0,0.17849792480394297,0.792
b832s,7,3,40.16064257028113,0.012593175003813135,1.528,1.476,0.017343586710943056,0.0,0.62,1.528,20,10,123.96694214876034,0.024578597358252297,0.504,0.46,0.017638342073763934,0.0,0.46,0.504,1.290374755859375,-0.41018280386924744,0.5145950209452246,0.17378030717372894,0.04965425655245781,0.0013595318887382746,0.028411364545818326,-0.7500135898590088,0.28893887996673584,0.22782118893106362,0.9624427556991577,0.010217645205557346,1.4883327209558317e-11,0.024009603841536616,0.7776354897142783,0.5543326424842563,0.9697951462634995,0.926908809111708,0.6194471716880798,0.8629915118217468,0.09064765274524689,83.80629957847921,0.38095238095238093,-7,0.7142857142857143,0.6666666666666666,0.2736,0.188205844755151,0.164,0.6878868343431384,0.55,0.14461277272976775,0.36
v833l,11,5,69.12442396313364,0.011809793279338572,0.892,0.86,0.005811865258054236,0.0,0.872,0.892,11,6,69.28406466512702,0.008267869248025937,0.876,0.852,0.006666666666666673,0.0,0.448,0.884,4.181947708129883,1.5966883897781372,0.5117912672103999,0.24543233215808868,0.0163480956107378,0.0019941157661378384,0.022008803521408563,-1.105043888092041,-0.19627392292022705,0.27862676539279696,0.9514153003692627,0.036295969039201736,1.5777386341842004e-11,0.01640656262505002,0.996278843377618,0.9762695478728415,0.9930579776745927,0.9598691162162152,0.7907774448394775,0.8948107361793518,0.06255453079938889,0.1596407019933821,1.0,-1,1.0,1.0,0.26872727272727276,0.009468521139121118,0.268,0.035234684930486114,1.0,0.4525385926613034,0.456
v834s,11,5,127.11864406779662,0.9738783882994095,2.932,0.38,1.2129874965005478,0.3,2.232,2.932,18,9,118.11023622047244,0.26227724662897683,0.828,0.384,0.22893667246642685,0.47058823529411764,0.396,0.828,4.982006072998047,-1.6107972860336304,0.5699933037937518,0.34476593136787415,0.006172750145196915,0.002887863665819168,0.008803521408563426,3.1793622970581055,-1.3166147470474243,0.3370994843429718,0.7796953320503235,0.2089933454990387,5.216166040766801e-12,0.01800720288115246,0.9652160154223555,0.9167321948985746,0.6004336800612722,0.10097381637706579,0.2387079894542694,0.049766842275857925,0.05291542410850525,9.008407847324179,0.631578947368421,-4,0.9090909090909091,1.0,0.36839999999999995,0.05145716665344099,0.372,0.1396774301212451,0.6666666666666666,0.21328739201989827,0.152
b835l,3,1,17.513134851138354,0.24810274300028384,4.276,2.576,1.6999999999999997,1.0,3.112,4.276,19,9,114.50381679389312,0.05143229468926304,0.58,0.48,0.04554506494864696,0.0,0.22,0.58,18.91724967956543,-3.8014070987701416,0.4277682811048949,0.12359626591205597,0.5999886989593506,0.0025773830711841583,0.020808323329331732,-0.9953014850616455,-0.3313685655593872,0.2643538990175002,0.9593947529792786,0.017311176285147667,2.023353706803732e-12,0.010404161664665866,0.0,0.0,0.939812854034343,0.7938575524465076,0.2439645528793335,0.8349124789237976,0.4246979355812073,96.99068194275478,0.2,-8,1.0,1.0,0.3826666666666667,0.1860848074281067,0.5,0.48628432726114135,0.3157894736842105,0.17437243978494843,0.752
b838s,8,4,51.19453924914676,0.24850492398044885,1.692,0.836,0.36350882611934837,0.5714285714285714,0.104,1.692,9,3,52.35602094240838,0.3670152046734675,1.712,0.568,0.308889254310621,0.75,0.392,1.712,10.455100059509277,2.64552903175354,0.5744109689166669,0.39327433705329895,0.0572376511991024,0.0006007878691889346,0.08563425370148059,0.08671092987060547,1.099726676940918,0.2929550142396548,0.6763002872467041,0.3218981921672821,1.0056365462585148e-11,0.1132452981192477,0.9921435091407176,0.9838085371833534,0.966758765939011,0.7915299722801352,0.06898925453424454,0.0800139456987381,0.08438242226839066,1.1614816932616208,0.9,1,0.875,0.8333333333333334,0.5034285714285714,0.0532564071071189,0.516,0.10578741269713773,0.7777777777777778,0.505732117086863,0.768
b839l,5,2,32.29278794402583,0.43646010387757617,3.032,0.76,1.239849453226748,0.5,1.324,3.032,10,5,76.53061224489795,0.492451853331725,2.108,0.344,0.7516009579557493,0.6666666666666666,0.6,2.108,26.701515197753906,2.8281922340393066,0.6954877501474701,0.6345943212509155,0.010323753580451012,0.022294942289590836,0.008803521408563426,1.7529468536376953,1.2045527696609497,0.3014759447681473,0.4686335325241089,0.5218000411987305,1.1728049087444958e-11,0.07202881152460984,0.9666405555697481,0.9306041350135809,0.5153382988817041,-0.38595548188383927,0.17632219195365906,0.22445358335971832,0.07597950845956802,44.23782430087212,0.5454545454545454,-3,0.8,0.8,0.273,0.0330302891298275,0.262,0.12099006564075766,0.6,0.3591482348706227,0.72
b840s,2,0,42.73504273504274,0.0,1.404,1.404,0.0,0.0,7.444,7.444,2,0,57.47126436781609,0.0,1.044,1.044,0.0,0.0,8.4,8.4,14.08156967163086,2.8308751583099365,0.5724046110621384,0.2822348177433014,0.15187525749206543,0.0006058439612388611,0.026410564225690276,12.54199504852295,-0.03680245950818062,0.3447102776371136,0.563531219959259,0.393924742937088,8.886154615958541e-13,0.5850340136054422,0.0,0.0,0.0,0.0,0.33081135153770447,0.14290431141853333,0.016103191301226616,14.73622163277335,1.0,0,0.5,0.5,0.332,-1.0,0.332,-1.0,0.5,0.3043055947424011,0.456
v843l,4,4,180.72289156626505,0.48299197059527155,0.72,0.24,0.4364309796519949,0.6666666666666666,0.164,8.544,12,6,71.42857142857143,0.046612419425492164,0.872,0.732,0.05054898614215719,0.0,0.068,0.872,5.410184860229492,0.9041529297828674,0.5407193065800395,0.3380069136619568,0.018191387876868248,0.0011054924689233303,0.020808323329331732,-0.8247523307800293,0.6943300366401672,0.27639715903382217,0.9516522884368896,0.029606884345412254,2.315332647828683e-11,0.03041216486594638,0.5579435484154874,-0.2044691894274829,0.9830698206916867,0.9267049776096336,0.3412019610404968,0.8086543679237366,0.20364858210086823,109.29432013769362,0.38461538461538464,-2,0.75,0.75,0.248,0.1458035207622459,0.172,0.5879173987220642,0.16666666666666666,0.08571750025937575,0.344
v846s,13,5,77.720207253886,0.4788473189551569,1.568,0.168,0.3940373770918878,0.4166666666666667,0.976,1.568,12,6,78.125,0.555359165141032,1.74,0.336,0.7557671599110403,0.45454545454545453,0.416,1.74,3.427672863006592,1.0046486854553223,0.4521676755812221,0.08250891417264938,0.08917201310396194,0.004356514662504196,0.014005602240896359,1.3316335678100586,-0.6490345597267151,0.34435965804116786,0.6373400688171387,0.3128240406513214,1.5038501693931394e-11,0.05002000800320128,0.2741555891718402,-0.04667919944124514,0.5762699004420312,-0.5834068859770213,0.3908785283565521,0.44952836632728577,0.46134382486343384,0.40479274611399774,1.0769230769230769,-1,0.6923076923076923,0.8333333333333334,0.3164444444444444,0.051309758896575346,0.304,0.16214459813067567,0.9166666666666666,0.11716914922441893,0.536
v848s,20,10,120.0,0.061128393246010215,0.556,0.444,0.05176013051675115,0.0,0.22,0.556,20,10,120.0,0.04491909142647426,0.564,0.436,0.040033319456006466,0.0,0.172,0.564,0.09630274772644043,-0.4692654311656952,0.5222556326844984,0.30737054347991943,0.0025390649680048227,0.0073519302532076836,0.005202080832332933,-0.4851963520050049,0.5497779250144958,0.3023213115790083,0.9040505290031433,0.0420367494225502,9.725798725407353e-13,0.03601440576230492,0.6670356712012363,0.07802544432182903,0.9459598391233622,0.6695135647367844,0.9186878800392151,0.8367659449577332,0.042671848088502884,0.0,1.0,0,0.95,0.8333333333333334,0.40842105263157896,0.05037785205662639,0.404,0.12334783062368732,0.95,0.5912378930239218,0.56
b849l,14,7,88.75739644970413,0.009795661168794427,0.688,0.668,0.008563488385776726,0.0,0.544,0.688,14,7,88.75739644970413,0.010635704390275563,0.692,0.66,0.010327955589886426,0.0,0.524,0.692,10.012017250061035,2.6927542686462402,0.6039977976086074,0.5159044861793518,0.03979583457112312,0.0009880953002721071,0.023209283713485393,-1.1610969305038452,0.2951909303665161,0.23112402939176374,0.9876422882080078,0.005466077011078596,1.627917418922653e-12,0.008003201280512205,0.99268535960206,0.9790323931672915,0.99372139051151,0.9653965217935743,0.7602945566177368,0.9134671688079834,0.06496953219175339,0.0,1.0,0,0.9285714285714286,0.8333333333333334,0.4953846153846152,0.006439522934294268,0.496,0.012999036716762538,0.9285714285714286,0.5416149716722,0.032
