record_id,label,alarm_type,err_rate_gbm_features,mean_prob_gbm_features,err_rate_resnet1d,mean_prob_resnet1d,err_rate_cross_attention,mean_prob_cross_attention,err_rate_ecg_only,mean_prob_ecg_only,err_rate_ppg_only,mean_prob_ppg_only,quality_tercile,ecg_quality_tercile,pulse_quality_tercile,quality_degraded,detector_disagree,pulse_coverage,ppg_acf,pulse_source,abp_also_recorded,hr_regime,annotation,cat_gbm_features,cat_resnet1d,cat_cross_attention,cat_ecg_only,cat_ppg_only
v100s,0,Ventricular_Tachycardia,0.0,0.20923838519412624,0.0,0.21881569549441338,0.6,0.5331034451723099,0.3,0.47622043192386626,0.9,0.5233637124300003,high,high,high,clean(>=0.9),HR_diff<15bpm,ECG_beats_with_pulse>=0.5,ppg_acf<0.3,PPG,no_ABP,HR100-140,PPG artefact / non-periodic pulse  [heuristic],stable_correct,stable_correct,unstable_false_alarm,unstable_false_alarm,persistent_FP
v101l,0,Ventricular_Tachycardia,0.0,0.20520095562163934,0.0,0.2879171147942543,0.9,0.585824990272522,0.6,0.518819910287857,0.8,0.4995997488498688,high,high,high,clean(>=0.9),HR_diff<15bpm,ECG_beats_with_pulse>=0.5,ppg_acf>=0.3,PPG,no_ABP,HR100-140,"clean concordant rhythm, but model fires (no heuristic flag)  [heuristic]",stable_correct,stable_correct,persistent_FP,unstable_false_alarm,persistent_FP
v102s,0,Ventricular_Tachycardia,0.0,0.10629980889360821,0.0,0.2938358724117279,0.5,0.48655882477760315,0.4,0.46772130131721495,0.9,0.5218277692794799,mid,high,mid,clean(>=0.9),HR_diff<15bpm,ECG_beats_with_pulse>=0.5,ppg_acf>=0.3,PPG,no_ABP,HR100-140,"clean concordant rhythm, but model fires (no heuristic flag)  [heuristic]",stable_correct,stable_correct,unstable_false_alarm,unstable_false_alarm,persistent_FP
a103l,0,Asystole,0.0,0.11427128897219738,0.0,0.22072069942951203,0.1,0.40493052899837495,0.0,0.37953753471374513,1.0,0.5598607718944549,low,low,mid,degraded(<0.9),HR_diff>=15bpm,ECG_beats_with_pulse>=0.5,ppg_acf>=0.3,PPG,no_ABP,HR50-100,ECG artefact: high HF power / poor beat-template match; low ECG quality index; beat detectors disagree (ECG 66 vs PPG 125 bpm)  [heuristic],stable_correct,stable_correct,stable_correct,stable_correct,persistent_FP
a104s,0,Asystole,0.0,0.02708064112901997,0.0,0.266362801194191,0.0,0.22233982086181642,0.0,0.42059007585048674,0.0,0.3794462665915489,low,low,high,degraded(<0.9),HR_diff>=15bpm,ECG_beats_with_pulse>=0.5,ppg_acf>=0.3,PPG,no_ABP,HR<50,ECG artefact: high HF power / poor beat-template match; low ECG quality index; PPG artefact / non-periodic pulse  [heuristic],stable_correct,stable_correct,stable_correct,stable_correct,stable_correct
a105l,0,Asystole,0.7,0.5789382659887156,0.1,0.3540282893925905,1.0,0.641706895828247,0.5,0.49587665796279906,1.0,0.5664766550064086,low,high,low,degraded(<0.9),HR_diff>=15bpm,ECG_beats_with_pulse>=0.5,ppg_acf>=0.3,PPG,no_ABP,HR<50,ECG artefact: high HF power / poor beat-template match; low pulse quality index; beat detectors disagree (ECG 41 vs PPG 134 bpm)  [heuristic],unstable_false_alarm,stable_correct,persistent_FP,unstable_false_alarm,persistent_FP
t106s,1,Tachycardia,0.0,0.9769662154224784,0.0,0.8488018691539765,0.0,0.7447840631008148,0.0,0.6423440456390381,0.0,0.5691058695316314,low,low,low,clean(>=0.9),HR_diff>=15bpm,ECG_beats_with_pulse<0.5,ppg_acf<0.3,PPG,no_ABP,HR>=140,PPG artefact / non-periodic pulse; beat detectors disagree (ECG 150 vs PPG 62 bpm)  [heuristic],stable_correct,stable_correct,stable_correct,stable_correct,stable_correct
t107l,1,Tachycardia,0.0,0.9870767612147379,0.0,0.8543484210968018,0.0,0.75494886636734,0.0,0.7298805058002472,0.1,0.5271042108535766,mid,high,low,clean(>=0.9),HR_diff>=15bpm,ECG_beats_with_pulse>=0.5,ppg_acf<0.3,PPG,no_ABP,HR>=140,PPG artefact / non-periodic pulse; beat detectors disagree (ECG 169 vs PPG 123 bpm)  [heuristic],stable_correct,stable_correct,stable_correct,stable_correct,stable_correct
t108s,1,Tachycardia,0.0,0.9765310580289256,0.0,0.8635973632335663,0.0,0.7642130374908447,0.0,0.6752104580402374,0.0,0.54593705534935,mid,high,mid,clean(>=0.9),HR_diff>=15bpm,ECG_beats_with_pulse>=0.5,ppg_acf<0.3,PPG,no_ABP,HR>=140,PPG artefact / non-periodic pulse; beat detectors disagree (ECG 152 vs PPG 64 bpm)  [heuristic],stable_correct,stable_correct,stable_correct,stable_correct,stable_correct
v111l,0,Ventricular_Tachycardia,0.2,0.3832723182886686,0.5,0.5212858319282532,0.3,0.46030372381210327,0.9,0.593531322479248,0.1,0.4586835205554962,mid,high,low,clean(>=0.9),HR_diff>=15bpm,ECG_beats_with_pulse>=0.5,ppg_acf>=0.3,PPG,no_ABP,HR100-140,beat detectors disagree (ECG 117 vs PPG 91 bpm)  [heuristic],stable_correct,unstable_false_alarm,unstable_false_alarm,persistent_FP,stable_correct
t112s,1,Tachycardia,0.0,0.9405415569746868,0.2,0.6208509415388107,0.3,0.5768676996231079,0.9,0.397171613574028,0.0,0.5679825246334076,low,high,low,degraded(<0.9),HR_diff>=15bpm,ECG_beats_with_pulse<0.5,ppg_acf<0.3,PPG,no_ABP,HR>=140,low pulse quality index; PPG artefact / non-periodic pulse; beat detectors disagree (ECG 183 vs PPG 93 bpm)  [heuristic],stable_correct,stable_correct,unstable_true_alarm,persistent_FN,stable_correct
v113l,0,Ventricular_Tachycardia,0.9,0.8397426159104612,0.7,0.5523864358663559,1.0,0.7130847632884979,0.7,0.5093494176864624,1.0,0.5611925661563874,low,high,low,degraded(<0.9),HR_diff>=15bpm,ECG_beats_with_pulse>=0.5,ppg_acf>=0.3,PPG,no_ABP,HR>=140,ECG artefact: high HF power / poor beat-template match; low pulse quality index; beat detectors disagree (ECG 158 vs PPG 129 bpm)  [heuristic],persistent_FP,unstable_false_alarm,persistent_FP,unstable_false_alarm,persistent_FP
t114s,1,Tachycardia,0.0,0.9570348463581755,0.0,0.6464688718318939,0.2,0.5707658708095551,0.2,0.5282521486282349,0.1,0.5297495782375335,mid,high,mid,clean(>=0.9),HR_diff>=15bpm,ECG_beats_with_pulse>=0.5,ppg_acf>=0.3,PPG,no_ABP,HR>=140,beat detectors disagree (ECG 149 vs PPG 118 bpm)  [heuristic],stable_correct,stable_correct,stable_correct,stable_correct,stable_correct
v115l,0,Ventricular_Tachycardia,0.0,0.02164590446031402,0.0,0.2528474174439907,0.0,0.16316716745495796,0.0,0.292701780796051,0.0,0.35278954207897184,mid,high,mid,clean(>=0.9),HR_diff>=15bpm,ECG_beats_with_pulse<0.5,ppg_acf>=0.3,PPG,ABP_available,HR100-140,ECG artefact: high HF power / poor beat-template match; beat detectors disagree (ECG 129 vs PPG 60 bpm)  [heuristic],stable_correct,stable_correct,stable_correct,stable_correct,stable_correct
t117l,1,Tachycardia,0.0,0.9688947862968925,0.0,0.7322429180145263,0.2,0.5848075687885285,0.1,0.5746853291988373,0.3,0.5054420709609986,low,high,low,degraded(<0.9),HR_diff>=15bpm,ECG_beats_with_pulse>=0.5,ppg_acf<0.3,PPG,no_ABP,HR>=140,low pulse quality index; PPG artefact / non-periodic pulse; beat detectors disagree (ECG 152 vs PPG 115 bpm)  [heuristic],stable_correct,stable_correct,stable_correct,stable_correct,unstable_true_alarm
t118s,1,Tachycardia,0.9,0.3168983910182714,0.3,0.6001063019037247,0.8,0.4573849081993103,0.5,0.5030667215585709,0.1,0.5084406077861786,low,high,low,degraded(<0.9),HR_diff>=15bpm,ECG_beats_with_pulse>=0.5,ppg_acf>=0.3,PPG,no_ABP,HR100-140,ECG artefact: high HF power / poor beat-template match; low pulse quality index; beat detectors disagree (ECG 128 vs PPG 61 bpm)  [heuristic],persistent_FN,unstable_true_alarm,persistent_FN,unstable_true_alarm,stable_correct
v119l,0,Ventricular_Tachycardia,1.0,0.9332406723917919,0.3,0.4284785330295563,0.6,0.5514930188655853,0.9,0.5524638563394546,0.2,0.46650547087192534,low,high,low,degraded(<0.9),HR_diff>=15bpm,ECG_beats_with_pulse<0.5,ppg_acf<0.3,PPG,ABP_available,HR>=140,low pulse quality index; PPG artefact / non-periodic pulse; beat detectors disagree (ECG 146 vs PPG 77 bpm)  [heuristic],persistent_FP,unstable_false_alarm,unstable_false_alarm,persistent_FP,stable_correct
f120s,0,Ventricular_Flutter_Fib,0.1,0.2658463875417354,0.2,0.4527057588100433,0.1,0.40840252935886384,0.6,0.49601778090000154,0.1,0.4726416736841202,low,high,low,clean(>=0.9),HR_diff<15bpm,ECG_beats_with_pulse>=0.5,ppg_acf<0.3,PPG,ABP_available,HR>=140,PPG artefact / non-periodic pulse  [heuristic],stable_correct,stable_correct,stable_correct,unstable_false_alarm,stable_correct
f121l,0,Ventricular_Flutter_Fib,0.1,0.3999408569393849,0.7,0.5589950621128082,0.2,0.44757707715034484,0.8,0.5140338122844696,0.7,0.5117381811141968,high,mid,high,clean(>=0.9),HR_diff<15bpm,ECG_beats_with_pulse>=0.5,ppg_acf<0.3,PPG,ABP_available,HR>=140,PPG artefact / non-periodic pulse  [heuristic],stable_correct,unstable_false_alarm,stable_correct,persistent_FP,unstable_false_alarm
v122s,0,Ventricular_Tachycardia,0.2,0.39110325139379654,0.3,0.47218682169914244,0.0,0.4288152426481247,0.2,0.48497923016548156,0.5,0.49292202591896056,mid,mid,mid,clean(>=0.9),HR_diff>=15bpm,ECG_beats_with_pulse>=0.5,ppg_acf<0.3,PPG,ABP_available,HR100-140,PPG artefact / non-periodic pulse; beat detectors disagree (ECG 132 vs PPG 112 bpm)  [heuristic],stable_correct,unstable_false_alarm,stable_correct,stable_correct,unstable_false_alarm
b124s,1,Bradycardia,0.0,0.7293292654756225,0.4,0.5204090923070908,0.4,0.5365363150835037,0.4,0.5125167965888977,1.0,0.4605721175670624,mid,mid,mid,clean(>=0.9),HR_diff<15bpm,ECG_beats_with_pulse<0.5,ppg_acf<0.3,PPG,no_ABP,HR50-100,PPG artefact / non-periodic pulse  [heuristic],stable_correct,unstable_true_alarm,unstable_true_alarm,unstable_true_alarm,persistent_FN
b125l,1,Bradycardia,0.0,0.6893101433941352,0.8,0.4140988767147064,0.9,0.369033619761467,0.4,0.4942031800746918,1.0,0.4507761746644974,mid,high,mid,clean(>=0.9),HR_diff<15bpm,ECG_beats_with_pulse<0.5,ppg_acf<0.3,PPG,no_ABP,HR<50,PPG artefact / non-periodic pulse; pulse absent/uncoupled but ECG regular  [heuristic],stable_correct,persistent_FN,persistent_FN,unstable_true_alarm,persistent_FN
b126s,1,Bradycardia,0.0,0.926160489987577,0.2,0.6218961507081986,0.1,0.5838842213153839,0.2,0.5313260585069657,0.3,0.5193501532077789,low,mid,low,degraded(<0.9),HR_diff<15bpm,ECG_beats_with_pulse<0.5,ppg_acf<0.3,PPG,no_ABP,HR<50,low pulse quality index; PPG artefact / non-periodic pulse  [heuristic],stable_correct,stable_correct,stable_correct,stable_correct,unstable_true_alarm
v127l,0,Ventricular_Tachycardia,0.0,0.26629409049015695,0.0,0.36153449714183805,0.4,0.47498378455638884,0.0,0.3928507834672928,1.0,0.5502916574478149,low,high,low,degraded(<0.9),HR_diff>=15bpm,ECG_beats_with_pulse>=0.5,ppg_acf>=0.3,PPG,no_ABP,ECG<3_beats,low pulse quality index; beat detectors disagree (ECG 0 vs PPG 65 bpm)  [heuristic],stable_correct,stable_correct,unstable_false_alarm,stable_correct,persistent_FP
v128s,0,Ventricular_Tachycardia,0.0,0.18586620749913618,0.0,0.34999175667762755,0.3,0.4859610855579376,0.0,0.407468768954277,1.0,0.5328642725944519,low,mid,low,degraded(<0.9),HR_diff>=15bpm,ECG_beats_with_pulse>=0.5,ppg_acf<0.3,PPG,no_ABP,ECG<3_beats,low pulse quality index; PPG artefact / non-periodic pulse; beat detectors disagree (ECG 0 vs PPG 67 bpm)  [heuristic],stable_correct,stable_correct,unstable_false_alarm,stable_correct,persistent_FP
f129l,0,Ventricular_Flutter_Fib,0.0,0.20763338401071535,0.7,0.5903903305530548,0.5,0.4985355526208878,0.3,0.44928374588489534,1.0,0.5722033143043518,low,high,low,degraded(<0.9),HR_diff<15bpm,ECG_beats_with_pulse<0.5,ppg_acf>=0.3,PPG,ABP_available,HR50-100,low pulse quality index; PPG artefact / non-periodic pulse; pulse absent/uncoupled but ECG regular  [heuristic],stable_correct,unstable_false_alarm,unstable_false_alarm,unstable_false_alarm,persistent_FP
f130s,0,Ventricular_Flutter_Fib,0.1,0.34297973590267516,0.5,0.5340256154537201,0.4,0.46663894653320315,0.4,0.4618735730648041,1.0,0.5775575637817383,mid,mid,mid,clean(>=0.9),HR_diff>=15bpm,ECG_beats_with_pulse>=0.5,ppg_acf<0.3,PPG,ABP_available,HR50-100,PPG artefact / non-periodic pulse; beat detectors disagree (ECG 91 vs PPG 113 bpm)  [heuristic],stable_correct,unstable_false_alarm,unstable_false_alarm,unstable_false_alarm,persistent_FP
v132s,1,Ventricular_Tachycardia,0.1,0.7123656137752996,0.1,0.7180379301309585,0.0,0.6543858647346497,0.0,0.6226120293140411,0.0,0.5758387267589569,high,mid,high,clean(>=0.9),HR_diff>=15bpm,ECG_beats_with_pulse>=0.5,ppg_acf>=0.3,PPG,no_ABP,HR50-100,beat detectors disagree (ECG 77 vs PPG 150 bpm)  [heuristic],stable_correct,stable_correct,stable_correct,stable_correct,stable_correct
a134s,0,Asystole,0.0,0.059728087539254994,0.0,0.3197698161005974,0.0,0.32192266583442686,0.0,0.40816799700260165,0.2,0.4776589721441269,low,low,mid,degraded(<0.9),HR_diff<15bpm,ECG_beats_with_pulse>=0.5,ppg_acf>=0.3,PPG,ABP_available,HR50-100,ECG artefact: high HF power / poor beat-template match; low ECG quality index  [heuristic],stable_correct,stable_correct,stable_correct,stable_correct,stable_correct
v135l,0,Ventricular_Tachycardia,0.6,0.575121386750054,0.7,0.5763514697551727,1.0,0.6852558672428131,0.9,0.5477783918380738,1.0,0.5690135896205902,low,high,low,degraded(<0.9),HR_diff<15bpm,ECG_beats_with_pulse>=0.5,ppg_acf<0.3,PPG,ABP_available,HR50-100,low pulse quality index; PPG artefact / non-periodic pulse  [heuristic],unstable_false_alarm,unstable_false_alarm,persistent_FP,persistent_FP,persistent_FP
v136s,0,Ventricular_Tachycardia,0.0,0.16945671960780942,0.6,0.5563847780227661,0.0,0.3985514670610428,0.7,0.5146533370018005,0.0,0.38355951607227323,low,high,low,clean(>=0.9),HR_diff<15bpm,ECG_beats_with_pulse>=0.5,ppg_acf>=0.3,PPG,ABP_available,HR50-100,"clean concordant rhythm, but model fires (no heuristic flag)  [heuristic]",stable_correct,unstable_false_alarm,stable_correct,unstable_false_alarm,stable_correct
f137l,0,Ventricular_Flutter_Fib,0.0,0.030681490465421284,0.3,0.4346365749835968,0.1,0.3764934718608856,0.0,0.381607124209404,1.0,0.5590166449546814,mid,high,low,clean(>=0.9),HR_diff<15bpm,ECG_beats_with_pulse<0.5,ppg_acf>=0.3,PPG,no_ABP,ECG<3_beats,"clean concordant rhythm, but model fires (no heuristic flag)  [heuristic]",stable_correct,unstable_false_alarm,stable_correct,stable_correct,persistent_FP
f138s,0,Ventricular_Flutter_Fib,0.0,0.10553075437945916,0.2,0.4432137578725815,0.1,0.44513406455516813,0.0,0.4208868622779846,1.0,0.5591691732406616,low,high,low,clean(>=0.9),HR_diff>=15bpm,ECG_beats_with_pulse>=0.5,ppg_acf>=0.3,PPG,no_ABP,ECG<3_beats,beat detectors disagree (ECG 49 vs PPG 75 bpm)  [heuristic],stable_correct,stable_correct,stable_correct,stable_correct,persistent_FP
v139l,1,Ventricular_Tachycardia,0.3,0.5763047410049882,0.9,0.41662557125091554,0.5,0.4987363934516907,0.6,0.4625971883535385,0.2,0.520855900645256,low,high,low,degraded(<0.9),HR_diff<15bpm,ECG_beats_with_pulse>=0.5,ppg_acf<0.3,PPG,no_ABP,HR50-100,low pulse quality index; PPG artefact / non-periodic pulse  [heuristic],unstable_true_alarm,persistent_FN,unstable_true_alarm,unstable_true_alarm,stable_correct
v140s,0,Ventricular_Tachycardia,1.0,0.8716209711823408,0.7,0.5570556640625,0.9,0.6340119749307632,1.0,0.5771466970443726,0.7,0.5016309887170791,high,mid,high,clean(>=0.9),HR_diff<15bpm,ECG_beats_with_pulse>=0.5,ppg_acf>=0.3,PPG,ABP_available,HR>=140,PPG artefact / non-periodic pulse  [heuristic],persistent_FP,unstable_false_alarm,persistent_FP,persistent_FP,unstable_false_alarm
v141l,0,Ventricular_Tachycardia,0.0,0.09503186136402078,0.0,0.35568818598985674,0.2,0.4659437894821167,0.0,0.450905966758728,1.0,0.5317771196365356,high,mid,high,clean(>=0.9),HR_diff>=15bpm,ECG_beats_with_pulse>=0.5,ppg_acf>=0.3,PPG,ABP_available,HR50-100,beat detectors disagree (ECG 94 vs PPG 124 bpm)  [heuristic],stable_correct,stable_correct,stable_correct,stable_correct,persistent_FP
a142s,1,Asystole,0.9,0.34088788404625425,0.2,0.5701912045478821,0.2,0.596333023905754,0.2,0.5442427188158036,0.0,0.5606680274009704,low,high,low,degraded(<0.9),HR_diff<15bpm,ECG_beats_with_pulse>=0.5,ppg_acf<0.3,PPG,ABP_available,HR100-140,low pulse quality index; PPG artefact / non-periodic pulse  [heuristic],persistent_FN,stable_correct,stable_correct,stable_correct,stable_correct
f144s,0,Ventricular_Flutter_Fib,0.0,0.07760497397357265,0.0,0.3430988729000092,0.0,0.3355474814772606,0.0,0.38285287618637087,1.0,0.5452259361743927,low,high,low,clean(>=0.9),HR_diff>=15bpm,ECG_beats_with_pulse>=0.5,ppg_acf>=0.3,PPG,no_ABP,HR100-140,ECG artefact: high HF power / poor beat-template match; beat detectors disagree (ECG 115 vs PPG 97 bpm)  [heuristic],stable_correct,stable_correct,stable_correct,stable_correct,persistent_FP
a145l,0,Asystole,0.8,0.6710442590440844,1.0,0.6480816900730133,0.8,0.6100269317626953,0.8,0.5314682126045227,0.8,0.5195594727993011,low,mid,low,degraded(<0.9),HR_diff>=15bpm,ECG_beats_with_pulse>=0.5,ppg_acf>=0.3,PPG,no_ABP,HR<50,ECG artefact: high HF power / poor beat-template match; low pulse quality index; beat detectors disagree (ECG 24 vs PPG 44 bpm)  [heuristic],persistent_FP,persistent_FP,persistent_FP,persistent_FP,persistent_FP
v146s,0,Ventricular_Tachycardia,0.0,0.028036862080922813,0.0,0.35143446624279023,0.2,0.4582293540239334,0.1,0.43099138140678406,0.7,0.5098092287778855,high,high,high,clean(>=0.9),HR_diff>=15bpm,ECG_beats_with_pulse>=0.5,ppg_acf>=0.3,PPG,no_ABP,HR50-100,ECG artefact: high HF power / poor beat-template match; beat detectors disagree (ECG 72 vs PPG 88 bpm)  [heuristic],stable_correct,stable_correct,stable_correct,stable_correct,unstable_false_alarm
v147l,0,Ventricular_Tachycardia,0.0,0.006125687578778012,0.0,0.20248897075653077,0.0,0.21265732049942015,0.0,0.3149332255125046,0.0,0.36998375654220583,high,high,high,clean(>=0.9),HR_diff>=15bpm,ECG_beats_with_pulse>=0.5,ppg_acf>=0.3,PPG,ABP_available,HR>=140,ECG artefact: high HF power / poor beat-template match; beat detectors disagree (ECG 169 vs PPG 58 bpm)  [heuristic],stable_correct,stable_correct,stable_correct,stable_correct,stable_correct
v148s,0,Ventricular_Tachycardia,0.0,0.0038425290119342313,0.0,0.260819311439991,0.0,0.20009282752871513,0.0,0.37068142294883727,0.0,0.39210117012262347,mid,high,mid,clean(>=0.9),HR_diff>=15bpm,ECG_beats_with_pulse>=0.5,ppg_acf>=0.3,PPG,ABP_available,HR>=140,beat detectors disagree (ECG 149 vs PPG 64 bpm)  [heuristic],stable_correct,stable_correct,stable_correct,stable_correct,stable_correct
t149l,1,Tachycardia,0.0,0.9082811887894897,0.0,0.7318336606025696,0.0,0.6402513265609742,0.6,0.5014700502157211,0.0,0.5348361194133758,mid,high,mid,clean(>=0.9),HR_diff<15bpm,ECG_beats_with_pulse>=0.5,ppg_acf>=0.3,PPG,no_ABP,HR>=140,ECG artefact: high HF power / poor beat-template match  [heuristic],stable_correct,stable_correct,stable_correct,unstable_true_alarm,stable_correct
t150s,1,Tachycardia,0.0,0.8207079613366138,0.1,0.6267047703266144,0.0,0.6077216386795044,0.4,0.5030148506164551,0.1,0.5204126954078674,mid,high,mid,clean(>=0.9),HR_diff>=15bpm,ECG_beats_with_pulse>=0.5,ppg_acf>=0.3,PPG,no_ABP,HR>=140,ECG artefact: high HF power / poor beat-template match; beat detectors disagree (ECG 142 vs PPG 112 bpm)  [heuristic],stable_correct,stable_correct,stable_correct,unstable_true_alarm,stable_correct
t151l,1,Tachycardia,0.0,0.7338820303692974,0.3,0.5510354459285736,0.0,0.5715965628623962,0.8,0.45686814188957214,0.3,0.5132092148065567,low,high,low,clean(>=0.9),HR_diff>=15bpm,ECG_beats_with_pulse>=0.5,ppg_acf>=0.3,PPG,no_ABP,HR>=140,ECG artefact: high HF power / poor beat-template match; beat detectors disagree (ECG 142 vs PPG 90 bpm)  [heuristic],stable_correct,unstable_true_alarm,stable_correct,persistent_FN,unstable_true_alarm
v153l,0,Ventricular_Tachycardia,0.0,0.019847126149016164,0.0,0.2957920517772436,0.0,0.37792147547006605,0.4,0.48222617506980897,0.1,0.43016997873783114,high,high,high,clean(>=0.9),HR_diff<15bpm,ECG_beats_with_pulse>=0.5,ppg_acf>=0.3,PPG,no_ABP,HR50-100,"clean concordant rhythm, but model fires (no heuristic flag)  [heuristic]",stable_correct,stable_correct,stable_correct,unstable_false_alarm,stable_correct
v154s,0,Ventricular_Tachycardia,0.0,0.04576204883439975,0.0,0.25770059004426005,0.0,0.3818680465221405,0.0,0.40423241555690764,0.2,0.41314815580844877,high,high,high,clean(>=0.9),HR_diff<15bpm,ECG_beats_with_pulse>=0.5,ppg_acf>=0.3,PPG,ABP_available,HR100-140,ECG artefact: high HF power / poor beat-template match  [heuristic],stable_correct,stable_correct,stable_correct,stable_correct,stable_correct
v155l,0,Ventricular_Tachycardia,0.0,0.10018301112809283,0.0,0.34191755801439283,0.2,0.42455447018146514,0.0,0.40030181407928467,0.4,0.489719033241272,high,high,high,clean(>=0.9),HR_diff<15bpm,ECG_beats_with_pulse>=0.5,ppg_acf>=0.3,PPG,no_ABP,HR100-140,"clean concordant rhythm, but model fires (no heuristic flag)  [heuristic]",stable_correct,stable_correct,stable_correct,stable_correct,unstable_false_alarm
t156s,1,Tachycardia,0.0,0.982995718829258,0.0,0.830435162782669,0.0,0.7698078334331513,0.0,0.6373684644699097,0.0,0.5590408027172089,mid,low,high,clean(>=0.9),HR_diff>=15bpm,ECG_beats_with_pulse>=0.5,ppg_acf<0.3,PPG,no_ABP,HR>=140,PPG artefact / non-periodic pulse; beat detectors disagree (ECG 154 vs PPG 99 bpm)  [heuristic],stable_correct,stable_correct,stable_correct,stable_correct,stable_correct
t157l,1,Tachycardia,0.0,0.9893181299446224,0.0,0.7865571320056916,0.0,0.7077311694622039,0.0,0.6835832953453064,0.4,0.5030933052301407,high,high,high,clean(>=0.9),HR_diff<15bpm,ECG_beats_with_pulse>=0.5,ppg_acf<0.3,PPG,no_ABP,HR>=140,PPG artefact / non-periodic pulse  [heuristic],stable_correct,stable_correct,stable_correct,stable_correct,unstable_true_alarm
v158s,1,Ventricular_Tachycardia,0.0,0.8725057287263217,0.2,0.5867448657751083,0.0,0.6881020188331604,0.0,0.577932620048523,0.0,0.5687733948230743,low,high,low,degraded(<0.9),HR_diff<15bpm,ECG_beats_with_pulse>=0.5,ppg_acf>=0.3,PPG,no_ABP,HR100-140,ECG artefact: high HF power / poor beat-template match; low pulse quality index  [heuristic],stable_correct,stable_correct,stable_correct,stable_correct,stable_correct
v159l,1,Ventricular_Tachycardia,1.0,0.02809163542530451,0.7,0.43052579313516615,1.0,0.24976618438959122,0.8,0.4332444190979004,0.7,0.45097472369670866,high,mid,high,clean(>=0.9),HR_diff<15bpm,ECG_beats_with_pulse>=0.5,ppg_acf>=0.3,PPG,no_ABP,HR50-100,PPG artefact / non-periodic pulse  [heuristic],persistent_FN,unstable_true_alarm,persistent_FN,persistent_FN,unstable_true_alarm
v160s,0,Ventricular_Tachycardia,0.9,0.7806400814517562,0.9,0.689746978878975,1.0,0.7231861114501953,1.0,0.6084128081798553,0.6,0.46639569401741027,high,mid,high,clean(>=0.9),HR_diff>=15bpm,ECG_beats_with_pulse>=0.5,ppg_acf<0.3,PPG,ABP_available,HR>=140,PPG artefact / non-periodic pulse; beat detectors disagree (ECG 182 vs PPG 157 bpm)  [heuristic],persistent_FP,persistent_FP,persistent_FP,persistent_FP,unstable_false_alarm
a161l,1,Asystole,0.5,0.5155807696066107,0.6,0.5019960939884186,0.0,0.6759663403034211,1.0,0.41677679419517516,0.0,0.5446581423282624,low,mid,low,clean(>=0.9),HR_diff<15bpm,ECG_beats_with_pulse>=0.5,ppg_acf>=0.3,PPG,no_ABP,HR50-100,signals look clean and concordant (no heuristic flag)  [heuristic],unstable_true_alarm,unstable_true_alarm,stable_correct,persistent_FN,stable_correct
v162s,0,Ventricular_Tachycardia,1.0,0.9315514710307266,1.0,0.8172804057598114,1.0,0.7877609074115753,1.0,0.6605601668357849,0.8,0.5151351600885391,mid,high,mid,clean(>=0.9),HR_diff>=15bpm,ECG_beats_with_pulse>=0.5,ppg_acf<0.3,PPG,ABP_available,HR>=140,PPG artefact / non-periodic pulse; beat detectors disagree (ECG 179 vs PPG 100 bpm)  [heuristic],persistent_FP,persistent_FP,persistent_FP,persistent_FP,persistent_FP
a163l,0,Asystole,0.0,0.3156057257254144,0.0,0.24955466240644456,0.7,0.5121338337659835,0.3,0.4625847995281219,0.9,0.5223413109779358,mid,high,mid,clean(>=0.9),HR_diff<15bpm,ECG_beats_with_pulse>=0.5,ppg_acf>=0.3,PPG,no_ABP,HR50-100,"clean concordant rhythm, but model fires (no heuristic flag)  [heuristic]",stable_correct,stable_correct,unstable_false_alarm,unstable_false_alarm,persistent_FP
v164s,0,Ventricular_Tachycardia,0.0,0.02620483053890669,0.0,0.2870758604258299,0.1,0.41183869242668153,0.0,0.44706014096736907,0.3,0.4656035274267197,mid,high,mid,clean(>=0.9),HR_diff<15bpm,ECG_beats_with_pulse>=0.5,ppg_acf>=0.3,PPG,no_ABP,HR50-100,"clean concordant rhythm, but model fires (no heuristic flag)  [heuristic]",stable_correct,stable_correct,stable_correct,stable_correct,unstable_false_alarm
a165l,0,Asystole,0.0,0.0412998373201931,0.0,0.2900134317576885,0.0,0.34942954778671265,0.3,0.4743377357721329,0.1,0.45239763557910917,mid,high,mid,clean(>=0.9),HR_diff<15bpm,ECG_beats_with_pulse>=0.5,ppg_acf>=0.3,PPG,no_ABP,HR50-100,PPG artefact / non-periodic pulse  [heuristic],stable_correct,stable_correct,stable_correct,unstable_false_alarm,stable_correct
v166s,0,Ventricular_Tachycardia,0.0,0.06039867470425919,0.0,0.32303781509399415,0.0,0.38896859288215635,0.0,0.38900746405124664,1.0,0.5301671087741852,low,high,low,degraded(<0.9),HR_diff<15bpm,ECG_beats_with_pulse>=0.5,ppg_acf>=0.3,PPG,ABP_available,HR50-100,ECG artefact: high HF power / poor beat-template match; low pulse quality index  [heuristic],stable_correct,stable_correct,stable_correct,stable_correct,persistent_FP
a167l,1,Asystole,0.0,0.7829324271266027,0.1,0.6464566230773926,0.1,0.6363775461912156,1.0,0.434268519282341,0.0,0.5801973879337311,low,mid,low,degraded(<0.9),HR_diff<15bpm,ECG_beats_with_pulse<0.5,ppg_acf<0.3,PPG,ABP_available,ECG<3_beats,low pulse quality index; PPG artefact / non-periodic pulse  [heuristic],stable_correct,stable_correct,stable_correct,persistent_FN,stable_correct
v168s,0,Ventricular_Tachycardia,0.0,0.16836748966364978,0.1,0.29182527884840964,0.4,0.47715039253234864,0.2,0.46779218018054963,0.9,0.5302746921777726,mid,high,mid,clean(>=0.9),HR_diff<15bpm,ECG_beats_with_pulse>=0.5,ppg_acf<0.3,PPG,ABP_available,HR100-140,PPG artefact / non-periodic pulse  [heuristic],stable_correct,stable_correct,unstable_false_alarm,stable_correct,persistent_FP
v169l,0,Ventricular_Tachycardia,0.0,0.05869346835830239,0.0,0.3077265083789825,0.0,0.35481722056865694,0.1,0.453646120429039,0.0,0.4051229447126389,high,high,high,clean(>=0.9),HR_diff<15bpm,ECG_beats_with_pulse>=0.5,ppg_acf>=0.3,PPG,ABP_available,HR50-100,ECG artefact: high HF power / poor beat-template match  [heuristic],stable_correct,stable_correct,stable_correct,stable_correct,stable_correct
a170s,0,Asystole,1.0,0.7212005625739465,0.0,0.2747296392917633,0.0,0.3714877188205719,0.0,0.3826973855495453,1.0,0.5612311065196991,low,high,low,degraded(<0.9),HR_diff>=15bpm,ECG_beats_with_pulse<0.5,ppg_acf<0.3,PPG,ABP_available,HR100-140,ECG artefact: high HF power / poor beat-template match; low pulse quality index; PPG artefact / non-periodic pulse  [heuristic],persistent_FP,stable_correct,stable_correct,stable_correct,persistent_FP
a171l,0,Asystole,0.2,0.4273029838204752,0.5,0.49861485660076144,0.8,0.5349120080471039,0.3,0.4407119870185852,1.0,0.6186231195926666,high,high,high,clean(>=0.9),HR_diff>=15bpm,ECG_beats_with_pulse<0.5,ppg_acf<0.3,PPG,ABP_available,HR100-140,ECG artefact: high HF power / poor beat-template match; PPG artefact / non-periodic pulse; beat detectors disagree (ECG 130 vs PPG 75 bpm)  [heuristic],stable_correct,unstable_false_alarm,persistent_FP,unstable_false_alarm,persistent_FP
a172s,1,Asystole,0.1,0.736917869454735,1.0,0.27574805468320845,1.0,0.26588126420974734,1.0,0.33013062477111815,0.0,0.5699797868728638,low,high,low,degraded(<0.9),HR_diff>=15bpm,ECG_beats_with_pulse<0.5,ppg_acf<0.3,PPG,ABP_available,HR>=140,ECG artefact: high HF power / poor beat-template match; low pulse quality index; PPG artefact / non-periodic pulse  [heuristic],stable_correct,persistent_FN,persistent_FN,persistent_FN,stable_correct
t173l,1,Tachycardia,0.0,0.9179719606570862,0.0,0.8381850063800812,0.0,0.658960610628128,0.0,0.6109463810920716,0.2,0.5185993760824203,high,high,high,clean(>=0.9),HR_diff<15bpm,ECG_beats_with_pulse>=0.5,ppg_acf>=0.3,PPG,ABP_available,HR>=140,signals look clean and concordant (no heuristic flag)  [heuristic],stable_correct,stable_correct,stable_correct,stable_correct,stable_correct
t174s,1,Tachycardia,0.0,0.9692971742011295,0.0,0.7276327848434448,0.0,0.6378872632980347,0.1,0.5756457895040512,0.6,0.49420695304870604,high,high,high,clean(>=0.9),HR_diff<15bpm,ECG_beats_with_pulse>=0.5,ppg_acf<0.3,PPG,ABP_available,HR>=140,PPG artefact / non-periodic pulse  [heuristic],stable_correct,stable_correct,stable_correct,stable_correct,unstable_true_alarm
t175l,1,Tachycardia,0.0,0.9846058916168765,0.0,0.736523962020874,0.1,0.6711800187826157,0.3,0.5828517079353333,0.4,0.508545657992363,high,high,high,clean(>=0.9),HR_diff<15bpm,ECG_beats_with_pulse>=0.5,ppg_acf<0.3,PPG,ABP_available,HR>=140,PPG artefact / non-periodic pulse  [heuristic],stable_correct,stable_correct,stable_correct,unstable_true_alarm,unstable_true_alarm
v176s,0,Ventricular_Tachycardia,0.0,0.01548121624133517,0.0,0.24172045066952705,0.0,0.31753760278224946,0.1,0.40221703946590426,0.0,0.33090765923261645,high,high,high,clean(>=0.9),HR_diff<15bpm,ECG_beats_with_pulse>=0.5,ppg_acf>=0.3,PPG,ABP_available,HR50-100,PPG artefact / non-periodic pulse  [heuristic],stable_correct,stable_correct,stable_correct,stable_correct,stable_correct
v177l,0,Ventricular_Tachycardia,0.0,0.16274020587121824,0.3,0.45270719528198244,1.0,0.605327183008194,0.6,0.5137030333280563,0.2,0.48125897645950316,high,high,high,clean(>=0.9),HR_diff<15bpm,ECG_beats_with_pulse>=0.5,ppg_acf<0.3,PPG,ABP_available,HR100-140,PPG artefact / non-periodic pulse  [heuristic],stable_correct,unstable_false_alarm,persistent_FP,unstable_false_alarm,stable_correct
a178s,0,Asystole,0.0,0.016109565142239192,0.0,0.24434642717242241,0.0,0.19579342752695084,0.0,0.3951035290956497,0.0,0.27840913385152816,low,low,high,degraded(<0.9),HR_diff>=15bpm,ECG_beats_with_pulse<0.5,ppg_acf>=0.3,PPG,ABP_available,ECG<3_beats,low ECG quality index; beat detectors disagree (ECG 0 vs PPG 79 bpm)  [heuristic],stable_correct,stable_correct,stable_correct,stable_correct,stable_correct
v179l,0,Ventricular_Tachycardia,0.0,0.07973244450600447,0.0,0.36505468636751176,0.0,0.27729729264974595,0.6,0.49667384624481203,0.0,0.34602089524269103,high,mid,high,clean(>=0.9),HR_diff>=15bpm,ECG_beats_with_pulse>=0.5,ppg_acf>=0.3,PPG,ABP_available,ECG<3_beats,beat detectors disagree (ECG 0 vs PPG 88 bpm)  [heuristic],stable_correct,stable_correct,stable_correct,unstable_false_alarm,stable_correct
v180s,0,Ventricular_Tachycardia,0.0,0.032088647450409735,0.0,0.28469676375389097,0.0,0.394417068362236,0.2,0.4734159976243973,0.1,0.4497938871383667,mid,mid,low,clean(>=0.9),HR_diff<15bpm,ECG_beats_with_pulse>=0.5,ppg_acf>=0.3,PPG,ABP_available,HR50-100,"clean concordant rhythm, but model fires (no heuristic flag)  [heuristic]",stable_correct,stable_correct,stable_correct,stable_correct,stable_correct
v182s,0,Ventricular_Tachycardia,0.0,0.035725344905956934,0.3,0.45494437515735625,0.6,0.5404646277427674,0.9,0.5411818951368332,1.0,0.5333638489246368,low,high,low,clean(>=0.9),HR_diff>=15bpm,ECG_beats_with_pulse>=0.5,ppg_acf>=0.3,PPG,ABP_available,HR<50,ECG artefact: high HF power / poor beat-template match; beat detectors disagree (ECG 42 vs PPG 107 bpm)  [heuristic],stable_correct,unstable_false_alarm,unstable_false_alarm,persistent_FP,persistent_FP
b183l,1,Bradycardia,0.0,0.8417370280603931,0.8,0.4244451865553856,0.4,0.5282478958368302,0.6,0.4705986052751541,0.6,0.48726806938648226,low,mid,low,degraded(<0.9),HR_diff<15bpm,ECG_beats_with_pulse<0.5,ppg_acf>=0.3,PPG,no_ABP,HR50-100,low pulse quality index  [heuristic],stable_correct,persistent_FN,unstable_true_alarm,unstable_true_alarm,unstable_true_alarm
b184s,0,Bradycardia,0.0,0.13645015638899913,0.1,0.35323951542377474,0.0,0.26541334837675096,0.2,0.4459930658340454,0.1,0.4130456894636154,mid,high,mid,clean(>=0.9),HR_diff>=15bpm,ECG_beats_with_pulse<0.5,ppg_acf>=0.3,PPG,no_ABP,HR<50,beat detectors disagree (ECG 40 vs PPG 63 bpm)  [heuristic],stable_correct,stable_correct,stable_correct,stable_correct,stable_correct
a186s,0,Asystole,0.6,0.49468244866500816,0.8,0.5669032126665116,0.8,0.5524322539567947,0.3,0.4643159180879593,1.0,0.5577821254730224,low,mid,low,clean(>=0.9),HR_diff>=15bpm,ECG_beats_with_pulse<0.5,ppg_acf<0.3,PPG,no_ABP,HR<50,PPG artefact / non-periodic pulse; beat detectors disagree (ECG 39 vs PPG 116 bpm)  [heuristic],unstable_false_alarm,persistent_FP,persistent_FP,unstable_false_alarm,persistent_FP
b187l,1,Bradycardia,0.5,0.48048391111905736,0.9,0.4280187994241714,0.8,0.4664177387952805,1.0,0.4009262204170227,0.3,0.535210719704628,low,low,low,degraded(<0.9),HR_diff>=15bpm,ECG_beats_with_pulse<0.5,ppg_acf>=0.3,PPG,no_ABP,HR100-140,ECG artefact: high HF power / poor beat-template match; low pulse quality index; beat detectors disagree (ECG 129 vs PPG 50 bpm)  [heuristic],unstable_true_alarm,persistent_FN,persistent_FN,persistent_FN,unstable_true_alarm
v188s,1,Ventricular_Tachycardia,0.9,0.3098549511303982,0.9,0.3031974658370018,1.0,0.2387076660990715,1.0,0.32486620247364045,0.9,0.4084783405065536,mid,high,mid,clean(>=0.9),HR_diff>=15bpm,ECG_beats_with_pulse<0.5,ppg_acf>=0.3,PPG,no_ABP,HR100-140,beat detectors disagree (ECG 129 vs PPG 65 bpm); pulse absent/uncoupled but ECG regular  [heuristic],persistent_FN,persistent_FN,persistent_FN,persistent_FN,persistent_FN
f189l,0,Ventricular_Flutter_Fib,0.0,0.08682217256852566,0.0,0.25368463844060896,0.0,0.25575297623872756,0.0,0.38689239919185636,0.0,0.3687186062335968,mid,high,mid,clean(>=0.9),HR_diff<15bpm,ECG_beats_with_pulse>=0.5,ppg_acf>=0.3,PPG,no_ABP,HR100-140,ECG artefact: high HF power / poor beat-template match  [heuristic],stable_correct,stable_correct,stable_correct,stable_correct,stable_correct
f190s,0,Ventricular_Flutter_Fib,0.0,0.28091304502319214,0.0,0.2785678878426552,0.0,0.24517879635095596,0.0,0.4234174251556396,0.3,0.4862238645553589,low,low,low,clean(>=0.9),HR_diff>=15bpm,ECG_beats_with_pulse>=0.5,ppg_acf>=0.3,PPG,no_ABP,HR<50,PPG artefact / non-periodic pulse; beat detectors disagree (ECG 32 vs PPG 155 bpm)  [heuristic],stable_correct,stable_correct,stable_correct,stable_correct,unstable_false_alarm
t191l,1,Tachycardia,0.0,0.9851259239173471,0.2,0.6471345722675323,0.6,0.48907336592674255,0.5,0.4850912630558014,0.0,0.5747414469718933,mid,high,mid,clean(>=0.9),HR_diff<15bpm,ECG_beats_with_pulse>=0.5,ppg_acf>=0.3,PPG,no_ABP,HR>=140,signals look clean and concordant (no heuristic flag)  [heuristic],stable_correct,stable_correct,unstable_true_alarm,unstable_true_alarm,stable_correct
t192s,1,Tachycardia,0.0,0.7663751490603885,0.5,0.45289597660303116,0.5,0.4976313203573227,0.5,0.5040007263422013,0.0,0.5394436836242675,high,high,high,clean(>=0.9),HR_diff<15bpm,ECG_beats_with_pulse>=0.5,ppg_acf>=0.3,PPG,no_ABP,HR100-140,PPG artefact / non-periodic pulse  [heuristic],stable_correct,unstable_true_alarm,unstable_true_alarm,unstable_true_alarm,stable_correct
t193l,1,Tachycardia,0.0,0.9627833527453349,0.2,0.6697161734104157,0.6,0.5074428528547287,0.5,0.5037109792232514,0.0,0.5524370670318604,high,high,high,clean(>=0.9),HR_diff<15bpm,ECG_beats_with_pulse>=0.5,ppg_acf>=0.3,PPG,no_ABP,HR100-140,signals look clean and concordant (no heuristic flag)  [heuristic],stable_correct,stable_correct,unstable_true_alarm,unstable_true_alarm,stable_correct
v194s,1,Ventricular_Tachycardia,0.0,0.946049745486849,0.0,0.7878835141658783,0.0,0.7338454961776734,0.0,0.5994469106197358,0.0,0.5824835658073425,mid,mid,mid,clean(>=0.9),HR_diff<15bpm,ECG_beats_with_pulse>=0.5,ppg_acf<0.3,PPG,no_ABP,HR100-140,PPG artefact / non-periodic pulse  [heuristic],stable_correct,stable_correct,stable_correct,stable_correct,stable_correct
t195l,1,Tachycardia,0.0,0.9751028063889194,0.0,0.7501425087451935,0.0,0.7025048494338989,0.0,0.619588041305542,0.0,0.5723219156265259,high,high,high,clean(>=0.9),HR_diff>=15bpm,ECG_beats_with_pulse>=0.5,ppg_acf<0.3,PPG,no_ABP,HR>=140,PPG artefact / non-periodic pulse; beat detectors disagree (ECG 145 vs PPG 113 bpm)  [heuristic],stable_correct,stable_correct,stable_correct,stable_correct,stable_correct
v198s,0,Ventricular_Tachycardia,0.0,0.2079600523439916,0.1,0.3097988098859787,0.3,0.4583496659994125,0.4,0.482589527964592,0.7,0.5205496191978455,mid,high,mid,clean(>=0.9),HR_diff>=15bpm,ECG_beats_with_pulse>=0.5,ppg_acf<0.3,PPG,no_ABP,HR100-140,PPG artefact / non-periodic pulse; beat detectors disagree (ECG 121 vs PPG 103 bpm)  [heuristic],stable_correct,stable_correct,unstable_false_alarm,unstable_false_alarm,unstable_false_alarm
v199l,1,Ventricular_Tachycardia,0.9,0.29415248092779384,0.7,0.45599258244037627,0.7,0.46364133059978485,0.6,0.47326491475105287,0.0,0.5574461221694946,high,low,high,clean(>=0.9),HR_diff<15bpm,ECG_beats_with_pulse>=0.5,ppg_acf>=0.3,PPG,no_ABP,HR100-140,signals look clean and concordant (no heuristic flag)  [heuristic],persistent_FN,unstable_true_alarm,unstable_true_alarm,unstable_true_alarm,stable_correct
v200s,0,Ventricular_Tachycardia,0.0,0.03110701288495122,0.0,0.21781310811638832,0.0,0.21214456856250763,0.0,0.3228994935750961,0.0,0.40959067940711974,mid,high,mid,clean(>=0.9),HR_diff>=15bpm,ECG_beats_with_pulse>=0.5,ppg_acf>=0.3,PPG,ABP_available,ECG<3_beats,beat detectors disagree (ECG 0 vs PPG 109 bpm)  [heuristic],stable_correct,stable_correct,stable_correct,stable_correct,stable_correct
v201l,0,Ventricular_Tachycardia,0.7,0.6271330063567491,0.3,0.42289095669984816,0.9,0.5981839716434478,1.0,0.6630140721797944,0.1,0.4295432955026627,mid,high,mid,clean(>=0.9),HR_diff<15bpm,ECG_beats_with_pulse>=0.5,ppg_acf<0.3,PPG,ABP_available,HR50-100,PPG artefact / non-periodic pulse  [heuristic],unstable_false_alarm,unstable_false_alarm,persistent_FP,persistent_FP,stable_correct
v202s,0,Ventricular_Tachycardia,0.0,0.07628529577784747,0.3,0.4111709207296371,0.6,0.5120755583047867,0.2,0.46959230601787566,1.0,0.5478996515274048,high,high,high,clean(>=0.9),HR_diff<15bpm,ECG_beats_with_pulse>=0.5,ppg_acf<0.3,PPG,ABP_available,HR50-100,PPG artefact / non-periodic pulse  [heuristic],stable_correct,unstable_false_alarm,unstable_false_alarm,stable_correct,persistent_FP
a203l,1,Asystole,0.2,0.580059544939463,0.3,0.6252300769090653,0.8,0.4564072132110596,1.0,0.4199462741613388,0.0,0.563429719209671,low,mid,low,degraded(<0.9),HR_diff<15bpm,ECG_beats_with_pulse<0.5,ppg_acf<0.3,PPG,no_ABP,ECG<3_beats,low pulse quality index; PPG artefact / non-periodic pulse  [heuristic],stable_correct,unstable_true_alarm,persistent_FN,persistent_FN,stable_correct
v204s,0,Ventricular_Tachycardia,0.0,0.13010083731781222,0.0,0.41761199533939364,0.3,0.47133544087409973,0.1,0.40913143157958987,1.0,0.5491180896759034,high,high,high,clean(>=0.9),HR_diff>=15bpm,ECG_beats_with_pulse>=0.5,ppg_acf<0.3,PPG,no_ABP,ECG<3_beats,ECG artefact: high HF power / poor beat-template match; PPG artefact / non-periodic pulse; beat detectors disagree (ECG 48 vs PPG 103 bpm)  [heuristic],stable_correct,stable_correct,unstable_false_alarm,stable_correct,persistent_FP
v205l,0,Ventricular_Tachycardia,0.0,0.10560746306029509,0.2,0.3681335836648941,0.1,0.408767057955265,0.0,0.4206715404987335,1.0,0.5312874734401702,high,mid,high,clean(>=0.9),HR_diff<15bpm,ECG_beats_with_pulse>=0.5,ppg_acf>=0.3,PPG,ABP_available,HR50-100,"clean concordant rhythm, but model fires (no heuristic flag)  [heuristic]",stable_correct,stable_correct,stable_correct,stable_correct,persistent_FP
v206s,1,Ventricular_Tachycardia,1.0,0.08741442175045706,1.0,0.24770763516426086,1.0,0.3729673892259598,1.0,0.4339541643857956,1.0,0.42078947722911836,high,high,high,clean(>=0.9),HR_diff<15bpm,ECG_beats_with_pulse>=0.5,ppg_acf>=0.3,PPG,no_ABP,HR50-100,signals look clean and concordant (no heuristic flag)  [heuristic],persistent_FN,persistent_FN,persistent_FN,persistent_FN,persistent_FN
v207l,0,Ventricular_Tachycardia,0.0,0.005991490102315817,0.0,0.23237170726060868,0.0,0.20625155717134475,0.0,0.33074074387550356,0.0,0.38983930349349977,high,mid,high,clean(>=0.9),HR_diff>=15bpm,ECG_beats_with_pulse>=0.5,ppg_acf>=0.3,PPG,no_ABP,HR<50,ECG artefact: high HF power / poor beat-template match; beat detectors disagree (ECG 48 vs PPG 83 bpm)  [heuristic],stable_correct,stable_correct,stable_correct,stable_correct,stable_correct
v210s,0,Ventricular_Tachycardia,0.0,0.02782434327700093,0.2,0.39619396477937696,0.1,0.451359823346138,0.8,0.5439800560474396,0.4,0.4675646960735321,high,high,high,clean(>=0.9),HR_diff<15bpm,ECG_beats_with_pulse>=0.5,ppg_acf>=0.3,PPG,no_ABP,HR100-140,ECG artefact: high HF power / poor beat-template match  [heuristic],stable_correct,stable_correct,stable_correct,persistent_FP,unstable_false_alarm
v211l,0,Ventricular_Tachycardia,0.0,0.08288576246790605,0.1,0.2890914909541607,0.3,0.46408176720142363,0.9,0.5561294049024582,0.0,0.4223512262105942,high,high,high,clean(>=0.9),HR_diff<15bpm,ECG_beats_with_pulse>=0.5,ppg_acf>=0.3,PPG,no_ABP,HR100-140,ECG artefact: high HF power / poor beat-template match  [heuristic],stable_correct,stable_correct,unstable_false_alarm,persistent_FP,stable_correct
v212s,0,Ventricular_Tachycardia,0.0,0.013535369860711416,0.0,0.26987621635198594,0.0,0.24401803240180014,0.0,0.39130220413208006,0.2,0.404629248380661,low,low,high,clean(>=0.9),HR_diff>=15bpm,ECG_beats_with_pulse>=0.5,ppg_acf>=0.3,PPG,no_ABP,HR<50,beat detectors disagree (ECG 49 vs PPG 123 bpm)  [heuristic],stable_correct,stable_correct,stable_correct,stable_correct,stable_correct
t213l,1,Tachycardia,0.0,0.9797496574151181,0.0,0.7892547965049743,0.0,0.7445468425750732,0.0,0.6424782156944275,0.1,0.5178990572690964,mid,high,mid,clean(>=0.9),HR_diff>=15bpm,ECG_beats_with_pulse>=0.5,ppg_acf<0.3,PPG,ABP_available,HR>=140,PPG artefact / non-periodic pulse; beat detectors disagree (ECG 152 vs PPG 66 bpm)  [heuristic],stable_correct,stable_correct,stable_correct,stable_correct,stable_correct
t214s,1,Tachycardia,0.0,0.9955119297587028,0.0,0.8041347384452819,0.0,0.7178240597248078,0.0,0.6866648733615875,0.6,0.4967414379119873,mid,high,low,clean(>=0.9),HR_diff<15bpm,ECG_beats_with_pulse>=0.5,ppg_acf<0.3,PPG,ABP_available,HR>=140,PPG artefact / non-periodic pulse  [heuristic],stable_correct,stable_correct,stable_correct,stable_correct,unstable_true_alarm
b215l,0,Bradycardia,0.0,0.014964685348174824,0.0,0.298757940530777,0.0,0.2818354591727257,0.0,0.38769047856330874,0.0,0.3757266491651535,high,high,high,clean(>=0.9),HR_diff>=15bpm,ECG_beats_with_pulse>=0.5,ppg_acf>=0.3,PPG,ABP_available,HR<50,beat detectors disagree (ECG 35 vs PPG 103 bpm)  [heuristic],stable_correct,stable_correct,stable_correct,stable_correct,stable_correct
b216s,0,Bradycardia,0.0,0.02779695130182559,0.0,0.21116457358002663,0.0,0.2796470671892166,0.6,0.49826177060604093,0.0,0.2946152925491333,high,high,high,clean(>=0.9),HR_diff<15bpm,ECG_beats_with_pulse>=0.5,ppg_acf>=0.3,PPG,ABP_available,HR50-100,"clean concordant rhythm, but model fires (no heuristic flag)  [heuristic]",stable_correct,stable_correct,stable_correct,unstable_false_alarm,stable_correct
v217l,0,Ventricular_Tachycardia,0.0,0.060396538498577554,0.0,0.22474565878510475,0.0,0.20773809924721717,0.0,0.2946135729551315,0.6,0.5071434378623962,mid,low,high,clean(>=0.9),HR_diff<15bpm,ECG_beats_with_pulse>=0.5,ppg_acf>=0.3,PPG,ABP_available,HR100-140,ECG artefact: high HF power / poor beat-template match  [heuristic],stable_correct,stable_correct,stable_correct,stable_correct,unstable_false_alarm
v218s,0,Ventricular_Tachycardia,0.0,0.01768578749702134,0.0,0.2283477857708931,0.0,0.2833472594618797,0.3,0.437584725022316,0.0,0.40940421223640444,low,low,mid,clean(>=0.9),HR_diff>=15bpm,ECG_beats_with_pulse>=0.5,ppg_acf>=0.3,PPG,ABP_available,ECG<3_beats,beat detectors disagree (ECG 181 vs PPG 111 bpm)  [heuristic],stable_correct,stable_correct,stable_correct,unstable_false_alarm,stable_correct
a219l,0,Asystole,0.2,0.3787905070834785,0.3,0.4354510396718979,0.9,0.6340284079313279,0.9,0.5428324103355407,1.0,0.5323530495166778,low,low,low,degraded(<0.9),HR_diff>=15bpm,ECG_beats_with_pulse>=0.5,ppg_acf<0.3,PPG,no_ABP,HR50-100,low ECG quality index; low pulse quality index; PPG artefact / non-periodic pulse  [heuristic],stable_correct,unstable_false_alarm,persistent_FP,persistent_FP,persistent_FP
b220s,1,Bradycardia,0.1,0.7947534272605838,0.1,0.6524764448404312,0.1,0.6524247825145721,0.3,0.5264687240123749,0.0,0.5610007405281067,low,low,low,degraded(<0.9),HR_diff>=15bpm,ECG_beats_with_pulse<0.5,ppg_acf>=0.3,PPG,no_ABP,HR<50,low ECG quality index; low pulse quality index; beat detectors disagree (ECG 30 vs PPG 85 bpm)  [heuristic],stable_correct,stable_correct,stable_correct,unstable_true_alarm,stable_correct
v221l,1,Ventricular_Tachycardia,1.0,0.09791684072573996,0.3,0.5420236110687255,1.0,0.2596356213092804,0.8,0.43831913769245145,0.9,0.4648799538612366,high,mid,high,clean(>=0.9),HR_diff<15bpm,ECG_beats_with_pulse>=0.5,ppg_acf>=0.3,PPG,ABP_available,HR50-100,ECG artefact: high HF power / poor beat-template match  [heuristic],persistent_FN,unstable_true_alarm,persistent_FN,persistent_FN,persistent_FN
v222s,0,Ventricular_Tachycardia,0.0,0.012444457493518385,0.0,0.2156171403825283,0.0,0.20820009857416152,0.0,0.3535014301538467,0.0,0.33950075507164,high,mid,high,clean(>=0.9),HR_diff>=15bpm,ECG_beats_with_pulse>=0.5,ppg_acf>=0.3,PPG,ABP_available,HR<50,beat detectors disagree (ECG 28 vs PPG 80 bpm)  [heuristic],stable_correct,stable_correct,stable_correct,stable_correct,stable_correct
a223l,0,Asystole,0.0,0.04400689643453546,0.0,0.25144399553537367,0.0,0.22338201403617858,0.0,0.3218077152967453,0.7,0.5107165545225143,high,high,high,clean(>=0.9),HR_diff>=15bpm,ECG_beats_with_pulse>=0.5,ppg_acf>=0.3,PPG,ABP_available,HR>=140,ECG artefact: high HF power / poor beat-template match; beat detectors disagree (ECG 268 vs PPG 81 bpm)  [heuristic],stable_correct,stable_correct,stable_correct,stable_correct,unstable_false_alarm
v224s,0,Ventricular_Tachycardia,0.0,0.03294341206986777,0.0,0.21409687846899034,0.0,0.19746453389525415,0.2,0.4434886008501053,0.0,0.35109506994485856,high,high,high,clean(>=0.9),HR_diff<15bpm,ECG_beats_with_pulse>=0.5,ppg_acf>=0.3,PPG,ABP_available,HR50-100,"clean concordant rhythm, but model fires (no heuristic flag)  [heuristic]",stable_correct,stable_correct,stable_correct,stable_correct,stable_correct
a225l,0,Asystole,0.0,0.008352503329906152,0.0,0.27468467876315117,0.0,0.16662529110908508,0.0,0.34246973395347596,0.0,0.33626880049705504,high,high,high,clean(>=0.9),HR_diff>=15bpm,ECG_beats_with_pulse>=0.5,ppg_acf>=0.3,PPG,ABP_available,HR100-140,beat detectors disagree (ECG 106 vs PPG 80 bpm)  [heuristic],stable_correct,stable_correct,stable_correct,stable_correct,stable_correct
a226s,0,Asystole,0.0,0.01470184634162291,0.0,0.34542886167764664,0.0,0.24617191702127456,0.1,0.3949445873498917,0.0,0.3097363978624344,high,high,high,clean(>=0.9),HR_diff<15bpm,ECG_beats_with_pulse>=0.5,ppg_acf>=0.3,PPG,ABP_available,HR50-100,ECG artefact: high HF power / poor beat-template match  [heuristic],stable_correct,stable_correct,stable_correct,stable_correct,stable_correct
b227l,1,Bradycardia,0.0,0.9553214099269096,0.1,0.7031177580356598,0.0,0.5951266467571259,0.1,0.5385647505521775,0.3,0.5246632337570191,low,low,low,degraded(<0.9),HR_diff<15bpm,ECG_beats_with_pulse>=0.5,ppg_acf<0.3,PPG,no_ABP,HR<50,low pulse quality index; PPG artefact / non-periodic pulse  [heuristic],stable_correct,stable_correct,stable_correct,stable_correct,unstable_true_alarm
b228s,1,Bradycardia,0.0,0.9584431117772432,0.1,0.6638708084821701,0.3,0.5817008167505264,0.1,0.5397112011909485,0.4,0.5103496551513672,low,high,low,degraded(<0.9),HR_diff<15bpm,ECG_beats_with_pulse>=0.5,ppg_acf>=0.3,PPG,no_ABP,HR<50,low pulse quality index  [heuristic],stable_correct,stable_correct,unstable_true_alarm,stable_correct,unstable_true_alarm
b229l,1,Bradycardia,0.0,0.9666310673078286,0.1,0.6636639326810837,0.2,0.5606597632169723,0.1,0.5246515691280365,0.3,0.5216462016105652,low,mid,low,degraded(<0.9),HR_diff<15bpm,ECG_beats_with_pulse>=0.5,ppg_acf<0.3,PPG,no_ABP,HR<50,low pulse quality index; PPG artefact / non-periodic pulse  [heuristic],stable_correct,stable_correct,stable_correct,stable_correct,unstable_true_alarm
v230s,0,Ventricular_Tachycardia,0.0,0.023733268797627133,0.0,0.2488656036555767,0.0,0.3164032906293869,0.0,0.36281893849372865,0.6,0.5110290795564651,mid,low,high,clean(>=0.9),HR_diff>=15bpm,ECG_beats_with_pulse>=0.5,ppg_acf>=0.3,PPG,ABP_available,HR50-100,ECG artefact: high HF power / poor beat-template match; beat detectors disagree (ECG 89 vs PPG 118 bpm)  [heuristic],stable_correct,stable_correct,stable_correct,stable_correct,unstable_false_alarm
b231l,0,Bradycardia,0.0,0.0659036445129939,0.0,0.2709469020366669,0.1,0.45555231869220736,0.1,0.4159406304359436,1.0,0.5748276174068451,low,high,low,degraded(<0.9),HR_diff<15bpm,ECG_beats_with_pulse>=0.5,ppg_acf>=0.3,PPG,ABP_available,HR100-140,low pulse quality index  [heuristic],stable_correct,stable_correct,stable_correct,stable_correct,persistent_FP
v232s,0,Ventricular_Tachycardia,0.0,0.26545989476961335,0.4,0.47469193339347837,0.7,0.5255842119455337,0.0,0.4172153025865555,1.0,0.5374852478504181,low,low,low,clean(>=0.9),HR_diff>=15bpm,ECG_beats_with_pulse>=0.5,ppg_acf<0.3,PPG,ABP_available,HR100-140,ECG artefact: high HF power / poor beat-template match; PPG artefact / non-periodic pulse; beat detectors disagree (ECG 123 vs PPG 107 bpm)  [heuristic],stable_correct,unstable_false_alarm,unstable_false_alarm,stable_correct,persistent_FP
v233l,0,Ventricular_Tachycardia,0.0,0.041819570865361436,0.0,0.24608413279056549,0.0,0.2981846570968628,0.1,0.4170721560716629,0.0,0.34312075972557066,mid,low,mid,clean(>=0.9),HR_diff>=15bpm,ECG_beats_with_pulse>=0.5,ppg_acf>=0.3,PPG,ABP_available,HR50-100,ECG artefact: high HF power / poor beat-template match; beat detectors disagree (ECG 65 vs PPG 95 bpm)  [heuristic],stable_correct,stable_correct,stable_correct,stable_correct,stable_correct
t234s,1,Tachycardia,0.0,0.9932881674741083,0.0,0.8444056749343872,0.0,0.6618649125099182,0.0,0.6436246752738952,0.0,0.585164475440979,high,low,high,clean(>=0.9),HR_diff<15bpm,ECG_beats_with_pulse>=0.5,ppg_acf>=0.3,PPG,no_ABP,HR>=140,signals look clean and concordant (no heuristic flag)  [heuristic],stable_correct,stable_correct,stable_correct,stable_correct,stable_correct
t235l,1,Tachycardia,0.0,0.9928180047807752,0.1,0.8516651421785355,0.0,0.6459733426570893,0.0,0.6152105033397675,0.0,0.5767913460731506,mid,mid,mid,clean(>=0.9),HR_diff<15bpm,ECG_beats_with_pulse>=0.5,ppg_acf>=0.3,PPG,no_ABP,HR>=140,signals look clean and concordant (no heuristic flag)  [heuristic],stable_correct,stable_correct,stable_correct,stable_correct,stable_correct
t238s,1,Tachycardia,0.0,0.9821828153303827,0.0,0.8118752300739288,0.0,0.6216723918914795,0.3,0.5268853157758713,0.1,0.5544227719306946,high,high,high,clean(>=0.9),HR_diff<15bpm,ECG_beats_with_pulse>=0.5,ppg_acf>=0.3,PPG,no_ABP,HR>=140,signals look clean and concordant (no heuristic flag)  [heuristic],stable_correct,stable_correct,stable_correct,unstable_true_alarm,stable_correct
a239l,0,Asystole,0.0,0.03816036902635196,0.0,0.3231354221701622,0.0,0.3442393898963928,0.6,0.5016574174165725,0.0,0.3810976594686508,mid,high,mid,clean(>=0.9),HR_diff<15bpm,ECG_beats_with_pulse>=0.5,ppg_acf>=0.3,PPG,no_ABP,HR50-100,"clean concordant rhythm, but model fires (no heuristic flag)  [heuristic]",stable_correct,stable_correct,stable_correct,unstable_false_alarm,stable_correct
t240s,1,Tachycardia,0.0,0.9810058424088697,0.0,0.6637972474098206,0.0,0.5761337339878082,0.7,0.48027568161487577,0.1,0.5351000398397445,high,mid,high,clean(>=0.9),HR_diff<15bpm,ECG_beats_with_pulse>=0.5,ppg_acf>=0.3,PPG,no_ABP,HR>=140,signals look clean and concordant (no heuristic flag)  [heuristic],stable_correct,stable_correct,stable_correct,unstable_true_alarm,stable_correct
v241l,0,Ventricular_Tachycardia,0.0,0.01882997730273658,0.0,0.31796074360609056,0.0,0.2360376998782158,0.2,0.4389537453651428,0.0,0.3530768632888794,high,high,high,clean(>=0.9),HR_diff>=15bpm,ECG_beats_with_pulse<0.5,ppg_acf>=0.3,PPG,ABP_available,ECG<3_beats,beat detectors disagree (ECG 0 vs PPG 62 bpm)  [heuristic],stable_correct,stable_correct,stable_correct,stable_correct,stable_correct
v242s,0,Ventricular_Tachycardia,0.0,0.09885775662716917,0.0,0.3769222766160965,0.0,0.3222163334488869,0.0,0.3760429948568344,0.6,0.5164862215518952,high,mid,high,clean(>=0.9),HR_diff<15bpm,ECG_beats_with_pulse>=0.5,ppg_acf<0.3,PPG,no_ABP,HR50-100,ECG artefact: high HF power / poor beat-template match; PPG artefact / non-periodic pulse  [heuristic],stable_correct,stable_correct,stable_correct,stable_correct,unstable_false_alarm
v243l,0,Ventricular_Tachycardia,0.0,0.15306956990735027,0.0,0.29188026636838915,0.0,0.35299243330955504,0.0,0.40638424158096315,0.6,0.5038684755563736,mid,high,mid,clean(>=0.9),HR_diff>=15bpm,ECG_beats_with_pulse>=0.5,ppg_acf<0.3,PPG,no_ABP,HR<50,PPG artefact / non-periodic pulse; beat detectors disagree (ECG 32 vs PPG 80 bpm)  [heuristic],stable_correct,stable_correct,stable_correct,stable_correct,unstable_false_alarm
v244s,0,Ventricular_Tachycardia,0.0,0.005681701334981971,0.0,0.3116862788796425,0.0,0.2582116574048996,0.0,0.391891211271286,0.0,0.3306481674313545,high,high,high,clean(>=0.9),HR_diff>=15bpm,ECG_beats_with_pulse>=0.5,ppg_acf>=0.3,PPG,no_ABP,ECG<3_beats,PPG artefact / non-periodic pulse; beat detectors disagree (ECG 109 vs PPG 73 bpm)  [heuristic],stable_correct,stable_correct,stable_correct,stable_correct,stable_correct
v245l,0,Ventricular_Tachycardia,0.0,0.025638211259198553,0.1,0.31174632608890535,0.0,0.21724777221679686,0.9,0.5312194645404815,0.1,0.38051914870738984,low,low,high,degraded(<0.9),HR_diff>=15bpm,ECG_beats_with_pulse<0.5,ppg_acf>=0.3,PPG,no_ABP,ECG<3_beats,low ECG quality index; beat detectors disagree (ECG 0 vs PPG 68 bpm)  [heuristic],stable_correct,stable_correct,stable_correct,persistent_FP,stable_correct
v246s,0,Ventricular_Tachycardia,0.0,0.033253191629128695,0.1,0.26555473580956457,0.0,0.3356156527996063,0.6,0.49172323048114774,0.0,0.4452933818101883,high,high,high,clean(>=0.9),HR_diff<15bpm,ECG_beats_with_pulse<0.5,ppg_acf>=0.3,PPG,ABP_available,HR50-100,pulse absent/uncoupled but ECG regular  [heuristic],stable_correct,stable_correct,stable_correct,unstable_false_alarm,stable_correct
v247l,0,Ventricular_Tachycardia,0.0,0.047626553820106964,0.0,0.20523592121899129,0.0,0.3255916476249695,0.2,0.4632635861635208,0.0,0.3357065185904503,high,high,high,clean(>=0.9),HR_diff<15bpm,ECG_beats_with_pulse>=0.5,ppg_acf>=0.3,PPG,ABP_available,HR50-100,PPG artefact / non-periodic pulse  [heuristic],stable_correct,stable_correct,stable_correct,stable_correct,stable_correct
v248s,0,Ventricular_Tachycardia,0.0,0.06794966433785612,0.0,0.2038618244230747,0.0,0.3881410419940948,0.1,0.38675481230020525,1.0,0.5248915076255798,low,high,low,clean(>=0.9),HR_diff<15bpm,ECG_beats_with_pulse>=0.5,ppg_acf>=0.3,PPG,ABP_available,HR50-100,ECG artefact: high HF power / poor beat-template match  [heuristic],stable_correct,stable_correct,stable_correct,stable_correct,persistent_FP
t249l,1,Tachycardia,0.0,0.8112189681940734,0.0,0.7080629706382752,0.0,0.6385804235935211,0.1,0.5886969953775406,0.8,0.4834654003381729,high,high,high,clean(>=0.9),HR_diff>=15bpm,ECG_beats_with_pulse>=0.5,ppg_acf<0.3,PPG,ABP_available,HR>=140,ECG artefact: high HF power / poor beat-template match; PPG artefact / non-periodic pulse; beat detectors disagree (ECG 161 vs PPG 85 bpm)  [heuristic],stable_correct,stable_correct,stable_correct,stable_correct,persistent_FN
v250s,0,Ventricular_Tachycardia,0.2,0.3259870887255135,0.1,0.4067780524492264,0.1,0.42186475098133086,0.3,0.48244075775146483,0.8,0.5133716046810151,high,high,high,clean(>=0.9),HR_diff>=15bpm,ECG_beats_with_pulse>=0.5,ppg_acf>=0.3,PPG,no_ABP,HR100-140,ECG artefact: high HF power / poor beat-template match; beat detectors disagree (ECG 111 vs PPG 95 bpm)  [heuristic],stable_correct,stable_correct,stable_correct,unstable_false_alarm,persistent_FP
t251l,1,Tachycardia,0.0,0.9262877768127161,0.0,0.6323388636112213,0.0,0.6691733777523041,0.1,0.5745255649089813,0.6,0.4858472466468811,high,high,high,clean(>=0.9),HR_diff>=15bpm,ECG_beats_with_pulse>=0.5,ppg_acf>=0.3,PPG,ABP_available,HR>=140,beat detectors disagree (ECG 160 vs PPG 124 bpm)  [heuristic],stable_correct,stable_correct,stable_correct,stable_correct,unstable_true_alarm
t252s,1,Tachycardia,0.0,0.954433696019288,0.0,0.7561731278896332,0.0,0.6259372949600219,0.1,0.5528808325529099,0.3,0.5045637130737305,high,mid,high,clean(>=0.9),HR_diff>=15bpm,ECG_beats_with_pulse>=0.5,ppg_acf<0.3,PPG,ABP_available,HR>=140,PPG artefact / non-periodic pulse; beat detectors disagree (ECG 158 vs PPG 138 bpm)  [heuristic],stable_correct,stable_correct,stable_correct,stable_correct,unstable_true_alarm
v253l,1,Ventricular_Tachycardia,0.5,0.48082522673323413,0.0,0.6743198275566101,0.8,0.4619860529899597,0.0,0.5825976014137269,0.6,0.5002143293619156,low,high,low,degraded(<0.9),HR_diff<15bpm,ECG_beats_with_pulse>=0.5,ppg_acf>=0.3,PPG,ABP_available,HR100-140,ECG artefact: high HF power / poor beat-template match; low pulse quality index  [heuristic],unstable_true_alarm,stable_correct,persistent_FN,stable_correct,unstable_true_alarm
v254s,1,Ventricular_Tachycardia,0.4,0.5203346964081763,0.3,0.5581084966659546,0.6,0.4917808473110199,0.1,0.5520944207906723,0.0,0.5194070935249329,high,mid,high,clean(>=0.9),HR_diff<15bpm,ECG_beats_with_pulse>=0.5,ppg_acf<0.3,PPG,ABP_available,HR100-140,PPG artefact / non-periodic pulse  [heuristic],unstable_true_alarm,unstable_true_alarm,unstable_true_alarm,stable_correct,stable_correct
v255l,1,Ventricular_Tachycardia,0.2,0.65333162935779,0.3,0.5854498893022537,0.2,0.5468628227710723,0.0,0.5908834993839264,0.0,0.5394514203071594,high,high,high,clean(>=0.9),HR_diff<15bpm,ECG_beats_with_pulse>=0.5,ppg_acf>=0.3,PPG,ABP_available,HR100-140,signals look clean and concordant (no heuristic flag)  [heuristic],stable_correct,unstable_true_alarm,stable_correct,stable_correct,stable_correct
v256s,0,Ventricular_Tachycardia,0.0,0.02343034723133825,0.0,0.23580650985240936,0.0,0.39426555037498473,0.1,0.4417892277240753,0.3,0.43635858595371246,high,mid,high,clean(>=0.9),HR_diff<15bpm,ECG_beats_with_pulse>=0.5,ppg_acf>=0.3,PPG,no_ABP,HR50-100,"clean concordant rhythm, but model fires (no heuristic flag)  [heuristic]",stable_correct,stable_correct,stable_correct,stable_correct,unstable_false_alarm
v257l,0,Ventricular_Tachycardia,0.1,0.2397415652134145,0.0,0.18519923985004424,0.0,0.4106063276529312,0.1,0.3907559096813202,0.1,0.4544408619403839,high,mid,high,clean(>=0.9),HR_diff<15bpm,ECG_beats_with_pulse>=0.5,ppg_acf>=0.3,PPG,no_ABP,HR50-100,"clean concordant rhythm, but model fires (no heuristic flag)  [heuristic]",stable_correct,stable_correct,stable_correct,stable_correct,stable_correct
v259l,0,Ventricular_Tachycardia,0.5,0.6076787822841027,0.5,0.5130202859640122,0.2,0.45007121860980986,0.0,0.415550172328949,1.0,0.5675581395626068,low,mid,low,degraded(<0.9),HR_diff<15bpm,ECG_beats_with_pulse<0.5,ppg_acf<0.3,PPG,no_ABP,HR100-140,low pulse quality index; PPG artefact / non-periodic pulse; pulse absent/uncoupled but ECG regular  [heuristic],unstable_false_alarm,unstable_false_alarm,stable_correct,stable_correct,persistent_FP
f260s,0,Ventricular_Flutter_Fib,0.3,0.45709413822748723,0.3,0.4411790072917938,0.4,0.47851274609565736,0.0,0.4132144242525101,1.0,0.5700693130493164,low,high,low,degraded(<0.9),HR_diff>=15bpm,ECG_beats_with_pulse<0.5,ppg_acf<0.3,PPG,no_ABP,HR100-140,low pulse quality index; PPG artefact / non-periodic pulse; beat detectors disagree (ECG 100 vs PPG 29 bpm)  [heuristic],unstable_false_alarm,unstable_false_alarm,unstable_false_alarm,stable_correct,persistent_FP
f261l,0,Ventricular_Flutter_Fib,0.0,0.2142475766221986,0.0,0.3921196311712265,0.4,0.48354784250259397,0.2,0.4655507981777191,0.9,0.5263483136892319,mid,high,mid,clean(>=0.9),HR_diff<15bpm,ECG_beats_with_pulse>=0.5,ppg_acf>=0.3,PPG,no_ABP,HR50-100,"clean concordant rhythm, but model fires (no heuristic flag)  [heuristic]",stable_correct,stable_correct,unstable_false_alarm,stable_correct,persistent_FP
v262s,0,Ventricular_Tachycardia,0.0,0.09364328082687176,0.2,0.4372387856245041,0.4,0.46509699523448944,0.8,0.5344674736261368,0.0,0.43161360919475555,high,high,high,clean(>=0.9),HR_diff<15bpm,ECG_beats_with_pulse>=0.5,ppg_acf<0.3,PPG,no_ABP,HR100-140,PPG artefact / non-periodic pulse  [heuristic],stable_correct,stable_correct,unstable_false_alarm,persistent_FP,stable_correct
t263l,1,Tachycardia,0.0,0.9613222811007833,0.0,0.7232052087783813,0.1,0.6484909743070603,0.1,0.5679871797561645,0.1,0.5292270213365555,mid,mid,mid,clean(>=0.9),HR_diff>=15bpm,ECG_beats_with_pulse>=0.5,ppg_acf<0.3,PPG,no_ABP,HR>=140,PPG artefact / non-periodic pulse; beat detectors disagree (ECG 149 vs PPG 75 bpm)  [heuristic],stable_correct,stable_correct,stable_correct,stable_correct,stable_correct
t264s,1,Tachycardia,0.0,0.8749360108308213,0.0,0.6158521354198456,0.0,0.5969126045703887,0.0,0.5773925065994263,0.7,0.466125363111496,mid,low,mid,clean(>=0.9),HR_diff>=15bpm,ECG_beats_with_pulse>=0.5,ppg_acf>=0.3,PPG,no_ABP,HR>=140,beat detectors disagree (ECG 150 vs PPG 105 bpm)  [heuristic],stable_correct,stable_correct,stable_correct,stable_correct,unstable_true_alarm
b265l,1,Bradycardia,0.0,0.9703848540932801,0.0,0.7525788068771362,0.0,0.7105205476284027,0.1,0.5848269671201706,0.0,0.5674621224403381,low,high,low,degraded(<0.9),HR_diff<15bpm,ECG_beats_with_pulse>=0.5,ppg_acf<0.3,PPG,no_ABP,HR<50,low pulse quality index; PPG artefact / non-periodic pulse  [heuristic],stable_correct,stable_correct,stable_correct,stable_correct,stable_correct
a266s,0,Asystole,0.0,0.21639713523536055,0.4,0.47862147688865664,0.7,0.52558374106884,0.0,0.4186244785785675,1.0,0.5490590572357178,low,low,low,degraded(<0.9),HR_diff>=15bpm,ECG_beats_with_pulse>=0.5,ppg_acf<0.3,PPG,no_ABP,HR>=140,low ECG quality index; low pulse quality index; PPG artefact / non-periodic pulse  [heuristic],stable_correct,unstable_false_alarm,unstable_false_alarm,stable_correct,persistent_FP
a267l,0,Asystole,0.0,0.15493512017080524,0.1,0.32635793685913084,0.3,0.4256457626819611,0.0,0.41730805337429044,0.7,0.5104218423366547,low,high,low,degraded(<0.9),HR_diff>=15bpm,ECG_beats_with_pulse>=0.5,ppg_acf>=0.3,PPG,no_ABP,ECG<3_beats,low pulse quality index; beat detectors disagree (ECG 170 vs PPG 61 bpm)  [heuristic],stable_correct,stable_correct,unstable_false_alarm,stable_correct,unstable_false_alarm
b269l,1,Bradycardia,0.1,0.7046135451899798,0.1,0.6609014600515366,0.0,0.6460603535175323,0.7,0.4689520001411438,0.0,0.5544071137905121,low,high,low,degraded(<0.9),HR_diff>=15bpm,ECG_beats_with_pulse<0.5,ppg_acf<0.3,PPG,no_ABP,HR<50,low pulse quality index; PPG artefact / non-periodic pulse; beat detectors disagree (ECG 28 vs PPG 85 bpm)  [heuristic],stable_correct,stable_correct,stable_correct,unstable_true_alarm,stable_correct
t270s,1,Tachycardia,0.0,0.9341710741130871,0.0,0.8008276998996735,0.0,0.6724431157112122,0.0,0.5799272656440735,0.0,0.5719121336936951,low,high,low,clean(>=0.9),HR_diff<15bpm,ECG_beats_with_pulse>=0.5,ppg_acf<0.3,PPG,no_ABP,HR>=140,PPG artefact / non-periodic pulse  [heuristic],stable_correct,stable_correct,stable_correct,stable_correct,stable_correct
v271l,0,Ventricular_Tachycardia,0.2,0.32933155077811616,0.0,0.3162703111767769,0.9,0.5841874212026597,0.8,0.5247068613767624,0.6,0.502807405591011,high,high,high,clean(>=0.9),HR_diff<15bpm,ECG_beats_with_pulse>=0.5,ppg_acf<0.3,PPG,no_ABP,HR100-140,PPG artefact / non-periodic pulse  [heuristic],stable_correct,stable_correct,persistent_FP,persistent_FP,unstable_false_alarm
a272s,0,Asystole,0.0,0.29386477228673563,0.1,0.289032119512558,0.4,0.4793823719024658,0.4,0.4714100122451782,1.0,0.5396423041820526,high,high,high,clean(>=0.9),HR_diff>=15bpm,ECG_beats_with_pulse>=0.5,ppg_acf<0.3,PPG,ABP_available,HR50-100,ECG artefact: high HF power / poor beat-template match; PPG artefact / non-periodic pulse; beat detectors disagree (ECG 93 vs PPG 119 bpm)  [heuristic],stable_correct,stable_correct,unstable_false_alarm,unstable_false_alarm,persistent_FP
a273l,0,Asystole,0.0,0.14096829594106625,0.1,0.3316479116678238,0.6,0.5085924804210663,0.7,0.5462926983833313,0.8,0.5133474171161652,high,high,high,clean(>=0.9),HR_diff<15bpm,ECG_beats_with_pulse>=0.5,ppg_acf<0.3,PPG,ABP_available,HR100-140,PPG artefact / non-periodic pulse  [heuristic],stable_correct,stable_correct,unstable_false_alarm,unstable_false_alarm,persistent_FP
v274s,0,Ventricular_Tachycardia,0.0,0.0205779061161499,0.1,0.24165093041956426,0.0,0.2981896370649338,0.2,0.4593098133802414,0.2,0.44367451369762423,high,mid,high,clean(>=0.9),HR_diff<15bpm,ECG_beats_with_pulse>=0.5,ppg_acf>=0.3,PPG,no_ABP,HR100-140,ECG artefact: high HF power / poor beat-template match  [heuristic],stable_correct,stable_correct,stable_correct,stable_correct,stable_correct
v275l,1,Ventricular_Tachycardia,1.0,0.1358485139220162,1.0,0.235591134801507,0.8,0.42645359635353086,0.7,0.48800419867038725,0.9,0.4266633689403534,high,high,high,clean(>=0.9),HR_diff<15bpm,ECG_beats_with_pulse>=0.5,ppg_acf>=0.3,PPG,no_ABP,HR100-140,signals look clean and concordant (no heuristic flag)  [heuristic],persistent_FN,persistent_FN,persistent_FN,unstable_true_alarm,persistent_FN
a278s,0,Asystole,0.0,0.028925757980868733,0.0,0.2702967770397663,0.1,0.39773827195167544,0.9,0.5509838759899139,0.0,0.4266188979148865,high,mid,high,clean(>=0.9),HR_diff<15bpm,ECG_beats_with_pulse>=0.5,ppg_acf>=0.3,PPG,no_ABP,HR50-100,"clean concordant rhythm, but model fires (no heuristic flag)  [heuristic]",stable_correct,stable_correct,stable_correct,persistent_FP,stable_correct
v280s,0,Ventricular_Tachycardia,0.0,0.24100427136882288,0.2,0.46545113921165465,0.2,0.4321875274181366,0.0,0.44224838316440584,0.9,0.532827964425087,low,high,low,degraded(<0.9),HR_diff>=15bpm,ECG_beats_with_pulse>=0.5,ppg_acf>=0.3,PPG,no_ABP,HR100-140,low pulse quality index; PPG artefact / non-periodic pulse; beat detectors disagree (ECG 111 vs PPG 87 bpm)  [heuristic],stable_correct,stable_correct,stable_correct,stable_correct,persistent_FP
f281l,0,Ventricular_Flutter_Fib,0.0,0.12320572365183166,0.2,0.44177583158016204,1.0,0.6259491145610809,0.0,0.43814831376075747,1.0,0.5542261302471161,mid,high,mid,clean(>=0.9),HR_diff>=15bpm,ECG_beats_with_pulse>=0.5,ppg_acf>=0.3,PPG,no_ABP,HR50-100,ECG artefact: high HF power / poor beat-template match; beat detectors disagree (ECG 96 vs PPG 68 bpm)  [heuristic],stable_correct,stable_correct,persistent_FP,stable_correct,persistent_FP
v282s,0,Ventricular_Tachycardia,0.0,0.0772017396932637,0.1,0.3612243548035622,0.7,0.542765948176384,0.3,0.47987290620803835,1.0,0.5337589919567108,low,high,low,degraded(<0.9),HR_diff<15bpm,ECG_beats_with_pulse>=0.5,ppg_acf<0.3,PPG,no_ABP,HR50-100,ECG artefact: high HF power / poor beat-template match; low pulse quality index; PPG artefact / non-periodic pulse  [heuristic],stable_correct,stable_correct,unstable_false_alarm,unstable_false_alarm,persistent_FP
v291l,0,Ventricular_Tachycardia,0.0,0.18953182680726713,0.3,0.3703665368258953,1.0,0.5680298149585724,1.0,0.5968411803245545,0.4,0.4888257682323456,high,low,high,clean(>=0.9),HR_diff<15bpm,ECG_beats_with_pulse>=0.5,ppg_acf>=0.3,PPG,ABP_available,HR100-140,"clean concordant rhythm, but model fires (no heuristic flag)  [heuristic]",stable_correct,unstable_false_alarm,persistent_FP,persistent_FP,unstable_false_alarm
v292s,0,Ventricular_Tachycardia,0.0,0.007675936526295347,0.0,0.19599526934325695,0.0,0.22895099669694902,1.0,0.5791470110416412,0.0,0.32942666709423063,mid,low,high,clean(>=0.9),HR_diff<15bpm,ECG_beats_with_pulse>=0.5,ppg_acf>=0.3,PPG,ABP_available,HR50-100,"clean concordant rhythm, but model fires (no heuristic flag)  [heuristic]",stable_correct,stable_correct,stable_correct,persistent_FP,stable_correct
v293l,0,Ventricular_Tachycardia,0.5,0.4595762523962609,0.5,0.5226043969392776,1.0,0.6116079449653625,1.0,0.5942957639694214,0.2,0.46834875345230104,high,mid,high,clean(>=0.9),HR_diff<15bpm,ECG_beats_with_pulse>=0.5,ppg_acf>=0.3,PPG,ABP_available,HR100-140,"clean concordant rhythm, but model fires (no heuristic flag)  [heuristic]",unstable_false_alarm,unstable_false_alarm,persistent_FP,persistent_FP,stable_correct
a297l,0,Asystole,0.0,0.07726277064402332,0.0,0.3001651093363762,0.0,0.2946640580892563,0.0,0.363191220164299,0.9,0.5303045302629471,low,low,mid,degraded(<0.9),HR_diff>=15bpm,ECG_beats_with_pulse>=0.5,ppg_acf<0.3,PPG,ABP_available,HR50-100,ECG artefact: high HF power / poor beat-template match; low ECG quality index; PPG artefact / non-periodic pulse  [heuristic],stable_correct,stable_correct,stable_correct,stable_correct,persistent_FP
v298s,0,Ventricular_Tachycardia,0.0,0.012333449063635139,0.0,0.24496633112430571,0.0,0.21036111935973167,0.0,0.37119114995002744,0.0,0.3153000444173813,high,low,high,clean(>=0.9),HR_diff>=15bpm,ECG_beats_with_pulse>=0.5,ppg_acf>=0.3,PPG,ABP_available,HR<50,ECG artefact: high HF power / poor beat-template match; beat detectors disagree (ECG 28 vs PPG 95 bpm)  [heuristic],stable_correct,stable_correct,stable_correct,stable_correct,stable_correct
b299l,1,Bradycardia,0.0,0.974104150127452,0.0,0.7636951863765716,0.0,0.7270696938037873,0.1,0.5580922275781631,0.0,0.5672415018081665,low,low,low,degraded(<0.9),HR_diff<15bpm,ECG_beats_with_pulse>=0.5,ppg_acf>=0.3,PPG,no_ABP,HR<50,low ECG quality index; low pulse quality index  [heuristic],stable_correct,stable_correct,stable_correct,stable_correct,stable_correct
t300s,1,Tachycardia,0.0,0.9934354924305315,0.0,0.7882353127002716,0.0,0.7088936626911163,0.0,0.6889814615249634,0.0,0.5322916090488434,mid,high,mid,clean(>=0.9),HR_diff>=15bpm,ECG_beats_with_pulse>=0.5,ppg_acf<0.3,PPG,no_ABP,HR>=140,PPG artefact / non-periodic pulse; beat detectors disagree (ECG 147 vs PPG 130 bpm)  [heuristic],stable_correct,stable_correct,stable_correct,stable_correct,stable_correct
a301l,0,Asystole,0.0,0.11706957819570432,0.0,0.2738544553518295,0.1,0.429971718788147,0.2,0.46542460918426515,0.7,0.5229800969362259,high,high,high,clean(>=0.9),HR_diff<15bpm,ECG_beats_with_pulse>=0.5,ppg_acf>=0.3,PPG,no_ABP,HR100-140,ECG artefact: high HF power / poor beat-template match  [heuristic],stable_correct,stable_correct,stable_correct,stable_correct,unstable_false_alarm
a302s,0,Asystole,0.0,0.01725907064416522,0.2,0.41464416682720184,0.0,0.29173844307661057,0.0,0.4105973720550537,0.2,0.3934615343809128,mid,high,mid,clean(>=0.9),HR_diff<15bpm,ECG_beats_with_pulse>=0.5,ppg_acf>=0.3,PPG,no_ABP,HR100-140,ECG artefact: high HF power / poor beat-template match  [heuristic],stable_correct,stable_correct,stable_correct,stable_correct,stable_correct
v303l,0,Ventricular_Tachycardia,0.8,0.6975855697574179,0.6,0.5677850306034088,0.4,0.49053857028484343,0.4,0.4860096663236618,0.9,0.5359255969524384,high,high,high,clean(>=0.9),HR_diff<15bpm,ECG_beats_with_pulse>=0.5,ppg_acf>=0.3,PPG,no_ABP,HR>=140,ECG artefact: high HF power / poor beat-template match  [heuristic],persistent_FP,unstable_false_alarm,unstable_false_alarm,unstable_false_alarm,persistent_FP
f304s,0,Ventricular_Flutter_Fib,0.0,0.14012524593142858,0.5,0.4853294461965561,0.9,0.6411975920200348,0.8,0.53040432035923,1.0,0.5374954164028167,low,high,low,clean(>=0.9),HR_diff<15bpm,ECG_beats_with_pulse>=0.5,ppg_acf>=0.3,PPG,no_ABP,HR50-100,"clean concordant rhythm, but model fires (no heuristic flag)  [heuristic]",stable_correct,unstable_false_alarm,persistent_FP,persistent_FP,persistent_FP
a306s,0,Asystole,0.0,0.013668632942966094,0.0,0.29206517338752747,0.0,0.19304848834872246,0.6,0.5234558671712876,0.0,0.3557038277387619,low,low,mid,degraded(<0.9),HR_diff>=15bpm,ECG_beats_with_pulse>=0.5,ppg_acf>=0.3,PPG,no_ABP,ECG<3_beats,low ECG quality index; beat detectors disagree (ECG 0 vs PPG 74 bpm)  [heuristic],stable_correct,stable_correct,stable_correct,unstable_false_alarm,stable_correct
v307l,0,Ventricular_Tachycardia,0.1,0.33142589268276346,0.5,0.45341265201568604,0.3,0.4587484151124954,0.0,0.37775110006332396,1.0,0.5563468098640442,low,low,low,degraded(<0.9),HR_diff>=15bpm,ECG_beats_with_pulse>=0.5,ppg_acf<0.3,PPG,no_ABP,HR<50,low pulse quality index; PPG artefact / non-periodic pulse; beat detectors disagree (ECG 41 vs PPG 116 bpm)  [heuristic],stable_correct,unstable_false_alarm,unstable_false_alarm,stable_correct,persistent_FP
b308s,0,Bradycardia,0.0,0.00936037506042195,0.0,0.21635546162724495,0.0,0.21877570375800132,0.2,0.46287271082401277,0.0,0.31298903524875643,low,low,mid,degraded(<0.9),HR_diff<15bpm,ECG_beats_with_pulse>=0.5,ppg_acf>=0.3,PPG,no_ABP,HR50-100,ECG artefact: high HF power / poor beat-template match; low ECG quality index  [heuristic],stable_correct,stable_correct,stable_correct,stable_correct,stable_correct
v309l,1,Ventricular_Tachycardia,0.1,0.6797168848425825,0.0,0.6128635823726654,0.3,0.558231458067894,0.0,0.5589521944522857,0.0,0.5432996809482574,high,high,high,clean(>=0.9),HR_diff<15bpm,ECG_beats_with_pulse>=0.5,ppg_acf>=0.3,PPG,ABP_available,HR100-140,ECG artefact: high HF power / poor beat-template match  [heuristic],stable_correct,stable_correct,unstable_true_alarm,stable_correct,stable_correct
a310s,0,Asystole,0.5,0.5186114556539893,0.5,0.5237970411777496,0.7,0.4954124420881271,0.8,0.5209069043397904,0.9,0.5488781601190567,mid,high,low,clean(>=0.9),HR_diff<15bpm,ECG_beats_with_pulse>=0.5,ppg_acf>=0.3,PPG,ABP_available,HR100-140,"clean concordant rhythm, but model fires (no heuristic flag)  [heuristic]",unstable_false_alarm,unstable_false_alarm,unstable_false_alarm,persistent_FP,persistent_FP
a311l,0,Asystole,0.0,0.09264503861429489,0.3,0.42288476377725603,0.3,0.4562563180923462,0.7,0.5405493021011353,0.8,0.5331615388393403,mid,high,mid,clean(>=0.9),HR_diff<15bpm,ECG_beats_with_pulse>=0.5,ppg_acf>=0.3,PPG,ABP_available,HR100-140,"clean concordant rhythm, but model fires (no heuristic flag)  [heuristic]",stable_correct,unstable_false_alarm,unstable_false_alarm,unstable_false_alarm,persistent_FP
v312s,0,Ventricular_Tachycardia,0.0,0.07151728832147461,0.3,0.3693948268890381,0.7,0.5411710739135742,1.0,0.5765181839466095,0.7,0.5128801375627517,high,high,high,clean(>=0.9),HR_diff>=15bpm,ECG_beats_with_pulse>=0.5,ppg_acf<0.3,PPG,ABP_available,HR50-100,PPG artefact / non-periodic pulse; beat detectors disagree (ECG 98 vs PPG 66 bpm)  [heuristic],stable_correct,unstable_false_alarm,unstable_false_alarm,persistent_FP,unstable_false_alarm
b313l,1,Bradycardia,1.0,0.060522279250554756,1.0,0.2667106032371521,1.0,0.30406817197799685,0.1,0.5516866534948349,1.0,0.38754292726516726,low,high,low,clean(>=0.9),HR_diff<15bpm,ECG_beats_with_pulse>=0.5,ppg_acf>=0.3,PPG,no_ABP,HR<50,signals look clean and concordant (no heuristic flag)  [heuristic],persistent_FN,persistent_FN,persistent_FN,stable_correct,persistent_FN
a315l,0,Asystole,1.0,0.9009398847151227,0.4,0.45575317889451983,0.7,0.5461554884910583,0.3,0.4824462026357651,0.8,0.511396449804306,low,low,low,degraded(<0.9),HR_diff<15bpm,ECG_beats_with_pulse>=0.5,ppg_acf>=0.3,PPG,no_ABP,HR<50,low pulse quality index  [heuristic],persistent_FP,unstable_false_alarm,unstable_false_alarm,unstable_false_alarm,persistent_FP
v316s,0,Ventricular_Tachycardia,0.0,0.013477162939809412,0.0,0.18464073091745375,0.0,0.28784233778715135,0.5,0.5003681719303131,0.0,0.3617624700069427,high,high,high,clean(>=0.9),HR_diff<15bpm,ECG_beats_with_pulse>=0.5,ppg_acf>=0.3,PPG,no_ABP,HR50-100,"clean concordant rhythm, but model fires (no heuristic flag)  [heuristic]",stable_correct,stable_correct,stable_correct,unstable_false_alarm,stable_correct
v317l,0,Ventricular_Tachycardia,0.0,0.012902546081406457,0.0,0.2539279729127884,0.0,0.20343040823936462,0.0,0.37399140894412997,0.0,0.33193676322698595,high,high,high,clean(>=0.9),HR_diff<15bpm,ECG_beats_with_pulse>=0.5,ppg_acf>=0.3,PPG,no_ABP,HR50-100,"clean concordant rhythm, but model fires (no heuristic flag)  [heuristic]",stable_correct,stable_correct,stable_correct,stable_correct,stable_correct
v318s,1,Ventricular_Tachycardia,0.7,0.39479072087285066,0.5,0.5130186915397644,0.5,0.5238890290260315,0.1,0.5677191466093063,0.0,0.5525317311286926,high,high,high,clean(>=0.9),HR_diff<15bpm,ECG_beats_with_pulse>=0.5,ppg_acf>=0.3,PPG,ABP_available,HR50-100,ECG artefact: high HF power / poor beat-template match  [heuristic],unstable_true_alarm,unstable_true_alarm,unstable_true_alarm,stable_correct,stable_correct
v319l,0,Ventricular_Tachycardia,0.0,0.010212557106610582,0.0,0.29359068274497985,0.1,0.36093937158584594,0.0,0.4040341079235077,0.0,0.4270311564207077,high,high,high,clean(>=0.9),HR_diff>=15bpm,ECG_beats_with_pulse>=0.5,ppg_acf>=0.3,PPG,ABP_available,HR<50,beat detectors disagree (ECG 20 vs PPG 66 bpm)  [heuristic],stable_correct,stable_correct,stable_correct,stable_correct,stable_correct
t320s,1,Tachycardia,0.0,0.9623456032431934,0.0,0.8471373379230499,0.0,0.6798264265060425,0.0,0.6311352491378784,0.0,0.5387061357498169,low,mid,low,degraded(<0.9),HR_diff>=15bpm,ECG_beats_with_pulse>=0.5,ppg_acf<0.3,PPG,no_ABP,HR>=140,low pulse quality index; PPG artefact / non-periodic pulse; beat detectors disagree (ECG 170 vs PPG 146 bpm)  [heuristic],stable_correct,stable_correct,stable_correct,stable_correct,stable_correct
f321l,0,Ventricular_Flutter_Fib,0.0,0.06627805427511736,0.1,0.33300619944930077,0.1,0.4214112251996994,0.4,0.506936115026474,0.5,0.48889861106872556,high,high,high,clean(>=0.9),HR_diff>=15bpm,ECG_beats_with_pulse>=0.5,ppg_acf<0.3,PPG,no_ABP,HR50-100,PPG artefact / non-periodic pulse; beat detectors disagree (ECG 95 vs PPG 112 bpm)  [heuristic],stable_correct,stable_correct,stable_correct,unstable_false_alarm,unstable_false_alarm
v322s,0,Ventricular_Tachycardia,0.4,0.46859386033825406,0.1,0.35473097413778304,0.5,0.5098220467567444,0.9,0.5345166593790054,0.2,0.4671233594417572,high,high,high,clean(>=0.9),HR_diff<15bpm,ECG_beats_with_pulse>=0.5,ppg_acf>=0.3,PPG,no_ABP,HR100-140,"clean concordant rhythm, but model fires (no heuristic flag)  [heuristic]",unstable_false_alarm,stable_correct,unstable_false_alarm,persistent_FP,stable_correct
v323l,0,Ventricular_Tachycardia,0.0,0.0747830750556562,0.0,0.2804069548845291,0.0,0.4256785124540329,0.1,0.42957240641117095,0.0,0.43146826028823854,mid,high,mid,clean(>=0.9),HR_diff<15bpm,ECG_beats_with_pulse>=0.5,ppg_acf>=0.3,PPG,ABP_available,HR50-100,"clean concordant rhythm, but model fires (no heuristic flag)  [heuristic]",stable_correct,stable_correct,stable_correct,stable_correct,stable_correct
v324s,0,Ventricular_Tachycardia,0.0,0.014654248872544708,0.0,0.2463667318224907,0.0,0.2534129798412323,0.2,0.44568329453468325,0.0,0.38007148802280427,high,high,high,clean(>=0.9),HR_diff<15bpm,ECG_beats_with_pulse<0.5,ppg_acf>=0.3,PPG,ABP_available,HR50-100,pulse absent/uncoupled but ECG regular  [heuristic],stable_correct,stable_correct,stable_correct,stable_correct,stable_correct
v325l,0,Ventricular_Tachycardia,0.0,0.007305256357415265,0.0,0.22477348148822784,0.0,0.2654304102063179,0.1,0.46810669302940366,0.0,0.3442347809672356,high,high,high,clean(>=0.9),HR_diff<15bpm,ECG_beats_with_pulse>=0.5,ppg_acf>=0.3,PPG,ABP_available,HR50-100,"clean concordant rhythm, but model fires (no heuristic flag)  [heuristic]",stable_correct,stable_correct,stable_correct,stable_correct,stable_correct
v326s,0,Ventricular_Tachycardia,0.2,0.27239558702948824,0.1,0.4025219291448593,0.0,0.3870072603225708,1.0,0.5832916498184204,0.0,0.40710059106349944,high,high,high,clean(>=0.9),HR_diff<15bpm,ECG_beats_with_pulse>=0.5,ppg_acf>=0.3,PPG,no_ABP,HR50-100,"clean concordant rhythm, but model fires (no heuristic flag)  [heuristic]",stable_correct,stable_correct,stable_correct,persistent_FP,stable_correct
v327l,0,Ventricular_Tachycardia,0.0,0.025810863715221948,0.3,0.4155431896448135,0.0,0.34270010739564893,1.0,0.5932969987392426,0.0,0.341936194896698,high,high,high,clean(>=0.9),HR_diff<15bpm,ECG_beats_with_pulse>=0.5,ppg_acf>=0.3,PPG,no_ABP,HR50-100,"clean concordant rhythm, but model fires (no heuristic flag)  [heuristic]",stable_correct,unstable_false_alarm,stable_correct,persistent_FP,stable_correct
b330s,0,Bradycardia,0.0,0.007276109958843981,0.0,0.26450792849063876,0.0,0.24896033853292465,0.0,0.3632156878709793,0.1,0.37937210947275163,mid,low,mid,clean(>=0.9),HR_diff>=15bpm,ECG_beats_with_pulse>=0.5,ppg_acf>=0.3,PPG,ABP_available,HR<50,ECG artefact: high HF power / poor beat-template match; beat detectors disagree (ECG 26 vs PPG 74 bpm)  [heuristic],stable_correct,stable_correct,stable_correct,stable_correct,stable_correct
b331l,0,Bradycardia,0.0,0.010224874354904238,0.0,0.20394843593239784,0.0,0.14769663363695146,0.0,0.3412953406572342,0.0,0.32634348422288895,mid,low,mid,clean(>=0.9),HR_diff>=15bpm,ECG_beats_with_pulse<0.5,ppg_acf>=0.3,PPG,ABP_available,HR<50,ECG artefact: high HF power / poor beat-template match; beat detectors disagree (ECG 32 vs PPG 82 bpm); pulse absent/uncoupled but ECG regular  [heuristic],stable_correct,stable_correct,stable_correct,stable_correct,stable_correct
b332s,0,Bradycardia,0.0,0.008077308149628287,0.0,0.3041741460561752,0.0,0.20487237200140954,0.0,0.44289364814758303,0.0,0.3711437344551086,low,low,mid,degraded(<0.9),HR_diff<15bpm,ECG_beats_with_pulse>=0.5,ppg_acf>=0.3,PPG,ABP_available,HR50-100,low ECG quality index; PPG artefact / non-periodic pulse  [heuristic],stable_correct,stable_correct,stable_correct,stable_correct,stable_correct
v336s,0,Ventricular_Tachycardia,0.0,0.1435059185398254,0.0,0.2771072879433632,0.0,0.35995683670043943,1.0,0.5547243535518647,0.4,0.49131991863250735,mid,low,high,clean(>=0.9),HR_diff<15bpm,ECG_beats_with_pulse>=0.5,ppg_acf>=0.3,PPG,ABP_available,HR100-140,"clean concordant rhythm, but model fires (no heuristic flag)  [heuristic]",stable_correct,stable_correct,stable_correct,persistent_FP,unstable_false_alarm
v337l,0,Ventricular_Tachycardia,0.2,0.3822259292854987,0.6,0.4603426568210125,1.0,0.6759406983852386,1.0,0.6642908334732056,0.8,0.5266835957765579,mid,high,mid,clean(>=0.9),HR_diff<15bpm,ECG_beats_with_pulse>=0.5,ppg_acf>=0.3,PPG,ABP_available,HR100-140,"clean concordant rhythm, but model fires (no heuristic flag)  [heuristic]",stable_correct,unstable_false_alarm,persistent_FP,persistent_FP,persistent_FP
v338s,0,Ventricular_Tachycardia,0.0,0.035081754041624384,0.1,0.35445006787776945,0.0,0.3148268535733223,0.3,0.45001488626003266,0.0,0.4088913142681122,mid,mid,mid,clean(>=0.9),HR_diff<15bpm,ECG_beats_with_pulse>=0.5,ppg_acf>=0.3,PPG,ABP_available,HR100-140,"clean concordant rhythm, but model fires (no heuristic flag)  [heuristic]",stable_correct,stable_correct,stable_correct,unstable_false_alarm,stable_correct
b339l,0,Bradycardia,0.1,0.35758741274169936,0.3,0.41796569526195526,0.1,0.3801817521452904,0.4,0.47581644356250763,0.0,0.4350122809410095,mid,high,mid,clean(>=0.9),HR_diff<15bpm,ECG_beats_with_pulse<0.5,ppg_acf>=0.3,PPG,ABP_available,HR50-100,"clean concordant rhythm, but model fires (no heuristic flag)  [heuristic]",stable_correct,unstable_false_alarm,stable_correct,unstable_false_alarm,stable_correct
b340s,0,Bradycardia,0.0,0.16788446772523952,0.1,0.3286567941308022,0.0,0.396762952208519,0.6,0.5070442676544189,0.0,0.42777143120765687,low,high,low,clean(>=0.9),HR_diff<15bpm,ECG_beats_with_pulse<0.5,ppg_acf>=0.3,PPG,ABP_available,HR50-100,pulse absent/uncoupled but ECG regular  [heuristic],stable_correct,stable_correct,stable_correct,unstable_false_alarm,stable_correct
b341l,0,Bradycardia,0.0,0.25217960164095,0.0,0.3017425566911697,0.0,0.38435582518577577,0.2,0.4433850824832916,0.0,0.45157338976860045,mid,high,low,clean(>=0.9),HR_diff<15bpm,ECG_beats_with_pulse<0.5,ppg_acf>=0.3,PPG,no_ABP,HR50-100,PPG artefact / non-periodic pulse  [heuristic],stable_correct,stable_correct,stable_correct,stable_correct,stable_correct
t342s,1,Tachycardia,0.0,0.9878546670469692,0.0,0.7379174649715423,0.3,0.5153758764266968,0.2,0.5417131215333939,0.1,0.5153550684452057,mid,high,mid,clean(>=0.9),HR_diff<15bpm,ECG_beats_with_pulse>=0.5,ppg_acf<0.3,PPG,no_ABP,HR>=140,PPG artefact / non-periodic pulse  [heuristic],stable_correct,stable_correct,unstable_true_alarm,stable_correct,stable_correct
t343l,1,Tachycardia,0.0,0.9507606000494888,0.0,0.7641451537609101,0.0,0.5928940117359162,0.0,0.5563921749591827,0.0,0.5200698912143707,low,high,low,clean(>=0.9),HR_diff>=15bpm,ECG_beats_with_pulse>=0.5,ppg_acf<0.3,PPG,no_ABP,HR>=140,PPG artefact / non-periodic pulse; beat detectors disagree (ECG 155 vs PPG 113 bpm)  [heuristic],stable_correct,stable_correct,stable_correct,stable_correct,stable_correct
t344s,1,Tachycardia,0.0,0.9333092907738101,0.0,0.6439966201782227,0.3,0.5044801294803619,0.0,0.5824787199497223,1.0,0.44233131110668183,mid,high,mid,clean(>=0.9),HR_diff<15bpm,ECG_beats_with_pulse>=0.5,ppg_acf<0.3,PPG,no_ABP,HR100-140,PPG artefact / non-periodic pulse  [heuristic],stable_correct,stable_correct,unstable_true_alarm,stable_correct,persistent_FN
v347l,0,Ventricular_Tachycardia,0.2,0.3434713999553043,0.3,0.39655656218528745,0.6,0.537594872713089,0.9,0.5829865992069244,0.6,0.5036924451589584,mid,high,mid,clean(>=0.9),HR_diff<15bpm,ECG_beats_with_pulse>=0.5,ppg_acf>=0.3,PPG,ABP_available,HR100-140,"clean concordant rhythm, but model fires (no heuristic flag)  [heuristic]",stable_correct,unstable_false_alarm,unstable_false_alarm,persistent_FP,unstable_false_alarm
v348s,1,Ventricular_Tachycardia,0.3,0.6502087663492849,0.8,0.4482293963432312,0.4,0.5274625569581985,1.0,0.4263885259628296,0.0,0.5578141927719116,low,high,low,degraded(<0.9),HR_diff>=15bpm,ECG_beats_with_pulse>=0.5,ppg_acf>=0.3,PPG,no_ABP,HR50-100,low pulse quality index; beat detectors disagree (ECG 99 vs PPG 79 bpm)  [heuristic],unstable_true_alarm,persistent_FN,unstable_true_alarm,persistent_FN,stable_correct
t350s,1,Tachycardia,0.0,0.9662688112158465,0.0,0.8017957866191864,0.1,0.6140685945749282,0.0,0.6718252241611481,0.8,0.4576294720172882,mid,low,mid,clean(>=0.9),HR_diff<15bpm,ECG_beats_with_pulse>=0.5,ppg_acf>=0.3,PPG,no_ABP,HR>=140,signals look clean and concordant (no heuristic flag)  [heuristic],stable_correct,stable_correct,stable_correct,stable_correct,persistent_FN
t351l,1,Tachycardia,0.0,0.9849982533714057,0.0,0.7493168592453003,0.1,0.6222146034240723,0.0,0.6322426974773407,0.1,0.5689534962177276,mid,high,low,clean(>=0.9),HR_diff<15bpm,ECG_beats_with_pulse>=0.5,ppg_acf>=0.3,PPG,no_ABP,HR>=140,signals look clean and concordant (no heuristic flag)  [heuristic],stable_correct,stable_correct,stable_correct,stable_correct,stable_correct
f352s,0,Ventricular_Flutter_Fib,0.0,0.02269290622087309,0.0,0.2928605735301971,0.0,0.3816081821918488,0.1,0.45878237783908843,0.1,0.44899775087833405,mid,mid,mid,clean(>=0.9),HR_diff>=15bpm,ECG_beats_with_pulse>=0.5,ppg_acf>=0.3,PPG,ABP_available,HR<50,beat detectors disagree (ECG 41 vs PPG 88 bpm)  [heuristic],stable_correct,stable_correct,stable_correct,stable_correct,stable_correct
v353l,0,Ventricular_Tachycardia,0.0,0.06992956523283553,0.1,0.3732150673866272,0.1,0.41642132103443147,0.1,0.464940944314003,0.8,0.5117797195911408,mid,high,mid,clean(>=0.9),HR_diff>=15bpm,ECG_beats_with_pulse>=0.5,ppg_acf<0.3,PPG,ABP_available,HR50-100,PPG artefact / non-periodic pulse; beat detectors disagree (ECG 90 vs PPG 108 bpm)  [heuristic],stable_correct,stable_correct,stable_correct,stable_correct,persistent_FP
v354s,0,Ventricular_Tachycardia,0.0,0.05403659526590885,0.0,0.2602928772568703,0.0,0.342314350605011,0.1,0.4329277753829956,0.0,0.4139897495508194,high,high,high,clean(>=0.9),HR_diff<15bpm,ECG_beats_with_pulse>=0.5,ppg_acf>=0.3,PPG,no_ABP,HR100-140,ECG artefact: high HF power / poor beat-template match  [heuristic],stable_correct,stable_correct,stable_correct,stable_correct,stable_correct
v355l,0,Ventricular_Tachycardia,0.0,0.1267719995252753,0.0,0.25130103081464766,0.0,0.32630999088287355,0.0,0.3794445335865021,0.8,0.5221271395683289,high,mid,high,clean(>=0.9),HR_diff<15bpm,ECG_beats_with_pulse>=0.5,ppg_acf>=0.3,PPG,no_ABP,HR100-140,ECG artefact: high HF power / poor beat-template match  [heuristic],stable_correct,stable_correct,stable_correct,stable_correct,persistent_FP
t356s,1,Tachycardia,0.0,0.9502379058797554,0.0,0.7261910140514374,0.1,0.5605475038290024,0.1,0.557021763920784,0.0,0.5401301145553589,high,high,high,clean(>=0.9),HR_diff<15bpm,ECG_beats_with_pulse>=0.5,ppg_acf>=0.3,PPG,no_ABP,HR>=140,ECG artefact: high HF power / poor beat-template match  [heuristic],stable_correct,stable_correct,stable_correct,stable_correct,stable_correct
t357l,1,Tachycardia,1.0,0.24504654138012785,0.4,0.5614575803279876,0.6,0.49332743883132935,0.1,0.5597984045743942,1.0,0.40763563215732573,high,high,high,clean(>=0.9),HR_diff<15bpm,ECG_beats_with_pulse>=0.5,ppg_acf>=0.3,PPG,no_ABP,HR>=140,signals look clean and concordant (no heuristic flag)  [heuristic],persistent_FN,unstable_true_alarm,unstable_true_alarm,stable_correct,persistent_FN
t358s,1,Tachycardia,0.0,0.8756361247524694,0.0,0.7532988667488099,0.0,0.6331346809864045,0.0,0.5747017860412598,0.0,0.5425463318824768,high,high,high,clean(>=0.9),HR_diff>=15bpm,ECG_beats_with_pulse>=0.5,ppg_acf<0.3,PPG,no_ABP,HR>=140,ECG artefact: high HF power / poor beat-template match; PPG artefact / non-periodic pulse; beat detectors disagree (ECG 144 vs PPG 68 bpm)  [heuristic],stable_correct,stable_correct,stable_correct,stable_correct,stable_correct
v361l,0,Ventricular_Tachycardia,0.0,0.20303468805964373,0.0,0.31014014035463333,0.0,0.4048376828432083,0.1,0.40613938570022584,1.0,0.5358766674995422,low,low,mid,degraded(<0.9),HR_diff>=15bpm,ECG_beats_with_pulse>=0.5,ppg_acf>=0.3,PPG,ABP_available,HR50-100,low ECG quality index; PPG artefact / non-periodic pulse; beat detectors disagree (ECG 86 vs PPG 109 bpm)  [heuristic],stable_correct,stable_correct,stable_correct,stable_correct,persistent_FP
f362s,0,Ventricular_Flutter_Fib,0.0,0.06820736994261486,0.0,0.283346588909626,0.0,0.3320763722062111,0.0,0.3701338231563568,0.8,0.5221366882324219,low,low,low,degraded(<0.9),HR_diff<15bpm,ECG_beats_with_pulse>=0.5,ppg_acf>=0.3,PPG,ABP_available,HR50-100,ECG artefact: high HF power / poor beat-template match; low ECG quality index; low pulse quality index  [heuristic],stable_correct,stable_correct,stable_correct,stable_correct,persistent_FP
a363l,0,Asystole,0.0,0.09694415014672644,0.0,0.26718090400099753,0.1,0.3270666167140007,0.0,0.40731934607028963,0.7,0.5369321525096893,low,low,mid,degraded(<0.9),HR_diff>=15bpm,ECG_beats_with_pulse>=0.5,ppg_acf>=0.3,PPG,ABP_available,HR50-100,low ECG quality index; beat detectors disagree (ECG 67 vs PPG 134 bpm)  [heuristic],stable_correct,stable_correct,stable_correct,stable_correct,unstable_false_alarm
v364s,0,Ventricular_Tachycardia,0.3,0.3091092695355536,0.6,0.5714194536209106,0.9,0.5562575817108154,0.4,0.4907893925905228,1.0,0.5717739641666413,high,mid,high,clean(>=0.9),HR_diff<15bpm,ECG_beats_with_pulse>=0.5,ppg_acf>=0.3,PPG,ABP_available,HR100-140,PPG artefact / non-periodic pulse  [heuristic],unstable_false_alarm,unstable_false_alarm,persistent_FP,unstable_false_alarm,persistent_FP
v365l,0,Ventricular_Tachycardia,0.0,0.06675691220001864,0.0,0.29113061130046847,0.0,0.3275975525379181,0.1,0.4352258533239365,0.0,0.40138076841831205,high,high,high,clean(>=0.9),HR_diff>=15bpm,ECG_beats_with_pulse<0.5,ppg_acf>=0.3,PPG,ABP_available,HR50-100,beat detectors disagree (ECG 60 vs PPG 79 bpm); pulse absent/uncoupled but ECG regular  [heuristic],stable_correct,stable_correct,stable_correct,stable_correct,stable_correct
v366s,0,Ventricular_Tachycardia,0.0,0.006321132765728592,0.0,0.3064760133624077,0.0,0.24717264920473098,0.0,0.40630890130996705,0.0,0.41110644340515134,high,high,high,clean(>=0.9),HR_diff>=15bpm,ECG_beats_with_pulse>=0.5,ppg_acf>=0.3,PPG,no_ABP,ECG<3_beats,beat detectors disagree (ECG 0 vs PPG 76 bpm)  [heuristic],stable_correct,stable_correct,stable_correct,stable_correct,stable_correct
v367l,0,Ventricular_Tachycardia,0.5,0.46326778858489404,0.1,0.3295106843113899,0.0,0.4271815776824951,0.3,0.46841153502464294,0.8,0.5136238485574722,low,high,low,clean(>=0.9),HR_diff>=15bpm,ECG_beats_with_pulse>=0.5,ppg_acf>=0.3,PPG,no_ABP,HR100-140,beat detectors disagree (ECG 115 vs PPG 97 bpm)  [heuristic],unstable_false_alarm,stable_correct,stable_correct,unstable_false_alarm,persistent_FP
v368s,1,Ventricular_Tachycardia,0.9,0.26926264187316895,0.4,0.5270450234413147,0.2,0.5485547244548797,0.6,0.49444533586502076,0.0,0.5518698036670685,high,high,high,clean(>=0.9),HR_diff>=15bpm,ECG_beats_with_pulse>=0.5,ppg_acf>=0.3,PPG,no_ABP,HR50-100,beat detectors disagree (ECG 84 vs PPG 113 bpm)  [heuristic],persistent_FN,unstable_true_alarm,stable_correct,unstable_true_alarm,stable_correct
v369l,1,Ventricular_Tachycardia,0.1,0.6779572076313534,0.2,0.5756429105997085,0.6,0.49679826498031615,0.1,0.5515751510858535,0.9,0.48044440150260925,low,high,low,degraded(<0.9),HR_diff>=15bpm,ECG_beats_with_pulse>=0.5,ppg_acf>=0.3,PPG,no_ABP,HR>=140,low pulse quality index; beat detectors disagree (ECG 153 vs PPG 69 bpm)  [heuristic],stable_correct,stable_correct,unstable_true_alarm,stable_correct,persistent_FN
v370s,0,Ventricular_Tachycardia,0.0,0.08557045278494228,0.1,0.25577301513403655,0.1,0.46334498524665835,0.1,0.4196220815181732,0.1,0.4699771821498871,mid,mid,mid,clean(>=0.9),HR_diff<15bpm,ECG_beats_with_pulse>=0.5,ppg_acf>=0.3,PPG,ABP_available,HR100-140,"clean concordant rhythm, but model fires (no heuristic flag)  [heuristic]",stable_correct,stable_correct,stable_correct,stable_correct,stable_correct
v371l,0,Ventricular_Tachycardia,0.0,0.08994893618204772,0.0,0.207620270550251,0.0,0.22050862312316893,0.0,0.3386352941393852,0.0,0.3957658797502518,mid,high,mid,clean(>=0.9),HR_diff>=15bpm,ECG_beats_with_pulse>=0.5,ppg_acf>=0.3,PPG,ABP_available,HR<50,beat detectors disagree (ECG 21 vs PPG 135 bpm)  [heuristic],stable_correct,stable_correct,stable_correct,stable_correct,stable_correct
v373l,0,Ventricular_Tachycardia,0.6,0.503945077778767,0.7,0.5552019447088241,0.8,0.5776393562555313,1.0,0.6766203999519348,0.3,0.4494581609964371,high,mid,high,clean(>=0.9),HR_diff<15bpm,ECG_beats_with_pulse>=0.5,ppg_acf>=0.3,PPG,ABP_available,HR100-140,PPG artefact / non-periodic pulse  [heuristic],unstable_false_alarm,unstable_false_alarm,persistent_FP,persistent_FP,unstable_false_alarm
v374s,0,Ventricular_Tachycardia,0.0,0.021406710012344787,0.3,0.37233966439962385,0.0,0.34529382139444353,1.0,0.631459254026413,0.0,0.4015514999628067,mid,high,mid,clean(>=0.9),HR_diff<15bpm,ECG_beats_with_pulse>=0.5,ppg_acf>=0.3,PPG,ABP_available,HR50-100,"clean concordant rhythm, but model fires (no heuristic flag)  [heuristic]",stable_correct,unstable_false_alarm,stable_correct,persistent_FP,stable_correct
v375l,0,Ventricular_Tachycardia,0.3,0.45919299266498087,0.0,0.28574579060077665,0.8,0.5327188044786453,0.7,0.5132973074913025,1.0,0.5402309358119964,high,mid,high,clean(>=0.9),HR_diff<15bpm,ECG_beats_with_pulse>=0.5,ppg_acf>=0.3,PPG,no_ABP,HR50-100,"clean concordant rhythm, but model fires (no heuristic flag)  [heuristic]",unstable_false_alarm,stable_correct,persistent_FP,unstable_false_alarm,persistent_FP
a376s,0,Asystole,0.0,0.028694585167329208,0.0,0.2739345893263817,0.0,0.3211108773946762,0.0,0.41277573108673093,0.6,0.5054829299449921,low,mid,low,clean(>=0.9),HR_diff>=15bpm,ECG_beats_with_pulse>=0.5,ppg_acf>=0.3,PPG,no_ABP,HR100-140,ECG artefact: high HF power / poor beat-template match; beat detectors disagree (ECG 123 vs PPG 78 bpm)  [heuristic],stable_correct,stable_correct,stable_correct,stable_correct,unstable_false_alarm
a377l,0,Asystole,0.0,0.014435664936151657,0.0,0.23647922724485398,0.0,0.2111013151705265,0.0,0.360183447599411,0.2,0.4504196375608444,high,high,high,clean(>=0.9),HR_diff<15bpm,ECG_beats_with_pulse>=0.5,ppg_acf>=0.3,PPG,no_ABP,HR50-100,ECG artefact: high HF power / poor beat-template match  [heuristic],stable_correct,stable_correct,stable_correct,stable_correct,stable_correct
a378s,0,Asystole,0.9,0.7053941409912416,0.0,0.29340506345033646,0.0,0.323287895321846,0.0,0.31606762409210204,1.0,0.5868745088577271,high,high,high,clean(>=0.9),HR_diff>=15bpm,ECG_beats_with_pulse<0.5,ppg_acf>=0.3,PPG,no_ABP,HR>=140,ECG artefact: high HF power / poor beat-template match; beat detectors disagree (ECG 174 vs PPG 106 bpm)  [heuristic],persistent_FP,stable_correct,stable_correct,stable_correct,persistent_FP
b379l,1,Bradycardia,0.1,0.6308950716504891,0.5,0.5309758275747299,0.1,0.5441725492477417,1.0,0.39242071509361265,0.0,0.5922480344772338,low,low,high,degraded(<0.9),HR_diff>=15bpm,ECG_beats_with_pulse>=0.5,ppg_acf>=0.3,PPG,no_ABP,HR<50,low ECG quality index; PPG artefact / non-periodic pulse; beat detectors disagree (ECG 40 vs PPG 114 bpm)  [heuristic],stable_correct,unstable_true_alarm,stable_correct,persistent_FN,stable_correct
v380s,0,Ventricular_Tachycardia,0.0,0.18798480156951397,0.0,0.33818234205245973,0.0,0.3439648225903511,0.0,0.391228112578392,0.6,0.5028646111488342,mid,high,mid,clean(>=0.9),HR_diff<15bpm,ECG_beats_with_pulse>=0.5,ppg_acf>=0.3,PPG,no_ABP,HR50-100,"clean concordant rhythm, but model fires (no heuristic flag)  [heuristic]",stable_correct,stable_correct,stable_correct,stable_correct,unstable_false_alarm
v381l,0,Ventricular_Tachycardia,0.0,0.04555437881952729,0.2,0.3110320657491684,0.1,0.36702786982059477,0.6,0.5053416430950165,0.2,0.4272374540567398,high,mid,high,clean(>=0.9),HR_diff<15bpm,ECG_beats_with_pulse>=0.5,ppg_acf>=0.3,PPG,ABP_available,HR100-140,"clean concordant rhythm, but model fires (no heuristic flag)  [heuristic]",stable_correct,stable_correct,stable_correct,unstable_false_alarm,stable_correct
a385l,1,Asystole,0.3,0.5776655080455667,1.0,0.26134448535740373,0.3,0.5236762702465058,0.7,0.5220940351486206,0.4,0.5052253365516662,high,high,high,clean(>=0.9),HR_diff>=15bpm,ECG_beats_with_pulse>=0.5,ppg_acf<0.3,PPG,no_ABP,HR>=140,ECG artefact: high HF power / poor beat-template match; PPG artefact / non-periodic pulse; beat detectors disagree (ECG 161 vs PPG 139 bpm)  [heuristic],unstable_true_alarm,persistent_FN,unstable_true_alarm,unstable_true_alarm,unstable_true_alarm
a386s,1,Asystole,0.3,0.5994168160254789,0.5,0.4588912814855576,1.0,0.39020868837833406,1.0,0.32683589607477187,0.0,0.5658348500728607,low,high,low,degraded(<0.9),HR_diff<15bpm,ECG_beats_with_pulse<0.5,ppg_acf<0.3,PPG,no_ABP,HR50-100,low pulse quality index; PPG artefact / non-periodic pulse  [heuristic],unstable_true_alarm,unstable_true_alarm,persistent_FN,persistent_FN,stable_correct
b388s,0,Bradycardia,0.0,0.2066437782820147,0.7,0.5632374316453934,0.5,0.503224179148674,0.9,0.557832533121109,0.4,0.48967792093753815,mid,high,mid,clean(>=0.9),HR_diff<15bpm,ECG_beats_with_pulse<0.5,ppg_acf>=0.3,PPG,ABP_available,HR<50,pulse absent/uncoupled but ECG regular  [heuristic],stable_correct,unstable_false_alarm,unstable_false_alarm,persistent_FP,unstable_false_alarm
b389l,0,Bradycardia,0.1,0.20135913927958443,0.9,0.6336670607328415,0.7,0.5486549466848374,0.8,0.5450376749038697,0.5,0.5045056194067001,mid,high,mid,clean(>=0.9),HR_diff<15bpm,ECG_beats_with_pulse<0.5,ppg_acf>=0.3,PPG,ABP_available,HR<50,pulse absent/uncoupled but ECG regular  [heuristic],stable_correct,persistent_FP,unstable_false_alarm,persistent_FP,unstable_false_alarm
v390s,0,Ventricular_Tachycardia,0.6,0.5285967370488975,0.6,0.5878294467926025,0.2,0.4212574243545532,1.0,0.5624662101268768,0.3,0.46721535325050356,high,mid,high,clean(>=0.9),HR_diff<15bpm,ECG_beats_with_pulse>=0.5,ppg_acf>=0.3,PPG,ABP_available,HR>=140,"clean concordant rhythm, but model fires (no heuristic flag)  [heuristic]",unstable_false_alarm,unstable_false_alarm,stable_correct,persistent_FP,unstable_false_alarm
v392s,0,Ventricular_Tachycardia,0.0,0.04473803428717181,0.2,0.40808031260967254,0.8,0.5209095537662506,0.2,0.4648861289024353,1.0,0.5636055409908295,high,high,high,clean(>=0.9),HR_diff<15bpm,ECG_beats_with_pulse>=0.5,ppg_acf<0.3,PPG,ABP_available,HR50-100,PPG artefact / non-periodic pulse  [heuristic],stable_correct,stable_correct,persistent_FP,stable_correct,persistent_FP
t393l,1,Tachycardia,0.0,0.9367736996871269,0.0,0.7615338444709778,0.8,0.4180774599313736,0.7,0.4476292282342911,0.0,0.5638735175132752,low,high,low,clean(>=0.9),HR_diff<15bpm,ECG_beats_with_pulse>=0.5,ppg_acf<0.3,PPG,no_ABP,HR>=140,PPG artefact / non-periodic pulse  [heuristic],stable_correct,stable_correct,persistent_FN,unstable_true_alarm,stable_correct
t394s,1,Tachycardia,0.0,0.9225382502037839,0.3,0.616366732120514,0.8,0.4206623390316963,0.9,0.402907532453537,0.0,0.5701528549194336,high,high,high,clean(>=0.9),HR_diff<15bpm,ECG_beats_with_pulse>=0.5,ppg_acf>=0.3,PPG,no_ABP,HR>=140,signals look clean and concordant (no heuristic flag)  [heuristic],stable_correct,unstable_true_alarm,persistent_FN,persistent_FN,stable_correct
v395l,0,Ventricular_Tachycardia,0.0,0.013427698585391213,0.0,0.2474174451082945,0.0,0.2430656373500824,0.4,0.4809557557106018,0.0,0.33154525607824326,high,high,high,clean(>=0.9),HR_diff<15bpm,ECG_beats_with_pulse>=0.5,ppg_acf>=0.3,PPG,no_ABP,HR50-100,ECG artefact: high HF power / poor beat-template match  [heuristic],stable_correct,stable_correct,stable_correct,unstable_false_alarm,stable_correct
a397l,0,Asystole,0.0,0.013705264949063767,0.0,0.22310764193534852,0.0,0.22097084075212478,0.0,0.43435745537281034,0.0,0.38299725502729415,high,high,high,clean(>=0.9),HR_diff<15bpm,ECG_beats_with_pulse>=0.5,ppg_acf>=0.3,PPG,no_ABP,HR50-100,ECG artefact: high HF power / poor beat-template match  [heuristic],stable_correct,stable_correct,stable_correct,stable_correct,stable_correct
v398s,0,Ventricular_Tachycardia,0.0,0.12805063563533362,0.2,0.4140360698103905,0.0,0.4299733638763428,0.0,0.4010891795158386,1.0,0.5476531445980072,high,high,high,clean(>=0.9),HR_diff>=15bpm,ECG_beats_with_pulse>=0.5,ppg_acf<0.3,PPG,ABP_available,HR>=140,PPG artefact / non-periodic pulse; beat detectors disagree (ECG 183 vs PPG 78 bpm)  [heuristic],stable_correct,stable_correct,stable_correct,stable_correct,persistent_FP
v401l,0,Ventricular_Tachycardia,0.0,0.08851956956826117,0.0,0.2826185807585716,0.0,0.4559550374746323,0.2,0.4522650420665741,1.0,0.5247830808162689,low,mid,low,clean(>=0.9),HR_diff<15bpm,ECG_beats_with_pulse>=0.5,ppg_acf<0.3,PPG,no_ABP,HR100-140,PPG artefact / non-periodic pulse  [heuristic],stable_correct,stable_correct,stable_correct,stable_correct,persistent_FP
v402s,0,Ventricular_Tachycardia,0.0,0.21436967427682507,0.2,0.38597817718982697,0.3,0.48941323161125183,0.2,0.4453960835933685,1.0,0.5578348994255066,low,high,low,degraded(<0.9),HR_diff>=15bpm,ECG_beats_with_pulse<0.5,ppg_acf<0.3,PPG,no_ABP,HR100-140,low pulse quality index; PPG artefact / non-periodic pulse; beat detectors disagree (ECG 129 vs PPG 86 bpm)  [heuristic],stable_correct,stable_correct,unstable_false_alarm,stable_correct,persistent_FP
v403l,0,Ventricular_Tachycardia,0.9,0.8403144844332295,0.2,0.40303753316402435,0.6,0.49890693724155427,0.2,0.479244527220726,0.8,0.5202578037977219,high,high,high,clean(>=0.9),HR_diff<15bpm,ECG_beats_with_pulse<0.5,ppg_acf>=0.3,PPG,ABP_available,HR50-100,pulse absent/uncoupled but ECG regular  [heuristic],persistent_FP,stable_correct,unstable_false_alarm,stable_correct,persistent_FP
v404s,1,Ventricular_Tachycardia,0.7,0.43197475040569105,0.1,0.6511530905961991,0.2,0.5864998996257782,0.0,0.6020376205444335,0.2,0.5060447514057159,high,mid,high,clean(>=0.9),HR_diff<15bpm,ECG_beats_with_pulse>=0.5,ppg_acf>=0.3,PPG,no_ABP,HR50-100,signals look clean and concordant (no heuristic flag)  [heuristic],unstable_true_alarm,stable_correct,stable_correct,stable_correct,stable_correct
v405l,0,Ventricular_Tachycardia,0.0,0.1630603707136,0.0,0.3508641764521599,0.0,0.378607851266861,0.0,0.3673488199710846,1.0,0.5662700474262238,high,high,high,clean(>=0.9),HR_diff>=15bpm,ECG_beats_with_pulse>=0.5,ppg_acf>=0.3,PPG,ABP_available,HR>=140,PPG artefact / non-periodic pulse; beat detectors disagree (ECG 156 vs PPG 84 bpm)  [heuristic],stable_correct,stable_correct,stable_correct,stable_correct,persistent_FP
t406s,1,Tachycardia,0.0,0.9334934013938476,0.3,0.7031012207269669,0.3,0.5345445424318314,0.3,0.5436116188764573,0.5,0.4822221785783768,high,mid,high,clean(>=0.9),HR_diff<15bpm,ECG_beats_with_pulse>=0.5,ppg_acf>=0.3,PPG,ABP_available,HR>=140,signals look clean and concordant (no heuristic flag)  [heuristic],stable_correct,unstable_true_alarm,unstable_true_alarm,unstable_true_alarm,unstable_true_alarm
f407l,0,Ventricular_Flutter_Fib,0.1,0.38791789807514154,0.0,0.21949622193351387,0.0,0.2341087631881237,0.0,0.2680042527616024,0.1,0.43114026486873624,high,high,high,clean(>=0.9),HR_diff<15bpm,ECG_beats_with_pulse>=0.5,ppg_acf>=0.3,PPG,ABP_available,HR>=140,ECG artefact: high HF power / poor beat-template match  [heuristic],stable_correct,stable_correct,stable_correct,stable_correct,stable_correct
f408s,0,Ventricular_Flutter_Fib,0.1,0.33683068599226684,0.0,0.17613833248615265,0.0,0.21315894275903702,0.0,0.29854166954755784,0.0,0.42904784679412844,high,high,high,clean(>=0.9),HR_diff<15bpm,ECG_beats_with_pulse>=0.5,ppg_acf>=0.3,PPG,ABP_available,HR>=140,ECG artefact: high HF power / poor beat-template match; PPG artefact / non-periodic pulse  [heuristic],stable_correct,stable_correct,stable_correct,stable_correct,stable_correct
t409l,0,Tachycardia,0.0,0.16144639545808698,0.0,0.11802276759408414,0.0,0.20228424668312073,0.0,0.26381471157073977,0.0,0.4312539428472519,high,mid,high,clean(>=0.9),HR_diff>=15bpm,ECG_beats_with_pulse>=0.5,ppg_acf>=0.3,PPG,ABP_available,HR>=140,ECG artefact: high HF power / poor beat-template match; PPG artefact / non-periodic pulse; beat detectors disagree (ECG 183 vs PPG 158 bpm)  [heuristic],stable_correct,stable_correct,stable_correct,stable_correct,stable_correct
t410s,1,Tachycardia,0.0,0.9553860763499331,0.0,0.85361447930336,0.0,0.6317733585834503,0.1,0.5415802448987961,0.0,0.5662170827388764,low,mid,low,degraded(<0.9),HR_diff>=15bpm,ECG_beats_with_pulse<0.5,ppg_acf<0.3,PPG,no_ABP,HR>=140,low pulse quality index; PPG artefact / non-periodic pulse; beat detectors disagree (ECG 160 vs PPG 29 bpm)  [heuristic],stable_correct,stable_correct,stable_correct,stable_correct,stable_correct
t411l,1,Tachycardia,0.0,0.9765814377915824,0.0,0.8564040839672089,0.0,0.6583694875240326,0.0,0.6396070122718811,0.0,0.5437658846378326,low,mid,low,clean(>=0.9),HR_diff>=15bpm,ECG_beats_with_pulse>=0.5,ppg_acf<0.3,PPG,no_ABP,HR>=140,PPG artefact / non-periodic pulse; beat detectors disagree (ECG 150 vs PPG 105 bpm)  [heuristic],stable_correct,stable_correct,stable_correct,stable_correct,stable_correct
f414s,0,Ventricular_Flutter_Fib,0.2,0.32812086136743823,0.0,0.31095353662967684,0.1,0.34655238687992096,0.0,0.3785974860191345,1.0,0.5777605414390564,low,high,low,degraded(<0.9),HR_diff>=15bpm,ECG_beats_with_pulse>=0.5,ppg_acf>=0.3,PPG,no_ABP,ECG<3_beats,low pulse quality index; PPG artefact / non-periodic pulse; beat detectors disagree (ECG 15 vs PPG 53 bpm)  [heuristic],stable_correct,stable_correct,stable_correct,stable_correct,persistent_FP
f415l,0,Ventricular_Flutter_Fib,0.4,0.4100135200927979,0.3,0.4399063840508461,0.1,0.38002619743347166,0.0,0.33575328141450883,1.0,0.5676538050174713,mid,high,mid,clean(>=0.9),HR_diff<15bpm,ECG_beats_with_pulse>=0.5,ppg_acf>=0.3,PPG,no_ABP,HR50-100,"clean concordant rhythm, but model fires (no heuristic flag)  [heuristic]",unstable_false_alarm,unstable_false_alarm,stable_correct,stable_correct,persistent_FP
t416s,1,Tachycardia,0.0,0.8891744862446662,0.7,0.4264720380306244,0.0,0.5756389737129212,1.0,0.3854800283908844,0.0,0.594917505979538,mid,high,mid,clean(>=0.9),HR_diff<15bpm,ECG_beats_with_pulse>=0.5,ppg_acf>=0.3,PPG,no_ABP,HR100-140,signals look clean and concordant (no heuristic flag)  [heuristic],stable_correct,unstable_true_alarm,stable_correct,persistent_FN,stable_correct
v419l,0,Ventricular_Tachycardia,0.0,0.13852630370790928,0.1,0.30432171300053595,0.0,0.33188300877809523,0.7,0.5258444398641586,0.0,0.3924185663461685,high,high,high,clean(>=0.9),HR_diff>=15bpm,ECG_beats_with_pulse>=0.5,ppg_acf>=0.3,PPG,no_ABP,HR<50,beat detectors disagree (ECG 22 vs PPG 64 bpm)  [heuristic],stable_correct,stable_correct,stable_correct,unstable_false_alarm,stable_correct
a420s,0,Asystole,0.0,0.12195982442590406,0.0,0.37546747773885725,0.6,0.5168471455574035,0.9,0.5539242267608643,0.0,0.452996563911438,mid,mid,mid,clean(>=0.9),HR_diff<15bpm,ECG_beats_with_pulse>=0.5,ppg_acf>=0.3,PPG,no_ABP,HR50-100,"clean concordant rhythm, but model fires (no heuristic flag)  [heuristic]",stable_correct,stable_correct,unstable_false_alarm,persistent_FP,stable_correct
v421l,0,Ventricular_Tachycardia,0.0,0.2187607218570288,0.0,0.3362495943903923,0.3,0.4514531910419464,0.9,0.5385872185230255,0.5,0.4996062755584717,high,mid,high,clean(>=0.9),HR_diff<15bpm,ECG_beats_with_pulse>=0.5,ppg_acf<0.3,PPG,no_ABP,HR50-100,PPG artefact / non-periodic pulse  [heuristic],stable_correct,stable_correct,unstable_false_alarm,persistent_FP,unstable_false_alarm
a422s,0,Asystole,0.0,0.08595874122707278,0.3,0.36971489489078524,0.0,0.2309400036931038,0.1,0.4032692700624466,0.0,0.4059969589114189,high,high,high,clean(>=0.9),HR_diff<15bpm,ECG_beats_with_pulse<0.5,ppg_acf>=0.3,PPG,no_ABP,HR<50,pulse absent/uncoupled but ECG regular  [heuristic],stable_correct,unstable_false_alarm,stable_correct,stable_correct,stable_correct
v423l,0,Ventricular_Tachycardia,0.0,0.25082607958195735,0.0,0.26192276552319527,0.0,0.4029669284820557,1.0,0.5935484111309052,0.0,0.4671850472688675,mid,high,mid,clean(>=0.9),HR_diff<15bpm,ECG_beats_with_pulse>=0.5,ppg_acf>=0.3,PPG,no_ABP,HR50-100,"clean concordant rhythm, but model fires (no heuristic flag)  [heuristic]",stable_correct,stable_correct,stable_correct,persistent_FP,stable_correct
v426s,0,Ventricular_Tachycardia,0.0,0.010959251190205594,0.0,0.1561720972880721,0.0,0.25553049743175504,0.0,0.427405908703804,0.0,0.3442088007926941,high,high,high,clean(>=0.9),HR_diff<15bpm,ECG_beats_with_pulse>=0.5,ppg_acf>=0.3,PPG,no_ABP,HR50-100,"clean concordant rhythm, but model fires (no heuristic flag)  [heuristic]",stable_correct,stable_correct,stable_correct,stable_correct,stable_correct
v427l,0,Ventricular_Tachycardia,0.0,0.08511960681436585,0.0,0.21044469103217125,0.0,0.3565982162952423,0.2,0.45400685369968413,0.0,0.39562532007694245,high,high,high,clean(>=0.9),HR_diff<15bpm,ECG_beats_with_pulse>=0.5,ppg_acf>=0.3,PPG,no_ABP,HR50-100,ECG artefact: high HF power / poor beat-template match  [heuristic],stable_correct,stable_correct,stable_correct,stable_correct,stable_correct
b428s,0,Bradycardia,0.0,0.06899280633255009,0.1,0.38716539144515993,0.1,0.352330681681633,0.2,0.472855544090271,0.1,0.4274091571569443,mid,high,mid,clean(>=0.9),HR_diff<15bpm,ECG_beats_with_pulse>=0.5,ppg_acf>=0.3,PPG,no_ABP,HR50-100,ECG artefact: high HF power / poor beat-template match  [heuristic],stable_correct,stable_correct,stable_correct,stable_correct,stable_correct
t430s,1,Tachycardia,0.0,0.9411553575046911,0.0,0.9113046109676362,0.0,0.8576548874378205,0.0,0.7204670310020447,0.0,0.5438261151313781,mid,high,low,clean(>=0.9),HR_diff>=15bpm,ECG_beats_with_pulse>=0.5,ppg_acf<0.3,PPG,no_ABP,HR>=140,PPG artefact / non-periodic pulse; beat detectors disagree (ECG 195 vs PPG 115 bpm)  [heuristic],stable_correct,stable_correct,stable_correct,stable_correct,stable_correct
v431l,0,Ventricular_Tachycardia,0.0,0.0063078888986955834,0.0,0.23050304502248764,0.0,0.18004637882113456,0.0,0.346599580347538,0.0,0.29801440984010696,high,high,high,clean(>=0.9),HR_diff>=15bpm,ECG_beats_with_pulse>=0.5,ppg_acf>=0.3,PPG,ABP_available,HR<50,beat detectors disagree (ECG 39 vs PPG 87 bpm)  [heuristic],stable_correct,stable_correct,stable_correct,stable_correct,stable_correct
v432s,0,Ventricular_Tachycardia,0.0,0.006736375619070407,0.0,0.2573598146438599,0.0,0.19091630578041077,0.0,0.3675501137971878,0.0,0.3236987516283989,high,high,high,clean(>=0.9),HR_diff<15bpm,ECG_beats_with_pulse>=0.5,ppg_acf>=0.3,PPG,ABP_available,HR50-100,ECG artefact: high HF power / poor beat-template match  [heuristic],stable_correct,stable_correct,stable_correct,stable_correct,stable_correct
v433l,0,Ventricular_Tachycardia,0.0,0.06499430489782303,0.1,0.22011922374367715,0.0,0.32451850175857544,0.6,0.5439716666936875,0.0,0.3763741612434387,high,high,high,clean(>=0.9),HR_diff<15bpm,ECG_beats_with_pulse>=0.5,ppg_acf>=0.3,PPG,no_ABP,HR100-140,ECG artefact: high HF power / poor beat-template match  [heuristic],stable_correct,stable_correct,stable_correct,unstable_false_alarm,stable_correct
t434s,1,Tachycardia,0.0,0.8256311805452079,0.0,0.7017527759075165,0.5,0.4916506439447403,0.2,0.5205273330211639,0.3,0.5095770090818406,high,high,high,clean(>=0.9),HR_diff<15bpm,ECG_beats_with_pulse>=0.5,ppg_acf>=0.3,PPG,no_ABP,HR>=140,ECG artefact: high HF power / poor beat-template match  [heuristic],stable_correct,stable_correct,unstable_true_alarm,stable_correct,unstable_true_alarm
a435l,0,Asystole,0.0,0.15373500057578476,0.0,0.18876617029309273,0.0,0.32047899067401886,0.0,0.3446522727608681,1.0,0.5575475215911865,low,high,low,degraded(<0.9),HR_diff<15bpm,ECG_beats_with_pulse>=0.5,ppg_acf<0.3,PPG,no_ABP,HR50-100,ECG artefact: high HF power / poor beat-template match; low pulse quality index; PPG artefact / non-periodic pulse  [heuristic],stable_correct,stable_correct,stable_correct,stable_correct,persistent_FP
a436s,0,Asystole,0.2,0.37884590927842654,0.0,0.23550767600536346,0.0,0.35204184651374815,0.0,0.37568421810865404,1.0,0.5756867110729218,mid,high,mid,clean(>=0.9),HR_diff>=15bpm,ECG_beats_with_pulse>=0.5,ppg_acf>=0.3,PPG,no_ABP,HR>=140,ECG artefact: high HF power / poor beat-template match; beat detectors disagree (ECG 169 vs PPG 103 bpm)  [heuristic],stable_correct,stable_correct,stable_correct,stable_correct,persistent_FP
v437l,0,Ventricular_Tachycardia,0.0,0.2822331397003771,0.1,0.3704409420490265,0.3,0.4363326758146286,0.0,0.40324381589889524,1.0,0.5396048188209533,mid,high,mid,clean(>=0.9),HR_diff<15bpm,ECG_beats_with_pulse>=0.5,ppg_acf<0.3,PPG,ABP_available,HR50-100,PPG artefact / non-periodic pulse  [heuristic],stable_correct,stable_correct,unstable_false_alarm,stable_correct,persistent_FP
v438s,0,Ventricular_Tachycardia,0.0,0.01525414962882036,0.0,0.213092340528965,0.0,0.3884199231863022,0.4,0.4638385623693466,0.0,0.391378054022789,high,high,high,clean(>=0.9),HR_diff<15bpm,ECG_beats_with_pulse>=0.5,ppg_acf>=0.3,PPG,no_ABP,HR50-100,"clean concordant rhythm, but model fires (no heuristic flag)  [heuristic]",stable_correct,stable_correct,stable_correct,unstable_false_alarm,stable_correct
a439l,0,Asystole,0.0,0.13314327385388808,0.0,0.3494274616241455,0.3,0.4576738029718399,0.0,0.35784576535224916,1.0,0.5959727823734283,low,high,low,clean(>=0.9),HR_diff>=15bpm,ECG_beats_with_pulse<0.5,ppg_acf>=0.3,PPG,no_ABP,HR50-100,ECG artefact: high HF power / poor beat-template match; beat detectors disagree (ECG 96 vs PPG 59 bpm)  [heuristic],stable_correct,stable_correct,unstable_false_alarm,stable_correct,persistent_FP
a442s,1,Asystole,0.0,0.8638029138950241,0.0,0.835080349445343,0.1,0.6793320804834366,0.1,0.5420303612947464,0.0,0.5861676096916199,high,mid,high,clean(>=0.9),HR_diff>=15bpm,ECG_beats_with_pulse<0.5,ppg_acf<0.3,PPG,no_ABP,HR<50,PPG artefact / non-periodic pulse; beat detectors disagree (ECG 20 vs PPG 185 bpm)  [heuristic],stable_correct,stable_correct,stable_correct,stable_correct,stable_correct
a443l,1,Asystole,0.3,0.5100758217463071,1.0,0.3214296519756317,1.0,0.25844247490167616,1.0,0.35039881318807603,0.0,0.5551323771476746,low,mid,low,degraded(<0.9),HR_diff>=15bpm,ECG_beats_with_pulse<0.5,ppg_acf<0.3,PPG,no_ABP,HR>=140,ECG artefact: high HF power / poor beat-template match; low pulse quality index; PPG artefact / non-periodic pulse  [heuristic],unstable_true_alarm,persistent_FN,persistent_FN,persistent_FN,stable_correct
t444s,1,Tachycardia,0.2,0.6855693891180175,0.0,0.728901481628418,0.3,0.5381433814764023,0.0,0.657410615682602,0.9,0.45704162418842315,high,high,high,clean(>=0.9),HR_diff<15bpm,ECG_beats_with_pulse>=0.5,ppg_acf>=0.3,PPG,no_ABP,HR>=140,signals look clean and concordant (no heuristic flag)  [heuristic],stable_correct,stable_correct,unstable_true_alarm,stable_correct,persistent_FN
t445l,1,Tachycardia,0.0,0.8977791001698495,0.0,0.7306043446063996,0.1,0.5958382338285446,0.0,0.6059240281581879,0.2,0.503573352098465,high,high,high,clean(>=0.9),HR_diff>=15bpm,ECG_beats_with_pulse>=0.5,ppg_acf>=0.3,PPG,no_ABP,HR>=140,beat detectors disagree (ECG 155 vs PPG 124 bpm)  [heuristic],stable_correct,stable_correct,stable_correct,stable_correct,stable_correct
a446s,1,Asystole,0.0,0.9156691605269078,0.0,0.8670339524745941,0.2,0.6405126214027405,0.2,0.5420233339071274,0.0,0.6066748917102813,high,mid,high,clean(>=0.9),HR_diff>=15bpm,ECG_beats_with_pulse<0.5,ppg_acf<0.3,PPG,no_ABP,HR<50,PPG artefact / non-periodic pulse; beat detectors disagree (ECG 20 vs PPG 185 bpm)  [heuristic],stable_correct,stable_correct,stable_correct,stable_correct,stable_correct
t447l,1,Tachycardia,0.0,0.9922167052654274,0.0,0.8288067042827606,0.0,0.7010322153568268,0.0,0.7214012682437897,0.0,0.5299072027206421,high,high,high,clean(>=0.9),HR_diff<15bpm,ECG_beats_with_pulse>=0.5,ppg_acf>=0.3,PPG,no_ABP,HR>=140,signals look clean and concordant (no heuristic flag)  [heuristic],stable_correct,stable_correct,stable_correct,stable_correct,stable_correct
a449l,1,Asystole,0.9,0.2579637632984232,0.1,0.5894771575927734,0.3,0.5059062033891678,0.2,0.5166442483663559,0.1,0.5253829956054688,low,high,low,degraded(<0.9),HR_diff>=15bpm,ECG_beats_with_pulse<0.5,ppg_acf<0.3,PPG,no_ABP,HR<50,low pulse quality index; PPG artefact / non-periodic pulse; beat detectors disagree (ECG 31 vs PPG 106 bpm)  [heuristic],persistent_FN,stable_correct,unstable_true_alarm,stable_correct,stable_correct
b451l,0,Bradycardia,0.0,0.04378329406527463,0.0,0.16371758412569762,0.0,0.24013987481594085,0.4,0.4852723240852356,0.0,0.30394164472818375,high,high,high,clean(>=0.9),HR_diff<15bpm,ECG_beats_with_pulse>=0.5,ppg_acf>=0.3,PPG,no_ABP,HR50-100,"clean concordant rhythm, but model fires (no heuristic flag)  [heuristic]",stable_correct,stable_correct,stable_correct,unstable_false_alarm,stable_correct
v452s,0,Ventricular_Tachycardia,0.0,0.006915647645285269,0.0,0.16697966773062944,0.0,0.2356598384678364,0.0,0.3971962630748749,0.0,0.3711675599217415,mid,mid,low,clean(>=0.9),HR_diff<15bpm,ECG_beats_with_pulse>=0.5,ppg_acf>=0.3,PPG,no_ABP,HR50-100,"clean concordant rhythm, but model fires (no heuristic flag)  [heuristic]",stable_correct,stable_correct,stable_correct,stable_correct,stable_correct
v453l,0,Ventricular_Tachycardia,0.0,0.017965735238224454,0.0,0.2157519103959203,0.0,0.3070137783885002,1.0,0.5832026183605195,0.0,0.3243786558508873,mid,high,mid,clean(>=0.9),HR_diff<15bpm,ECG_beats_with_pulse>=0.5,ppg_acf>=0.3,PPG,no_ABP,HR50-100,"clean concordant rhythm, but model fires (no heuristic flag)  [heuristic]",stable_correct,stable_correct,stable_correct,persistent_FP,stable_correct
v454s,0,Ventricular_Tachycardia,0.0,0.016257730636525674,0.0,0.24762745648622514,0.0,0.2851809948682785,0.9,0.5773429930210113,0.0,0.3835529893636703,high,high,high,clean(>=0.9),HR_diff<15bpm,ECG_beats_with_pulse>=0.5,ppg_acf>=0.3,PPG,no_ABP,HR50-100,"clean concordant rhythm, but model fires (no heuristic flag)  [heuristic]",stable_correct,stable_correct,stable_correct,persistent_FP,stable_correct
b455l,1,Bradycardia,0.7,0.43829485180841565,1.0,0.2998570501804352,0.6,0.4754579097032547,0.9,0.4198273062705994,0.3,0.5052326858043671,mid,low,low,clean(>=0.9),HR_diff<15bpm,ECG_beats_with_pulse<0.5,ppg_acf<0.3,PPG,ABP_available,HR<50,PPG artefact / non-periodic pulse  [heuristic],unstable_true_alarm,persistent_FN,unstable_true_alarm,persistent_FN,unstable_true_alarm
b456s,1,Bradycardia,0.0,0.6537360480536141,1.0,0.24625955447554587,1.0,0.3472107172012329,1.0,0.342958864569664,0.6,0.4873366951942444,low,mid,low,degraded(<0.9),HR_diff<15bpm,ECG_beats_with_pulse<0.5,ppg_acf<0.3,PPG,ABP_available,HR<50,low pulse quality index; PPG artefact / non-periodic pulse  [heuristic],stable_correct,persistent_FN,persistent_FN,persistent_FN,unstable_true_alarm
a457l,0,Asystole,0.0,0.024768250126478184,0.0,0.2662891559302807,0.0,0.32171245813369753,0.0,0.3376400202512741,1.0,0.548658549785614,mid,high,mid,clean(>=0.9),HR_diff<15bpm,ECG_beats_with_pulse>=0.5,ppg_acf>=0.3,PPG,no_ABP,HR50-100,ECG artefact: high HF power / poor beat-template match; PPG artefact / non-periodic pulse  [heuristic],stable_correct,stable_correct,stable_correct,stable_correct,persistent_FP
t458s,1,Tachycardia,0.0,0.988918404957467,0.0,0.769788122177124,0.1,0.6175262749195098,0.1,0.5926700174808502,0.0,0.5748604595661163,high,high,high,clean(>=0.9),HR_diff<15bpm,ECG_beats_with_pulse>=0.5,ppg_acf>=0.3,PPG,no_ABP,HR>=140,ECG artefact: high HF power / poor beat-template match  [heuristic],stable_correct,stable_correct,stable_correct,stable_correct,stable_correct
a461l,0,Asystole,0.3,0.431537437931912,0.1,0.32113818973302843,0.0,0.40055560022592546,0.0,0.4103480577468872,0.9,0.5207512140274048,mid,high,mid,clean(>=0.9),HR_diff>=15bpm,ECG_beats_with_pulse>=0.5,ppg_acf<0.3,PPG,ABP_available,HR50-100,PPG artefact / non-periodic pulse; beat detectors disagree (ECG 50 vs PPG 86 bpm)  [heuristic],unstable_false_alarm,stable_correct,stable_correct,stable_correct,persistent_FP
a462s,0,Asystole,0.0,0.06541941243987069,0.0,0.20402664244174956,0.0,0.2839726895093918,0.0,0.35409273356199267,1.0,0.5500514268875122,low,low,high,degraded(<0.9),HR_diff>=15bpm,ECG_beats_with_pulse>=0.5,ppg_acf>=0.3,PPG,ABP_available,HR>=140,ECG artefact: high HF power / poor beat-template match; low ECG quality index; beat detectors disagree (ECG 152 vs PPG 119 bpm)  [heuristic],stable_correct,stable_correct,stable_correct,stable_correct,persistent_FP
v464s,0,Ventricular_Tachycardia,0.5,0.504869760982308,0.2,0.41858621686697006,0.7,0.5187938123941421,0.2,0.45893646478652955,1.0,0.5592886924743652,low,high,low,clean(>=0.9),HR_diff<15bpm,ECG_beats_with_pulse>=0.5,ppg_acf>=0.3,PPG,ABP_available,HR100-140,"clean concordant rhythm, but model fires (no heuristic flag)  [heuristic]",unstable_false_alarm,stable_correct,unstable_false_alarm,stable_correct,persistent_FP
a465l,0,Asystole,0.1,0.2557651990222146,0.0,0.3598251909017563,0.6,0.5096284687519074,0.1,0.4385382682085037,0.9,0.5240923672914505,low,low,low,clean(>=0.9),HR_diff>=15bpm,ECG_beats_with_pulse>=0.5,ppg_acf>=0.3,PPG,ABP_available,HR50-100,ECG artefact: high HF power / poor beat-template match; beat detectors disagree (ECG 52 vs PPG 124 bpm)  [heuristic],stable_correct,stable_correct,unstable_false_alarm,stable_correct,persistent_FP
v466s,0,Ventricular_Tachycardia,0.0,0.09823284282467684,0.0,0.28938249200582505,0.0,0.34996573626995087,0.0,0.39376716911792753,1.0,0.547555434703827,low,low,low,clean(>=0.9),HR_diff<15bpm,ECG_beats_with_pulse>=0.5,ppg_acf>=0.3,PPG,ABP_available,HR100-140,ECG artefact: high HF power / poor beat-template match  [heuristic],stable_correct,stable_correct,stable_correct,stable_correct,persistent_FP
t467l,1,Tachycardia,0.0,0.9850182954538775,0.0,0.7486640751361847,0.0,0.6312961399555206,0.0,0.6621384978294372,0.0,0.5400888979434967,low,high,low,clean(>=0.9),HR_diff<15bpm,ECG_beats_with_pulse>=0.5,ppg_acf<0.3,PPG,no_ABP,HR>=140,PPG artefact / non-periodic pulse  [heuristic],stable_correct,stable_correct,stable_correct,stable_correct,stable_correct
t468s,1,Tachycardia,0.0,0.9819622878908586,0.0,0.7983652412891388,0.0,0.7414692759513855,0.0,0.7167079389095307,0.5,0.5010092377662658,mid,low,high,clean(>=0.9),HR_diff<15bpm,ECG_beats_with_pulse>=0.5,ppg_acf>=0.3,PPG,no_ABP,HR>=140,signals look clean and concordant (no heuristic flag)  [heuristic],stable_correct,stable_correct,stable_correct,stable_correct,unstable_true_alarm
t469l,0,Tachycardia,0.4,0.4248842462186935,0.5,0.5154326766729355,1.0,0.642542815208435,1.0,0.5982866406440734,0.4,0.4838020831346512,high,high,high,clean(>=0.9),HR_diff<15bpm,ECG_beats_with_pulse>=0.5,ppg_acf>=0.3,PPG,no_ABP,HR50-100,"clean concordant rhythm, but model fires (no heuristic flag)  [heuristic]",unstable_false_alarm,unstable_false_alarm,persistent_FP,persistent_FP,unstable_false_alarm
v470s,0,Ventricular_Tachycardia,0.0,0.2136774033868724,0.3,0.40815827548503875,0.1,0.46524796187877654,0.0,0.4048608928918839,1.0,0.5637959539890289,high,mid,high,clean(>=0.9),HR_diff>=15bpm,ECG_beats_with_pulse<0.5,ppg_acf<0.3,PPG,no_ABP,HR100-140,ECG artefact: high HF power / poor beat-template match; PPG artefact / non-periodic pulse; beat detectors disagree (ECG 106 vs PPG 68 bpm)  [heuristic],stable_correct,unstable_false_alarm,stable_correct,stable_correct,persistent_FP
v471l,1,Ventricular_Tachycardia,0.3,0.6330475092335515,0.7,0.41450330764055254,0.2,0.570751565694809,0.0,0.5618322134017945,0.7,0.4849421828985214,high,high,high,clean(>=0.9),HR_diff<15bpm,ECG_beats_with_pulse>=0.5,ppg_acf>=0.3,PPG,no_ABP,HR100-140,signals look clean and concordant (no heuristic flag)  [heuristic],unstable_true_alarm,unstable_true_alarm,stable_correct,stable_correct,unstable_true_alarm
v472s,0,Ventricular_Tachycardia,0.0,0.24811372732982084,0.0,0.2710487298667431,0.1,0.4204453378915787,0.0,0.3229144364595413,1.0,0.5782107889652253,low,high,low,degraded(<0.9),HR_diff>=15bpm,ECG_beats_with_pulse<0.5,ppg_acf>=0.3,PPG,ABP_available,HR100-140,low pulse quality index; beat detectors disagree (ECG 123 vs PPG 96 bpm)  [heuristic],stable_correct,stable_correct,stable_correct,stable_correct,persistent_FP
v473l,0,Ventricular_Tachycardia,0.8,0.7242477497848283,0.5,0.43286912590265275,0.5,0.5269405335187912,1.0,0.6016650378704071,0.1,0.40699163973331454,mid,high,mid,clean(>=0.9),HR_diff<15bpm,ECG_beats_with_pulse>=0.5,ppg_acf>=0.3,PPG,ABP_available,HR100-140,"clean concordant rhythm, but model fires (no heuristic flag)  [heuristic]",persistent_FP,unstable_false_alarm,unstable_false_alarm,persistent_FP,stable_correct
f474s,0,Ventricular_Flutter_Fib,0.0,0.24862380808385526,0.0,0.3320199757814407,0.0,0.34079128205776216,0.0,0.3662099391222,1.0,0.5520977079868317,high,high,high,clean(>=0.9),HR_diff>=15bpm,ECG_beats_with_pulse>=0.5,ppg_acf<0.3,PPG,no_ABP,HR>=140,ECG artefact: high HF power / poor beat-template match; PPG artefact / non-periodic pulse; beat detectors disagree (ECG 164 vs PPG 118 bpm)  [heuristic],stable_correct,stable_correct,stable_correct,stable_correct,persistent_FP
v476s,0,Ventricular_Tachycardia,0.6,0.5301315998650278,0.0,0.2860214665532112,0.0,0.2950923666357994,0.0,0.350606170296669,0.3,0.4854383111000061,high,high,high,clean(>=0.9),HR_diff>=15bpm,ECG_beats_with_pulse>=0.5,ppg_acf>=0.3,PPG,no_ABP,HR>=140,beat detectors disagree (ECG 163 vs PPG 116 bpm)  [heuristic],unstable_false_alarm,stable_correct,stable_correct,stable_correct,unstable_false_alarm
t477l,1,Tachycardia,0.0,0.9846830394474049,0.0,0.7013408780097962,0.0,0.7345302820205688,0.0,0.6927148580551148,0.0,0.5424874067306519,low,high,low,degraded(<0.9),HR_diff>=15bpm,ECG_beats_with_pulse>=0.5,ppg_acf<0.3,PPG,no_ABP,HR>=140,low pulse quality index; PPG artefact / non-periodic pulse; beat detectors disagree (ECG 142 vs PPG 96 bpm)  [heuristic],stable_correct,stable_correct,stable_correct,stable_correct,stable_correct
t478s,1,Tachycardia,0.0,0.9900666185976389,0.1,0.6862631022930146,0.0,0.6658050179481506,0.1,0.563463705778122,0.0,0.5566060781478882,mid,high,mid,clean(>=0.9),HR_diff<15bpm,ECG_beats_with_pulse>=0.5,ppg_acf>=0.3,PPG,no_ABP,HR>=140,signals look clean and concordant (no heuristic flag)  [heuristic],stable_correct,stable_correct,stable_correct,stable_correct,stable_correct
v481l,0,Ventricular_Tachycardia,0.0,0.08892983410597313,0.2,0.3610514238476753,0.1,0.3986275941133499,0.5,0.4928796797990799,0.1,0.41907221674919126,mid,high,mid,clean(>=0.9),HR_diff<15bpm,ECG_beats_with_pulse>=0.5,ppg_acf>=0.3,PPG,ABP_available,HR50-100,"clean concordant rhythm, but model fires (no heuristic flag)  [heuristic]",stable_correct,stable_correct,stable_correct,unstable_false_alarm,stable_correct
v482s,0,Ventricular_Tachycardia,0.0,0.040710959089346375,0.0,0.33630345165729525,0.0,0.2309917151927948,0.4,0.4769647181034088,0.0,0.3553053677082062,high,high,high,clean(>=0.9),HR_diff>=15bpm,ECG_beats_with_pulse>=0.5,ppg_acf>=0.3,PPG,ABP_available,ECG<3_beats,beat detectors disagree (ECG 0 vs PPG 82 bpm)  [heuristic],stable_correct,stable_correct,stable_correct,unstable_false_alarm,stable_correct
v483l,0,Ventricular_Tachycardia,0.0,0.04859565923695402,0.2,0.3995494991540909,0.0,0.3439485490322113,0.1,0.41539044082164767,0.3,0.4839045971632004,high,high,high,clean(>=0.9),HR_diff<15bpm,ECG_beats_with_pulse>=0.5,ppg_acf>=0.3,PPG,ABP_available,HR50-100,"clean concordant rhythm, but model fires (no heuristic flag)  [heuristic]",stable_correct,stable_correct,stable_correct,stable_correct,unstable_false_alarm
b484s,0,Bradycardia,0.0,0.09767006287367075,0.0,0.22523321211338043,0.0,0.2987565860152245,0.0,0.37368429005146026,0.0,0.3988203376531601,high,mid,high,clean(>=0.9),HR_diff<15bpm,ECG_beats_with_pulse>=0.5,ppg_acf>=0.3,PPG,ABP_available,HR50-100,"clean concordant rhythm, but model fires (no heuristic flag)  [heuristic]",stable_correct,stable_correct,stable_correct,stable_correct,stable_correct
b485l,0,Bradycardia,0.0,0.09664013090004182,0.0,0.2577292412519455,0.0,0.35040189921855924,0.0,0.3360140323638916,0.7,0.504972979426384,low,high,low,clean(>=0.9),HR_diff<15bpm,ECG_beats_with_pulse>=0.5,ppg_acf>=0.3,PPG,ABP_available,HR50-100,"clean concordant rhythm, but model fires (no heuristic flag)  [heuristic]",stable_correct,stable_correct,stable_correct,stable_correct,unstable_false_alarm
b486s,0,Bradycardia,0.1,0.27112840184502857,0.0,0.2868455693125725,0.4,0.48335165083408355,0.0,0.43459506928920744,0.0,0.4578074932098389,low,high,low,clean(>=0.9),HR_diff<15bpm,ECG_beats_with_pulse<0.5,ppg_acf>=0.3,PPG,ABP_available,HR50-100,"clean concordant rhythm, but model fires (no heuristic flag)  [heuristic]",stable_correct,stable_correct,unstable_false_alarm,stable_correct,stable_correct
b487l,0,Bradycardia,0.9,0.6675079282027009,0.9,0.6502355575561524,0.9,0.6471130192279816,1.0,0.591031152009964,1.0,0.5709680140018463,low,low,low,clean(>=0.9),HR_diff>=15bpm,ECG_beats_with_pulse>=0.5,ppg_acf<0.3,PPG,no_ABP,HR<50,PPG artefact / non-periodic pulse; beat detectors disagree (ECG 45 vs PPG 97 bpm)  [heuristic],persistent_FP,persistent_FP,persistent_FP,persistent_FP,persistent_FP
b488s,0,Bradycardia,0.0,0.21595722581188523,0.6,0.5429381132125854,0.1,0.3872267335653305,0.9,0.5631544023752213,0.2,0.43650577366352084,mid,low,mid,clean(>=0.9),HR_diff<15bpm,ECG_beats_with_pulse>=0.5,ppg_acf>=0.3,PPG,no_ABP,HR<50,"clean concordant rhythm, but model fires (no heuristic flag)  [heuristic]",stable_correct,unstable_false_alarm,stable_correct,persistent_FP,stable_correct
v491l,0,Ventricular_Tachycardia,0.0,0.05526490154072224,0.0,0.33196659535169604,0.0,0.35323275029659273,0.0,0.37982495725154874,0.9,0.5364160150289535,mid,low,high,clean(>=0.9),HR_diff>=15bpm,ECG_beats_with_pulse>=0.5,ppg_acf>=0.3,PPG,ABP_available,HR50-100,ECG artefact: high HF power / poor beat-template match; beat detectors disagree (ECG 53 vs PPG 79 bpm)  [heuristic],stable_correct,stable_correct,stable_correct,stable_correct,persistent_FP
v492s,0,Ventricular_Tachycardia,0.3,0.43075104165681094,0.2,0.3812084227800369,0.0,0.41861321926116946,0.6,0.4880338340997696,0.7,0.5034791827201843,high,high,high,clean(>=0.9),HR_diff<15bpm,ECG_beats_with_pulse>=0.5,ppg_acf>=0.3,PPG,ABP_available,HR100-140,"clean concordant rhythm, but model fires (no heuristic flag)  [heuristic]",unstable_false_alarm,stable_correct,stable_correct,unstable_false_alarm,unstable_false_alarm
b497l,1,Bradycardia,0.0,0.8698649428963211,0.1,0.74523566365242,0.0,0.7027102589607239,0.0,0.5500415444374085,0.1,0.5473618417978287,mid,high,mid,clean(>=0.9),HR_diff>=15bpm,ECG_beats_with_pulse>=0.5,ppg_acf<0.3,PPG,no_ABP,HR100-140,ECG artefact: high HF power / poor beat-template match; PPG artefact / non-periodic pulse; beat detectors disagree (ECG 117 vs PPG 69 bpm)  [heuristic],stable_correct,stable_correct,stable_correct,stable_correct,stable_correct
v498s,0,Ventricular_Tachycardia,0.0,0.026720700367006578,0.0,0.15596607998013495,0.0,0.25009364932775496,0.1,0.42239291667938234,0.0,0.34795655161142347,mid,high,mid,clean(>=0.9),HR_diff<15bpm,ECG_beats_with_pulse>=0.5,ppg_acf>=0.3,PPG,ABP_available,HR50-100,"clean concordant rhythm, but model fires (no heuristic flag)  [heuristic]",stable_correct,stable_correct,stable_correct,stable_correct,stable_correct
f499l,0,Ventricular_Flutter_Fib,0.0,0.1607859393270918,0.3,0.5193924248218537,0.2,0.43999390602111815,0.5,0.4809865415096283,1.0,0.5543874740600586,high,high,high,clean(>=0.9),HR_diff<15bpm,ECG_beats_with_pulse>=0.5,ppg_acf>=0.3,PPG,no_ABP,HR100-140,"clean concordant rhythm, but model fires (no heuristic flag)  [heuristic]",stable_correct,unstable_false_alarm,stable_correct,unstable_false_alarm,persistent_FP
f500s,0,Ventricular_Flutter_Fib,0.0,0.030820252036663803,0.0,0.23620323613286018,0.0,0.27862747833132745,0.9,0.5578572303056717,0.0,0.33080655336380005,mid,high,mid,clean(>=0.9),HR_diff<15bpm,ECG_beats_with_pulse>=0.5,ppg_acf>=0.3,PPG,ABP_available,HR50-100,"clean concordant rhythm, but model fires (no heuristic flag)  [heuristic]",stable_correct,stable_correct,stable_correct,persistent_FP,stable_correct
v501l,0,Ventricular_Tachycardia,0.0,0.011277404172711083,0.0,0.26507762223482134,0.0,0.2617963843047619,1.0,0.5667854368686676,0.0,0.3085403323173523,mid,mid,mid,clean(>=0.9),HR_diff<15bpm,ECG_beats_with_pulse>=0.5,ppg_acf>=0.3,PPG,ABP_available,HR50-100,ECG artefact: high HF power / poor beat-template match  [heuristic],stable_correct,stable_correct,stable_correct,persistent_FP,stable_correct
v502s,0,Ventricular_Tachycardia,0.0,0.02753354204966063,0.1,0.33665684461593626,0.0,0.21725912913680076,0.5,0.49769561290740966,0.0,0.3254128709435463,high,low,high,clean(>=0.9),HR_diff<15bpm,ECG_beats_with_pulse>=0.5,ppg_acf>=0.3,PPG,ABP_available,HR50-100,PPG artefact / non-periodic pulse  [heuristic],stable_correct,stable_correct,stable_correct,unstable_false_alarm,stable_correct
t503l,0,Tachycardia,0.1,0.18082839969241396,0.0,0.2596123691648245,0.9,0.5719644010066987,0.6,0.508119261264801,1.0,0.5498044967651368,low,high,low,clean(>=0.9),HR_diff>=15bpm,ECG_beats_with_pulse>=0.5,ppg_acf>=0.3,PPG,no_ABP,HR100-140,ECG artefact: high HF power / poor beat-template match; beat detectors disagree (ECG 130 vs PPG 110 bpm)  [heuristic],stable_correct,stable_correct,persistent_FP,unstable_false_alarm,persistent_FP
t504s,0,Tachycardia,0.0,0.2500644518069379,0.5,0.4313486456871033,1.0,0.6869208812713623,0.9,0.590237358212471,1.0,0.5472599267959595,low,high,low,clean(>=0.9),HR_diff>=15bpm,ECG_beats_with_pulse>=0.5,ppg_acf>=0.3,PPG,no_ABP,HR100-140,ECG artefact: high HF power / poor beat-template match; beat detectors disagree (ECG 118 vs PPG 102 bpm)  [heuristic],stable_correct,unstable_false_alarm,persistent_FP,persistent_FP,persistent_FP
v505l,0,Ventricular_Tachycardia,0.0,0.09424238216882867,0.0,0.21780685037374498,0.2,0.4532520294189453,0.0,0.41283631324768066,0.9,0.5126831442117691,high,high,high,clean(>=0.9),HR_diff<15bpm,ECG_beats_with_pulse>=0.5,ppg_acf>=0.3,PPG,no_ABP,HR50-100,"clean concordant rhythm, but model fires (no heuristic flag)  [heuristic]",stable_correct,stable_correct,stable_correct,stable_correct,persistent_FP
t506s,1,Tachycardia,0.0,0.9837400625340434,0.0,0.8123142719268799,0.0,0.7680076122283935,0.0,0.6391682386398315,0.0,0.562254536151886,low,high,low,clean(>=0.9),HR_diff>=15bpm,ECG_beats_with_pulse<0.5,ppg_acf<0.3,PPG,no_ABP,HR>=140,PPG artefact / non-periodic pulse; beat detectors disagree (ECG 150 vs PPG 68 bpm); pulse absent/uncoupled but ECG regular  [heuristic],stable_correct,stable_correct,stable_correct,stable_correct,stable_correct
t507l,1,Tachycardia,0.0,0.9850860289616975,0.0,0.7426856875419616,0.0,0.7351111471652985,0.0,0.6285640597343445,0.0,0.5454443156719208,mid,high,low,clean(>=0.9),HR_diff>=15bpm,ECG_beats_with_pulse>=0.5,ppg_acf<0.3,PPG,no_ABP,HR>=140,PPG artefact / non-periodic pulse; beat detectors disagree (ECG 158 vs PPG 108 bpm)  [heuristic],stable_correct,stable_correct,stable_correct,stable_correct,stable_correct
t508s,1,Tachycardia,0.0,0.9866874634251616,0.0,0.8898361086845398,0.0,0.7150588870048523,0.0,0.6480847597122192,0.0,0.5767440080642701,low,high,low,degraded(<0.9),HR_diff>=15bpm,ECG_beats_with_pulse<0.5,ppg_acf<0.3,PPG,no_ABP,HR>=140,low pulse quality index; PPG artefact / non-periodic pulse; beat detectors disagree (ECG 181 vs PPG 29 bpm)  [heuristic],stable_correct,stable_correct,stable_correct,stable_correct,stable_correct
t509l,1,Tachycardia,0.0,0.8952979541186957,0.1,0.6416964501142501,0.3,0.5313077241182327,0.8,0.46432551741600037,0.1,0.5306435137987137,high,high,high,clean(>=0.9),HR_diff>=15bpm,ECG_beats_with_pulse>=0.5,ppg_acf<0.3,PPG,no_ABP,HR>=140,PPG artefact / non-periodic pulse; beat detectors disagree (ECG 155 vs PPG 116 bpm)  [heuristic],stable_correct,stable_correct,unstable_true_alarm,persistent_FN,stable_correct
v510s,0,Ventricular_Tachycardia,0.0,0.008350334916161179,0.0,0.21422548964619637,0.0,0.27406496107578276,0.0,0.4286254793405533,0.0,0.3364582985639572,high,high,high,clean(>=0.9),HR_diff<15bpm,ECG_beats_with_pulse>=0.5,ppg_acf>=0.3,PPG,no_ABP,HR50-100,ECG artefact: high HF power / poor beat-template match  [heuristic],stable_correct,stable_correct,stable_correct,stable_correct,stable_correct
v511l,0,Ventricular_Tachycardia,0.0,0.053028978171446896,0.0,0.29519580453634264,0.0,0.1732691340148449,0.0,0.40851378738880156,0.0,0.35947231352329256,high,high,high,clean(>=0.9),HR_diff>=15bpm,ECG_beats_with_pulse<0.5,ppg_acf>=0.3,PPG,no_ABP,HR<50,beat detectors disagree (ECG 21 vs PPG 75 bpm)  [heuristic],stable_correct,stable_correct,stable_correct,stable_correct,stable_correct
a512s,0,Asystole,0.0,0.02166223453215768,0.0,0.28288417458534243,0.0,0.24833369702100755,0.1,0.4472526401281357,0.0,0.3614921852946281,high,mid,high,clean(>=0.9),HR_diff<15bpm,ECG_beats_with_pulse>=0.5,ppg_acf>=0.3,PPG,no_ABP,HR50-100,"clean concordant rhythm, but model fires (no heuristic flag)  [heuristic]",stable_correct,stable_correct,stable_correct,stable_correct,stable_correct
v513l,0,Ventricular_Tachycardia,0.0,0.13532182720762925,0.3,0.4041045859456062,0.0,0.37805854976177217,0.4,0.46896807551383973,0.1,0.40195180773735045,high,high,high,clean(>=0.9),HR_diff<15bpm,ECG_beats_with_pulse>=0.5,ppg_acf>=0.3,PPG,no_ABP,HR50-100,"clean concordant rhythm, but model fires (no heuristic flag)  [heuristic]",stable_correct,unstable_false_alarm,stable_correct,unstable_false_alarm,stable_correct
a514s,0,Asystole,0.3,0.4400661548837572,0.5,0.45367172360420227,0.1,0.4503480285406113,0.0,0.33255262970924376,1.0,0.5713743031024933,low,low,low,degraded(<0.9),HR_diff>=15bpm,ECG_beats_with_pulse<0.5,ppg_acf<0.3,PPG,no_ABP,HR100-140,ECG artefact: high HF power / poor beat-template match; low pulse quality index; PPG artefact / non-periodic pulse  [heuristic],unstable_false_alarm,unstable_false_alarm,stable_correct,stable_correct,persistent_FP
b515l,1,Bradycardia,0.1,0.7273146061912402,0.8,0.4133689671754837,0.5,0.47762625813484194,0.3,0.5110815465450287,0.3,0.49926039576530457,high,high,high,clean(>=0.9),HR_diff<15bpm,ECG_beats_with_pulse<0.5,ppg_acf>=0.3,PPG,ABP_available,HR<50,pulse absent/uncoupled but ECG regular  [heuristic],stable_correct,persistent_FN,unstable_true_alarm,unstable_true_alarm,unstable_true_alarm
b516s,1,Bradycardia,0.0,0.8466237183172117,0.4,0.5321160137653351,0.5,0.49536640048027036,0.4,0.5013684779405594,0.1,0.5157738626003265,mid,low,high,clean(>=0.9),HR_diff<15bpm,ECG_beats_with_pulse<0.5,ppg_acf>=0.3,PPG,ABP_available,HR<50,pulse absent/uncoupled but ECG regular  [heuristic],stable_correct,unstable_true_alarm,unstable_true_alarm,unstable_true_alarm,stable_correct
b517l,1,Bradycardia,0.0,0.8514167674746762,0.0,0.6727686762809754,0.4,0.5543941289186478,0.4,0.5059210419654846,0.1,0.5267325848340988,mid,low,high,clean(>=0.9),HR_diff<15bpm,ECG_beats_with_pulse<0.5,ppg_acf>=0.3,PPG,ABP_available,HR<50,pulse absent/uncoupled but ECG regular  [heuristic],stable_correct,stable_correct,unstable_true_alarm,unstable_true_alarm,stable_correct
v518s,0,Ventricular_Tachycardia,0.0,0.008716706895924058,0.0,0.23576077073812485,0.0,0.23862326741218567,0.1,0.44436816275119784,0.0,0.327535904943943,high,high,high,clean(>=0.9),HR_diff>=15bpm,ECG_beats_with_pulse>=0.5,ppg_acf>=0.3,PPG,ABP_available,ECG<3_beats,beat detectors disagree (ECG 0 vs PPG 60 bpm)  [heuristic],stable_correct,stable_correct,stable_correct,stable_correct,stable_correct
v519l,0,Ventricular_Tachycardia,0.0,0.01162869956828575,0.0,0.19405874684453012,0.0,0.2827301725745201,0.4,0.5014530032873153,0.0,0.38369574695825576,mid,high,mid,clean(>=0.9),HR_diff<15bpm,ECG_beats_with_pulse>=0.5,ppg_acf>=0.3,PPG,ABP_available,HR50-100,"clean concordant rhythm, but model fires (no heuristic flag)  [heuristic]",stable_correct,stable_correct,stable_correct,unstable_false_alarm,stable_correct
t524s,1,Tachycardia,0.0,0.8566487257410941,0.0,0.8545928061008453,0.0,0.64063920378685,0.1,0.585469377040863,0.0,0.5684535443782807,low,mid,low,degraded(<0.9),HR_diff>=15bpm,ECG_beats_with_pulse<0.5,ppg_acf<0.3,PPG,no_ABP,HR>=140,low pulse quality index; PPG artefact / non-periodic pulse; beat detectors disagree (ECG 163 vs PPG 29 bpm)  [heuristic],stable_correct,stable_correct,stable_correct,stable_correct,stable_correct
v525l,1,Ventricular_Tachycardia,0.1,0.7094773131025854,0.7,0.44216535091400144,0.6,0.5199474930763245,0.1,0.5389498412609101,0.7,0.4750065118074417,high,high,high,clean(>=0.9),HR_diff>=15bpm,ECG_beats_with_pulse>=0.5,ppg_acf>=0.3,PPG,no_ABP,HR100-140,beat detectors disagree (ECG 105 vs PPG 123 bpm)  [heuristic],stable_correct,unstable_true_alarm,unstable_true_alarm,stable_correct,unstable_true_alarm
a526s,0,Asystole,0.0,0.008404470458890485,0.0,0.2320800542831421,0.1,0.3446191608905792,0.1,0.42547821402549746,0.0,0.404775133728981,mid,high,mid,clean(>=0.9),HR_diff>=15bpm,ECG_beats_with_pulse>=0.5,ppg_acf>=0.3,PPG,ABP_available,HR100-140,ECG artefact: high HF power / poor beat-template match; beat detectors disagree (ECG 124 vs PPG 62 bpm)  [heuristic],stable_correct,stable_correct,stable_correct,stable_correct,stable_correct
a527l,0,Asystole,0.0,0.21748449819972399,0.0,0.26131860837340354,0.0,0.33401929885149,0.0,0.3681636109948158,1.0,0.5391407549381256,mid,high,low,clean(>=0.9),HR_diff>=15bpm,ECG_beats_with_pulse>=0.5,ppg_acf<0.3,PPG,ABP_available,HR>=140,ECG artefact: high HF power / poor beat-template match; PPG artefact / non-periodic pulse; beat detectors disagree (ECG 160 vs PPG 77 bpm)  [heuristic],stable_correct,stable_correct,stable_correct,stable_correct,persistent_FP
f529l,0,Ventricular_Flutter_Fib,0.0,0.0909728587815393,0.0,0.2993835359811783,0.1,0.37537320852279665,0.0,0.3893617957830429,0.9,0.5213449746370316,low,low,low,degraded(<0.9),HR_diff>=15bpm,ECG_beats_with_pulse>=0.5,ppg_acf<0.3,PPG,ABP_available,HR50-100,ECG artefact: high HF power / poor beat-template match; low ECG quality index; PPG artefact / non-periodic pulse  [heuristic],stable_correct,stable_correct,stable_correct,stable_correct,persistent_FP
v532s,0,Ventricular_Tachycardia,0.4,0.44184281705592127,0.3,0.42362838685512544,0.7,0.5282190650701523,0.1,0.46752637028694155,1.0,0.5717084884643555,high,mid,high,clean(>=0.9),HR_diff<15bpm,ECG_beats_with_pulse>=0.5,ppg_acf>=0.3,PPG,no_ABP,HR100-140,"clean concordant rhythm, but model fires (no heuristic flag)  [heuristic]",unstable_false_alarm,unstable_false_alarm,unstable_false_alarm,stable_correct,persistent_FP
v533l,0,Ventricular_Tachycardia,0.0,0.14453036589829135,0.1,0.41236273646354676,0.1,0.4570040225982666,0.3,0.47750103771686553,0.6,0.5139841824769974,high,high,high,clean(>=0.9),HR_diff<15bpm,ECG_beats_with_pulse>=0.5,ppg_acf>=0.3,PPG,no_ABP,HR100-140,"clean concordant rhythm, but model fires (no heuristic flag)  [heuristic]",stable_correct,stable_correct,stable_correct,unstable_false_alarm,unstable_false_alarm
v534s,1,Ventricular_Tachycardia,1.0,0.017929458191109245,1.0,0.24706808067858219,0.4,0.49944316744804385,0.7,0.4485834002494812,0.0,0.5582015812397003,high,mid,high,clean(>=0.9),HR_diff<15bpm,ECG_beats_with_pulse>=0.5,ppg_acf>=0.3,PPG,no_ABP,HR100-140,signals look clean and concordant (no heuristic flag)  [heuristic],persistent_FN,persistent_FN,unstable_true_alarm,unstable_true_alarm,stable_correct
v535l,0,Ventricular_Tachycardia,0.0,0.004308217888385509,0.0,0.25885169133543967,0.0,0.1874573566019535,0.0,0.385809925198555,0.0,0.3384113311767578,high,low,high,clean(>=0.9),HR_diff>=15bpm,ECG_beats_with_pulse>=0.5,ppg_acf>=0.3,PPG,ABP_available,HR<50,ECG artefact: high HF power / poor beat-template match; beat detectors disagree (ECG 35 vs PPG 78 bpm)  [heuristic],stable_correct,stable_correct,stable_correct,stable_correct,stable_correct
v536s,0,Ventricular_Tachycardia,0.0,0.007820134677970283,0.0,0.2644590467214584,0.0,0.17252374142408372,0.0,0.39877421259880064,0.0,0.3136542707681656,mid,high,mid,clean(>=0.9),HR_diff>=15bpm,ECG_beats_with_pulse>=0.5,ppg_acf>=0.3,PPG,ABP_available,ECG<3_beats,beat detectors disagree (ECG 115 vs PPG 81 bpm)  [heuristic],stable_correct,stable_correct,stable_correct,stable_correct,stable_correct
b537l,1,Bradycardia,0.0,0.9452056279931483,0.3,0.6051199078559876,0.4,0.5322278052568435,0.1,0.5541712582111359,0.0,0.5600778102874756,mid,high,low,clean(>=0.9),HR_diff<15bpm,ECG_beats_with_pulse>=0.5,ppg_acf>=0.3,PPG,no_ABP,HR<50,PPG artefact / non-periodic pulse  [heuristic],stable_correct,unstable_true_alarm,unstable_true_alarm,stable_correct,stable_correct
b538s,1,Bradycardia,0.0,0.9658226005346251,0.0,0.7468106687068939,0.1,0.6142936915159225,0.2,0.5255321383476257,0.0,0.567947781085968,mid,low,mid,clean(>=0.9),HR_diff>=15bpm,ECG_beats_with_pulse>=0.5,ppg_acf>=0.3,PPG,no_ABP,HR<50,beat detectors disagree (ECG 30 vs PPG 49 bpm)  [heuristic],stable_correct,stable_correct,stable_correct,stable_correct,stable_correct
a539l,0,Asystole,0.6,0.5673537442323189,0.3,0.4297682851552963,0.4,0.44918676018714904,0.0,0.3744506284594536,1.0,0.5728649377822876,low,mid,low,degraded(<0.9),HR_diff>=15bpm,ECG_beats_with_pulse<0.5,ppg_acf<0.3,PPG,ABP_available,HR>=140,ECG artefact: high HF power / poor beat-template match; low pulse quality index; PPG artefact / non-periodic pulse  [heuristic],unstable_false_alarm,unstable_false_alarm,unstable_false_alarm,stable_correct,persistent_FP
v540s,0,Ventricular_Tachycardia,0.9,0.6414032825226618,0.1,0.4108240768313408,0.2,0.4543899208307266,0.2,0.4132872998714447,1.0,0.5662324011325837,low,high,low,degraded(<0.9),HR_diff>=15bpm,ECG_beats_with_pulse<0.5,ppg_acf<0.3,PPG,ABP_available,HR100-140,ECG artefact: high HF power / poor beat-template match; low pulse quality index; PPG artefact / non-periodic pulse  [heuristic],persistent_FP,stable_correct,stable_correct,stable_correct,persistent_FP
v541l,1,Ventricular_Tachycardia,0.2,0.6254574252109761,0.2,0.5558759212493897,0.0,0.7210258603096008,0.1,0.590757068991661,0.2,0.5069978713989258,high,high,high,clean(>=0.9),HR_diff>=15bpm,ECG_beats_with_pulse>=0.5,ppg_acf<0.3,PPG,ABP_available,HR100-140,ECG artefact: high HF power / poor beat-template match; PPG artefact / non-periodic pulse; beat detectors disagree (ECG 129 vs PPG 104 bpm)  [heuristic],stable_correct,stable_correct,stable_correct,stable_correct,stable_correct
v542s,1,Ventricular_Tachycardia,0.9,0.3648230771394724,0.3,0.5692808389663696,0.2,0.5496027827262878,0.0,0.6002829015254975,0.4,0.49857022762298586,high,low,high,clean(>=0.9),HR_diff>=15bpm,ECG_beats_with_pulse>=0.5,ppg_acf>=0.3,PPG,ABP_available,HR>=140,ECG artefact: high HF power / poor beat-template match; beat detectors disagree (ECG 140 vs PPG 100 bpm)  [heuristic],persistent_FN,unstable_true_alarm,stable_correct,stable_correct,unstable_true_alarm
f543l,1,Ventricular_Flutter_Fib,0.2,0.6365794117293441,0.8,0.36050799340009687,0.7,0.4529707312583923,0.8,0.3831204041838646,0.0,0.5609092116355896,low,high,low,degraded(<0.9),HR_diff>=15bpm,ECG_beats_with_pulse<0.5,ppg_acf<0.3,PPG,ABP_available,HR>=140,ECG artefact: high HF power / poor beat-template match; low pulse quality index; PPG artefact / non-periodic pulse  [heuristic],stable_correct,persistent_FN,unstable_true_alarm,persistent_FN,stable_correct
f544s,1,Ventricular_Flutter_Fib,1.0,0.2530240416540324,0.1,0.6313352197408676,0.1,0.6230807781219483,0.2,0.5986451596021652,0.0,0.5368966341018677,high,high,high,clean(>=0.9),HR_diff<15bpm,ECG_beats_with_pulse>=0.5,ppg_acf<0.3,PPG,ABP_available,HR100-140,ECG artefact: high HF power / poor beat-template match; PPG artefact / non-periodic pulse  [heuristic],persistent_FN,stable_correct,stable_correct,stable_correct,stable_correct
f545l,1,Ventricular_Flutter_Fib,0.1,0.7107062603207364,1.0,0.3318954065442085,1.0,0.3834481596946716,1.0,0.3029389619827271,0.0,0.5612364411354065,low,high,low,degraded(<0.9),HR_diff>=15bpm,ECG_beats_with_pulse<0.5,ppg_acf<0.3,PPG,ABP_available,HR>=140,ECG artefact: high HF power / poor beat-template match; low pulse quality index; PPG artefact / non-periodic pulse  [heuristic],stable_correct,persistent_FN,persistent_FN,persistent_FN,stable_correct
t546s,1,Tachycardia,0.2,0.6432412266627942,0.0,0.6679728507995606,0.0,0.5646557629108429,0.1,0.5112219005823135,0.0,0.542200380563736,low,low,low,degraded(<0.9),HR_diff<15bpm,ECG_beats_with_pulse>=0.5,ppg_acf<0.3,PPG,no_ABP,HR>=140,low ECG quality index; PPG artefact / non-periodic pulse  [heuristic],stable_correct,stable_correct,stable_correct,stable_correct,stable_correct
t547l,1,Tachycardia,0.2,0.6398212752962135,0.3,0.631260433793068,0.5,0.49110289514064787,0.9,0.4750398188829422,0.0,0.5540650427341461,low,low,mid,degraded(<0.9),HR_diff>=15bpm,ECG_beats_with_pulse>=0.5,ppg_acf<0.3,PPG,no_ABP,HR>=140,low ECG quality index; PPG artefact / non-periodic pulse; beat detectors disagree (ECG 150 vs PPG 118 bpm)  [heuristic],stable_correct,unstable_true_alarm,unstable_true_alarm,persistent_FN,stable_correct
v548s,0,Ventricular_Tachycardia,0.0,0.03579765782524761,0.1,0.33739678263664247,0.4,0.5141121000051498,0.3,0.46982399821281434,0.4,0.5116343438625336,mid,high,mid,clean(>=0.9),HR_diff<15bpm,ECG_beats_with_pulse>=0.5,ppg_acf>=0.3,PPG,no_ABP,HR100-140,"clean concordant rhythm, but model fires (no heuristic flag)  [heuristic]",stable_correct,stable_correct,unstable_false_alarm,unstable_false_alarm,unstable_false_alarm
v549l,0,Ventricular_Tachycardia,0.0,0.08424907878553449,0.0,0.3123179718852043,0.6,0.5103167951107025,0.1,0.4341913014650345,0.9,0.5449089765548706,high,high,high,clean(>=0.9),HR_diff<15bpm,ECG_beats_with_pulse>=0.5,ppg_acf>=0.3,PPG,no_ABP,HR50-100,"clean concordant rhythm, but model fires (no heuristic flag)  [heuristic]",stable_correct,stable_correct,unstable_false_alarm,stable_correct,persistent_FP
v551l,0,Ventricular_Tachycardia,0.1,0.27510797267487097,0.3,0.47343942523002625,0.1,0.4081909418106079,0.0,0.34579854309558866,1.0,0.561644184589386,low,low,low,degraded(<0.9),HR_diff>=15bpm,ECG_beats_with_pulse>=0.5,ppg_acf<0.3,PPG,ABP_available,ECG<3_beats,low pulse quality index; PPG artefact / non-periodic pulse; beat detectors disagree (ECG 0 vs PPG 77 bpm)  [heuristic],stable_correct,unstable_false_alarm,stable_correct,stable_correct,persistent_FP
b553l,0,Bradycardia,0.2,0.2940366437646625,0.0,0.35715428590774534,0.7,0.5317394137382507,0.3,0.49236384630203245,0.9,0.538076987862587,low,low,low,clean(>=0.9),HR_diff<15bpm,ECG_beats_with_pulse>=0.5,ppg_acf>=0.3,PPG,no_ABP,HR50-100,ECG artefact: high HF power / poor beat-template match  [heuristic],stable_correct,stable_correct,unstable_false_alarm,unstable_false_alarm,persistent_FP
b554s,0,Bradycardia,0.0,0.24046244036552208,0.1,0.4170468419790268,0.0,0.3746481388807297,0.9,0.5381859183311463,0.1,0.41234586834907533,low,low,high,clean(>=0.9),HR_diff<15bpm,ECG_beats_with_pulse>=0.5,ppg_acf>=0.3,PPG,no_ABP,HR50-100,ECG artefact: high HF power / poor beat-template match  [heuristic],stable_correct,stable_correct,stable_correct,persistent_FP,stable_correct
a555l,0,Asystole,0.0,0.028153008085155314,0.1,0.2592928737401962,0.0,0.28689526915550234,0.6,0.49438160955905913,0.0,0.3543448135256767,high,high,high,clean(>=0.9),HR_diff<15bpm,ECG_beats_with_pulse<0.5,ppg_acf>=0.3,PPG,ABP_available,HR50-100,pulse absent/uncoupled but ECG regular  [heuristic],stable_correct,stable_correct,stable_correct,unstable_false_alarm,stable_correct
a556s,0,Asystole,0.0,0.03095652105012899,0.2,0.3124120369553566,0.0,0.2882759153842926,0.4,0.47246169447898867,0.0,0.3824485093355179,mid,low,high,clean(>=0.9),HR_diff<15bpm,ECG_beats_with_pulse<0.5,ppg_acf>=0.3,PPG,ABP_available,HR50-100,pulse absent/uncoupled but ECG regular  [heuristic],stable_correct,stable_correct,stable_correct,unstable_false_alarm,stable_correct
v557l,0,Ventricular_Tachycardia,0.0,0.02869265591781997,0.1,0.304940564930439,0.0,0.3236027345061302,0.4,0.4815288484096527,0.0,0.4153482526540756,high,mid,high,clean(>=0.9),HR_diff<15bpm,ECG_beats_with_pulse<0.5,ppg_acf>=0.3,PPG,ABP_available,HR50-100,pulse absent/uncoupled but ECG regular  [heuristic],stable_correct,stable_correct,stable_correct,unstable_false_alarm,stable_correct
a558s,0,Asystole,0.0,0.028375422657869964,0.0,0.24708278179168702,0.0,0.3037241891026497,0.3,0.45394190549850466,0.0,0.4126285552978516,high,high,high,clean(>=0.9),HR_diff<15bpm,ECG_beats_with_pulse<0.5,ppg_acf>=0.3,PPG,ABP_available,HR50-100,pulse absent/uncoupled but ECG regular  [heuristic],stable_correct,stable_correct,stable_correct,unstable_false_alarm,stable_correct
v559l,1,Ventricular_Tachycardia,0.1,0.745858914330692,0.4,0.49872097969055174,1.0,0.34658702164888383,0.0,0.5660362184047699,1.0,0.39327276349067686,high,high,high,clean(>=0.9),HR_diff>=15bpm,ECG_beats_with_pulse>=0.5,ppg_acf>=0.3,PPG,ABP_available,HR100-140,beat detectors disagree (ECG 112 vs PPG 96 bpm)  [heuristic],stable_correct,unstable_true_alarm,persistent_FN,stable_correct,persistent_FN
b560s,1,Bradycardia,0.0,0.9837166328388861,0.0,0.749339634180069,0.0,0.6753325462341309,0.3,0.49494647681713105,0.0,0.5708451509475708,mid,low,mid,clean(>=0.9),HR_diff<15bpm,ECG_beats_with_pulse>=0.5,ppg_acf<0.3,PPG,ABP_available,HR<50,PPG artefact / non-periodic pulse  [heuristic],stable_correct,stable_correct,stable_correct,unstable_true_alarm,stable_correct
b561l,1,Bradycardia,0.0,0.9246158439954456,0.3,0.5582643926143647,0.0,0.6375372409820557,0.1,0.5421734303236008,0.0,0.5490636467933655,low,low,low,degraded(<0.9),HR_diff>=15bpm,ECG_beats_with_pulse>=0.5,ppg_acf<0.3,PPG,ABP_available,HR<50,low pulse quality index; PPG artefact / non-periodic pulse; beat detectors disagree (ECG 32 vs PPG 48 bpm)  [heuristic],stable_correct,unstable_true_alarm,stable_correct,stable_correct,stable_correct
b562s,1,Bradycardia,0.0,0.9762597087217897,0.0,0.715485829114914,0.0,0.6862848937511444,0.3,0.531509867310524,0.0,0.5698185622692108,low,high,low,clean(>=0.9),HR_diff<15bpm,ECG_beats_with_pulse>=0.5,ppg_acf<0.3,PPG,ABP_available,HR<50,PPG artefact / non-periodic pulse  [heuristic],stable_correct,stable_correct,stable_correct,unstable_true_alarm,stable_correct
f563l,1,Ventricular_Flutter_Fib,0.6,0.4157697067705134,0.2,0.6651572465896607,0.4,0.5389914214611053,0.5,0.5143282026052475,0.0,0.5658599376678467,low,high,low,degraded(<0.9),HR_diff<15bpm,ECG_beats_with_pulse<0.5,ppg_acf<0.3,PPG,ABP_available,HR100-140,ECG artefact: high HF power / poor beat-template match; low pulse quality index; PPG artefact / non-periodic pulse  [heuristic],unstable_true_alarm,stable_correct,unstable_true_alarm,unstable_true_alarm,stable_correct
v564s,1,Ventricular_Tachycardia,0.3,0.5966942567541899,0.0,0.7034417390823364,0.3,0.5695055991411209,0.3,0.5444563686847687,0.3,0.5205257296562195,high,low,high,clean(>=0.9),HR_diff>=15bpm,ECG_beats_with_pulse>=0.5,ppg_acf<0.3,PPG,ABP_available,HR100-140,PPG artefact / non-periodic pulse; beat detectors disagree (ECG 122 vs PPG 102 bpm)  [heuristic],unstable_true_alarm,stable_correct,unstable_true_alarm,unstable_true_alarm,unstable_true_alarm
t565l,1,Tachycardia,0.0,0.9632485803891229,0.0,0.8261130392551422,0.1,0.6123970717191696,0.2,0.532360377907753,0.0,0.5826392352581025,high,high,high,clean(>=0.9),HR_diff<15bpm,ECG_beats_with_pulse>=0.5,ppg_acf>=0.3,PPG,no_ABP,HR>=140,PPG artefact / non-periodic pulse  [heuristic],stable_correct,stable_correct,stable_correct,stable_correct,stable_correct
v566s,0,Ventricular_Tachycardia,0.0,0.022599820863732696,0.0,0.28157068490982057,0.0,0.2987709566950798,0.0,0.36169017255306246,0.1,0.47147977650165557,low,low,low,degraded(<0.9),HR_diff<15bpm,ECG_beats_with_pulse>=0.5,ppg_acf>=0.3,PPG,no_ABP,HR50-100,ECG artefact: high HF power / poor beat-template match; low ECG quality index  [heuristic],stable_correct,stable_correct,stable_correct,stable_correct,stable_correct
t567l,1,Tachycardia,0.0,0.9890846333977518,0.0,0.7642797231674194,0.0,0.7244444072246552,0.0,0.6534233450889587,0.2,0.5282298147678375,mid,high,low,clean(>=0.9),HR_diff<15bpm,ECG_beats_with_pulse>=0.5,ppg_acf<0.3,PPG,no_ABP,HR>=140,PPG artefact / non-periodic pulse  [heuristic],stable_correct,stable_correct,stable_correct,stable_correct,stable_correct
v568s,0,Ventricular_Tachycardia,0.0,0.013439003716223386,0.0,0.18085395731031895,0.0,0.2847306653857231,0.0,0.3685725063085556,0.7,0.5096206843852997,mid,high,mid,clean(>=0.9),HR_diff>=15bpm,ECG_beats_with_pulse>=0.5,ppg_acf>=0.3,PPG,ABP_available,HR100-140,ECG artefact: high HF power / poor beat-template match; beat detectors disagree (ECG 127 vs PPG 82 bpm)  [heuristic],stable_correct,stable_correct,stable_correct,stable_correct,unstable_false_alarm
v569l,0,Ventricular_Tachycardia,0.0,0.027362560159748084,0.0,0.27693142741918564,0.0,0.2994799330830574,0.0,0.37879427075386046,0.2,0.4615487813949585,high,mid,high,clean(>=0.9),HR_diff>=15bpm,ECG_beats_with_pulse>=0.5,ppg_acf>=0.3,PPG,ABP_available,ECG<3_beats,beat detectors disagree (ECG 0 vs PPG 79 bpm)  [heuristic],stable_correct,stable_correct,stable_correct,stable_correct,stable_correct
v570s,0,Ventricular_Tachycardia,0.5,0.5577479212923788,0.0,0.35627856850624084,0.0,0.3710552603006363,0.0,0.3505011945962906,1.0,0.5420794069766999,low,low,low,clean(>=0.9),HR_diff>=15bpm,ECG_beats_with_pulse>=0.5,ppg_acf<0.3,PPG,ABP_available,HR100-140,PPG artefact / non-periodic pulse; beat detectors disagree (ECG 107 vs PPG 88 bpm)  [heuristic],unstable_false_alarm,stable_correct,stable_correct,stable_correct,persistent_FP
v571l,1,Ventricular_Tachycardia,0.6,0.4221877871661562,0.7,0.4924207180738449,0.0,0.6998937904834748,0.0,0.5763788044452667,1.0,0.4417025774717331,low,high,low,clean(>=0.9),HR_diff>=15bpm,ECG_beats_with_pulse>=0.5,ppg_acf>=0.3,PPG,ABP_available,HR100-140,beat detectors disagree (ECG 116 vs PPG 92 bpm)  [heuristic],unstable_true_alarm,unstable_true_alarm,stable_correct,stable_correct,persistent_FN
v573l,1,Ventricular_Tachycardia,0.8,0.3810562054928959,0.8,0.4523622840642929,0.6,0.47763641476631163,0.0,0.5916806161403656,0.9,0.44684998691082,high,high,high,clean(>=0.9),HR_diff>=15bpm,ECG_beats_with_pulse>=0.5,ppg_acf<0.3,PPG,ABP_available,HR<50,PPG artefact / non-periodic pulse; beat detectors disagree (ECG 29 vs PPG 95 bpm)  [heuristic],persistent_FN,persistent_FN,unstable_true_alarm,stable_correct,persistent_FN
v574s,1,Ventricular_Tachycardia,0.3,0.5903988111460284,0.2,0.5916947245597839,0.6,0.5082542657852173,0.6,0.49689474403858186,0.0,0.5773989260196686,high,high,high,clean(>=0.9),HR_diff<15bpm,ECG_beats_with_pulse>=0.5,ppg_acf>=0.3,PPG,no_ABP,HR100-140,signals look clean and concordant (no heuristic flag)  [heuristic],unstable_true_alarm,stable_correct,unstable_true_alarm,unstable_true_alarm,stable_correct
v575l,0,Ventricular_Tachycardia,0.0,0.08187868316511421,0.1,0.31890129297971725,0.4,0.5056483060121536,0.2,0.45337809026241305,0.9,0.5406279355287552,mid,high,mid,clean(>=0.9),HR_diff<15bpm,ECG_beats_with_pulse>=0.5,ppg_acf>=0.3,PPG,no_ABP,HR50-100,PPG artefact / non-periodic pulse  [heuristic],stable_correct,stable_correct,unstable_false_alarm,stable_correct,persistent_FP
t577l,1,Tachycardia,0.0,0.9535980633726664,0.0,0.7789277613162995,0.0,0.5952325999736786,0.0,0.6046410977840424,0.0,0.5625102698802948,mid,high,mid,clean(>=0.9),HR_diff<15bpm,ECG_beats_with_pulse>=0.5,ppg_acf<0.3,PPG,no_ABP,HR>=140,PPG artefact / non-periodic pulse  [heuristic],stable_correct,stable_correct,stable_correct,stable_correct,stable_correct
t580s,1,Tachycardia,0.3,0.5756794231798157,0.0,0.7995306074619293,0.0,0.6897977590560913,0.1,0.5345312088727951,0.0,0.5840881705284119,low,high,low,degraded(<0.9),HR_diff>=15bpm,ECG_beats_with_pulse<0.5,ppg_acf<0.3,PPG,no_ABP,HR50-100,low pulse quality index; PPG artefact / non-periodic pulse; beat detectors disagree (ECG 85 vs PPG 29 bpm)  [heuristic],unstable_true_alarm,stable_correct,stable_correct,stable_correct,stable_correct
v581l,0,Ventricular_Tachycardia,0.1,0.3030385343010157,0.2,0.3018934652209282,0.0,0.3918224275112152,0.8,0.5418461918830871,0.3,0.48357000648975373,high,high,high,clean(>=0.9),HR_diff<15bpm,ECG_beats_with_pulse>=0.5,ppg_acf>=0.3,PPG,no_ABP,HR100-140,"clean concordant rhythm, but model fires (no heuristic flag)  [heuristic]",stable_correct,stable_correct,stable_correct,persistent_FP,unstable_false_alarm
a582s,0,Asystole,0.0,0.13738325984147018,0.1,0.3712594971060753,0.0,0.34893938302993777,0.0,0.4088215708732605,1.0,0.5634171068668365,low,high,low,degraded(<0.9),HR_diff>=15bpm,ECG_beats_with_pulse>=0.5,ppg_acf<0.3,PPG,no_ABP,HR>=140,ECG artefact: high HF power / poor beat-template match; low pulse quality index; PPG artefact / non-periodic pulse  [heuristic],stable_correct,stable_correct,stable_correct,stable_correct,persistent_FP
v583l,0,Ventricular_Tachycardia,0.0,0.19467064081815794,0.1,0.4016778558492661,0.8,0.5273597717285157,0.2,0.46205090284347533,1.0,0.5724182784557342,low,high,low,degraded(<0.9),HR_diff<15bpm,ECG_beats_with_pulse>=0.5,ppg_acf>=0.3,PPG,no_ABP,HR50-100,low pulse quality index  [heuristic],stable_correct,stable_correct,persistent_FP,stable_correct,persistent_FP
f586s,0,Ventricular_Flutter_Fib,0.0,0.027404994384176297,0.4,0.4943868651986122,0.0,0.3239397808909416,0.2,0.4615572690963745,0.2,0.42159357070922854,mid,low,mid,clean(>=0.9),HR_diff<15bpm,ECG_beats_with_pulse>=0.5,ppg_acf>=0.3,PPG,no_ABP,HR50-100,ECG artefact: high HF power / poor beat-template match  [heuristic],stable_correct,unstable_false_alarm,stable_correct,stable_correct,stable_correct
b587l,0,Bradycardia,0.0,0.14416470988256216,0.5,0.47808744609355924,0.9,0.5805642187595368,0.1,0.4472518444061279,1.0,0.5509194970130921,mid,high,low,clean(>=0.9),HR_diff>=15bpm,ECG_beats_with_pulse>=0.5,ppg_acf<0.3,PPG,no_ABP,HR<50,ECG artefact: high HF power / poor beat-template match; PPG artefact / non-periodic pulse; beat detectors disagree (ECG 21 vs PPG 85 bpm)  [heuristic],stable_correct,unstable_false_alarm,persistent_FP,stable_correct,persistent_FP
b588s,1,Bradycardia,0.0,0.7511287566679135,0.4,0.5187188357114791,0.4,0.5286336779594422,0.3,0.5417479902505875,0.2,0.5136156737804413,low,high,low,degraded(<0.9),HR_diff>=15bpm,ECG_beats_with_pulse>=0.5,ppg_acf<0.3,PPG,no_ABP,HR<50,low pulse quality index; PPG artefact / non-periodic pulse; beat detectors disagree (ECG 40 vs PPG 65 bpm)  [heuristic],stable_correct,unstable_true_alarm,unstable_true_alarm,unstable_true_alarm,stable_correct
t589l,1,Tachycardia,0.5,0.6054579988955712,0.2,0.6603484511375427,0.4,0.5153175681829453,0.8,0.4502998173236847,0.1,0.5611162155866622,high,high,high,clean(>=0.9),HR_diff<15bpm,ECG_beats_with_pulse>=0.5,ppg_acf>=0.3,PPG,no_ABP,HR>=140,signals look clean and concordant (no heuristic flag)  [heuristic],unstable_true_alarm,stable_correct,unstable_true_alarm,persistent_FN,stable_correct
v590s,0,Ventricular_Tachycardia,0.0,0.1534886648725532,0.0,0.32348629683256147,0.0,0.40079412162303923,0.0,0.3711890995502472,1.0,0.5305709958076477,low,mid,low,clean(>=0.9),HR_diff>=15bpm,ECG_beats_with_pulse>=0.5,ppg_acf<0.3,PPG,no_ABP,HR100-140,ECG artefact: high HF power / poor beat-template match; PPG artefact / non-periodic pulse; beat detectors disagree (ECG 113 vs PPG 73 bpm)  [heuristic],stable_correct,stable_correct,stable_correct,stable_correct,persistent_FP
a591l,0,Asystole,0.5,0.5151421206050214,0.0,0.2989534571766853,0.0,0.2942010283470154,0.0,0.3965395361185074,1.0,0.5284946441650391,high,high,high,clean(>=0.9),HR_diff>=15bpm,ECG_beats_with_pulse>=0.5,ppg_acf>=0.3,PPG,no_ABP,HR50-100,ECG artefact: high HF power / poor beat-template match; beat detectors disagree (ECG 56 vs PPG 92 bpm)  [heuristic],unstable_false_alarm,stable_correct,stable_correct,stable_correct,persistent_FP
f593l,0,Ventricular_Flutter_Fib,0.0,0.010871023169631809,0.0,0.2743403881788254,0.0,0.17562825828790665,0.0,0.3462975978851318,0.0,0.34289089739322665,mid,high,mid,clean(>=0.9),HR_diff>=15bpm,ECG_beats_with_pulse>=0.5,ppg_acf>=0.3,PPG,no_ABP,ECG<3_beats,beat detectors disagree (ECG 16 vs PPG 96 bpm)  [heuristic],stable_correct,stable_correct,stable_correct,stable_correct,stable_correct
t595l,1,Tachycardia,0.1,0.759345050590843,0.2,0.5876680493354798,0.5,0.5098437786102294,0.9,0.44763174653053284,0.1,0.5220077902078628,low,low,mid,degraded(<0.9),HR_diff>=15bpm,ECG_beats_with_pulse>=0.5,ppg_acf>=0.3,PPG,no_ABP,HR>=140,low ECG quality index; beat detectors disagree (ECG 170 vs PPG 101 bpm)  [heuristic],stable_correct,stable_correct,unstable_true_alarm,persistent_FN,stable_correct
v597l,1,Ventricular_Tachycardia,1.0,0.21067109428661066,0.9,0.3662809059023857,1.0,0.23762879371643067,0.8,0.4509738326072693,1.0,0.39798361361026763,mid,high,mid,clean(>=0.9),HR_diff>=15bpm,ECG_beats_with_pulse>=0.5,ppg_acf<0.3,PPG,no_ABP,HR50-100,PPG artefact / non-periodic pulse; beat detectors disagree (ECG 78 vs PPG 119 bpm)  [heuristic],persistent_FN,persistent_FN,persistent_FN,persistent_FN,persistent_FN
v598s,0,Ventricular_Tachycardia,0.0,0.14316686629476563,0.0,0.28265717104077337,0.1,0.4188126713037491,0.7,0.5121452808380127,0.6,0.511981338262558,low,high,low,clean(>=0.9),HR_diff<15bpm,ECG_beats_with_pulse>=0.5,ppg_acf>=0.3,PPG,no_ABP,HR100-140,ECG artefact: high HF power / poor beat-template match  [heuristic],stable_correct,stable_correct,stable_correct,unstable_false_alarm,unstable_false_alarm
a599l,0,Asystole,0.0,0.006648583299445195,0.0,0.21122604832053185,0.0,0.2217521347105503,0.0,0.32819042801856996,0.3,0.42871737778186797,low,low,mid,degraded(<0.9),HR_diff>=15bpm,ECG_beats_with_pulse>=0.5,ppg_acf>=0.3,PPG,no_ABP,HR50-100,ECG artefact: high HF power / poor beat-template match; low ECG quality index; beat detectors disagree (ECG 53 vs PPG 96 bpm)  [heuristic],stable_correct,stable_correct,stable_correct,stable_correct,unstable_false_alarm
b600s,0,Bradycardia,0.0,0.022817358585903027,0.0,0.2802888616919518,0.0,0.27046922594308853,0.0,0.4049143254756927,0.0,0.41620236337184907,low,low,mid,degraded(<0.9),HR_diff>=15bpm,ECG_beats_with_pulse>=0.5,ppg_acf>=0.3,PPG,ABP_available,ECG<3_beats,low ECG quality index; beat detectors disagree (ECG 59 vs PPG 97 bpm)  [heuristic],stable_correct,stable_correct,stable_correct,stable_correct,stable_correct
v601l,0,Ventricular_Tachycardia,0.0,0.029977555165920666,0.1,0.3627238690853119,0.2,0.3748210996389389,1.0,0.5626830935478211,0.3,0.46774147152900697,high,mid,high,clean(>=0.9),HR_diff<15bpm,ECG_beats_with_pulse>=0.5,ppg_acf>=0.3,PPG,no_ABP,HR100-140,"clean concordant rhythm, but model fires (no heuristic flag)  [heuristic]",stable_correct,stable_correct,stable_correct,persistent_FP,unstable_false_alarm
f602s,0,Ventricular_Flutter_Fib,0.1,0.36995539724551735,0.0,0.34659336507320404,0.0,0.33479484021663664,0.0,0.36944337487220763,0.9,0.5158534586429596,low,low,mid,degraded(<0.9),HR_diff>=15bpm,ECG_beats_with_pulse>=0.5,ppg_acf<0.3,PPG,no_ABP,HR50-100,ECG artefact: high HF power / poor beat-template match; low ECG quality index; PPG artefact / non-periodic pulse  [heuristic],stable_correct,stable_correct,stable_correct,stable_correct,persistent_FP
a603l,0,Asystole,0.0,0.2543738512450129,0.1,0.3865285784006119,0.0,0.43389551937580106,0.0,0.39660410284996034,1.0,0.5673597633838654,low,mid,low,clean(>=0.9),HR_diff>=15bpm,ECG_beats_with_pulse>=0.5,ppg_acf<0.3,PPG,no_ABP,HR<50,ECG artefact: high HF power / poor beat-template match; PPG artefact / non-periodic pulse; beat detectors disagree (ECG 41 vs PPG 88 bpm)  [heuristic],stable_correct,stable_correct,stable_correct,stable_correct,persistent_FP
a604s,1,Asystole,0.8,0.3223068491522503,0.5,0.47226532399654386,0.6,0.461252561211586,0.8,0.4649606794118881,0.6,0.4970868557691574,low,low,low,degraded(<0.9),HR_diff>=15bpm,ECG_beats_with_pulse>=0.5,ppg_acf>=0.3,PPG,no_ABP,HR>=140,low ECG quality index; low pulse quality index; beat detectors disagree (ECG 178 vs PPG 65 bpm)  [heuristic],persistent_FN,unstable_true_alarm,unstable_true_alarm,persistent_FN,unstable_true_alarm
f605l,0,Ventricular_Flutter_Fib,0.0,0.026477287610963397,0.0,0.3507212907075882,0.0,0.2840005859732628,0.2,0.44307608604431153,0.8,0.524193874001503,mid,high,mid,clean(>=0.9),HR_diff>=15bpm,ECG_beats_with_pulse>=0.5,ppg_acf>=0.3,PPG,no_ABP,ECG<3_beats,beat detectors disagree (ECG 38 vs PPG 111 bpm)  [heuristic],stable_correct,stable_correct,stable_correct,stable_correct,persistent_FP
a606s,0,Asystole,0.0,0.24224663718525447,0.2,0.40673971772193906,0.0,0.4539049297571182,0.0,0.41507612764835355,1.0,0.5559734284877778,low,low,low,degraded(<0.9),HR_diff>=15bpm,ECG_beats_with_pulse<0.5,ppg_acf<0.3,PPG,no_ABP,HR50-100,low ECG quality index; low pulse quality index; PPG artefact / non-periodic pulse  [heuristic],stable_correct,stable_correct,stable_correct,stable_correct,persistent_FP
v609l,0,Ventricular_Tachycardia,0.0,0.32457396519256493,0.1,0.3570821940898895,0.0,0.3382772967219353,0.0,0.35319274961948394,1.0,0.5356003165245056,low,low,low,degraded(<0.9),HR_diff>=15bpm,ECG_beats_with_pulse>=0.5,ppg_acf<0.3,PPG,no_ABP,HR100-140,ECG artefact: high HF power / poor beat-template match; low ECG quality index; low pulse quality index  [heuristic],stable_correct,stable_correct,stable_correct,stable_correct,persistent_FP
f610s,0,Ventricular_Flutter_Fib,0.0,0.017668045207120682,0.0,0.3440595418214798,0.0,0.3695927456021309,0.0,0.3653318166732788,0.6,0.5008449107408524,low,low,low,degraded(<0.9),HR_diff>=15bpm,ECG_beats_with_pulse>=0.5,ppg_acf>=0.3,PPG,no_ABP,HR>=140,ECG artefact: high HF power / poor beat-template match; low ECG quality index; low pulse quality index  [heuristic],stable_correct,stable_correct,stable_correct,stable_correct,unstable_false_alarm
v612s,0,Ventricular_Tachycardia,0.0,0.03566122788040855,0.0,0.22755855619907378,0.0,0.26392051950097084,0.1,0.42266563773155214,0.0,0.37774036824703217,high,low,high,clean(>=0.9),HR_diff>=15bpm,ECG_beats_with_pulse>=0.5,ppg_acf>=0.3,PPG,ABP_available,HR>=140,beat detectors disagree (ECG 155 vs PPG 107 bpm)  [heuristic],stable_correct,stable_correct,stable_correct,stable_correct,stable_correct
f613l,0,Ventricular_Flutter_Fib,0.1,0.4025230760880986,0.9,0.6594982296228409,0.9,0.6657464027404785,1.0,0.5699669241905212,1.0,0.5558930099010467,low,high,low,degraded(<0.9),HR_diff<15bpm,ECG_beats_with_pulse>=0.5,ppg_acf<0.3,PPG,no_ABP,HR100-140,low pulse quality index; PPG artefact / non-periodic pulse  [heuristic],stable_correct,persistent_FP,persistent_FP,persistent_FP,persistent_FP
t614s,1,Tachycardia,0.0,0.9208569319564572,0.0,0.6500545918941498,0.0,0.7129345536231995,0.1,0.571604722738266,0.0,0.5925613164901733,high,high,high,clean(>=0.9),HR_diff<15bpm,ECG_beats_with_pulse>=0.5,ppg_acf>=0.3,PPG,no_ABP,HR100-140,PPG artefact / non-periodic pulse  [heuristic],stable_correct,stable_correct,stable_correct,stable_correct,stable_correct
v616s,1,Ventricular_Tachycardia,0.7,0.41522423544327436,0.7,0.46045548021793364,0.2,0.5527741074562073,0.3,0.5179877519607544,0.1,0.5219948381185532,low,high,low,clean(>=0.9),HR_diff>=15bpm,ECG_beats_with_pulse>=0.5,ppg_acf>=0.3,PPG,no_ABP,HR50-100,PPG artefact / non-periodic pulse; beat detectors disagree (ECG 96 vs PPG 71 bpm)  [heuristic],unstable_true_alarm,unstable_true_alarm,stable_correct,unstable_true_alarm,stable_correct
b617l,0,Bradycardia,0.0,0.049006399695137294,0.4,0.49007036685943606,0.8,0.5372138500213623,0.8,0.5367683500051499,1.0,0.5370228052139282,mid,high,mid,clean(>=0.9),HR_diff<15bpm,ECG_beats_with_pulse>=0.5,ppg_acf<0.3,PPG,no_ABP,HR50-100,PPG artefact / non-periodic pulse  [heuristic],stable_correct,unstable_false_alarm,persistent_FP,persistent_FP,persistent_FP
f618s,0,Ventricular_Flutter_Fib,0.0,0.10395436156914255,0.1,0.33617441952228544,0.5,0.49365355372428893,0.2,0.4445152461528778,1.0,0.5957101464271546,high,high,high,clean(>=0.9),HR_diff<15bpm,ECG_beats_with_pulse>=0.5,ppg_acf>=0.3,PPG,no_ABP,HR50-100,"clean concordant rhythm, but model fires (no heuristic flag)  [heuristic]",stable_correct,stable_correct,unstable_false_alarm,stable_correct,persistent_FP
v620s,0,Ventricular_Tachycardia,0.0,0.012728175971063144,0.3,0.38157916218042376,0.0,0.37361207902431487,0.2,0.4126433938741684,0.0,0.4527827948331833,high,high,high,clean(>=0.9),HR_diff<15bpm,ECG_beats_with_pulse>=0.5,ppg_acf>=0.3,PPG,ABP_available,HR50-100,PPG artefact / non-periodic pulse  [heuristic],stable_correct,unstable_false_alarm,stable_correct,stable_correct,stable_correct
v621l,0,Ventricular_Tachycardia,0.0,0.05225004991041519,0.0,0.3332977697253227,0.0,0.3688290655612946,0.0,0.3867378205060959,1.0,0.526330417394638,high,high,high,clean(>=0.9),HR_diff>=15bpm,ECG_beats_with_pulse>=0.5,ppg_acf<0.3,PPG,no_ABP,HR50-100,ECG artefact: high HF power / poor beat-template match; PPG artefact / non-periodic pulse; beat detectors disagree (ECG 85 vs PPG 63 bpm)  [heuristic],stable_correct,stable_correct,stable_correct,stable_correct,persistent_FP
t622s,1,Tachycardia,0.0,0.9879649978269711,0.1,0.6957762956619262,0.0,0.6236437022686004,0.0,0.5797634840011596,0.6,0.49610498249530793,mid,mid,mid,clean(>=0.9),HR_diff>=15bpm,ECG_beats_with_pulse>=0.5,ppg_acf>=0.3,PPG,no_ABP,HR>=140,beat detectors disagree (ECG 148 vs PPG 115 bpm)  [heuristic],stable_correct,stable_correct,stable_correct,stable_correct,unstable_true_alarm
a624s,0,Asystole,0.0,0.07965622404016025,0.2,0.2968476764857769,0.6,0.5012094587087631,0.0,0.389446547627449,0.7,0.5235581368207931,low,low,mid,degraded(<0.9),HR_diff<15bpm,ECG_beats_with_pulse>=0.5,ppg_acf>=0.3,PPG,no_ABP,HR50-100,low ECG quality index  [heuristic],stable_correct,stable_correct,unstable_false_alarm,stable_correct,unstable_false_alarm
v627l,0,Ventricular_Tachycardia,0.1,0.20014985179592987,0.0,0.2695395328104496,0.0,0.3185238167643547,0.1,0.42383895218372347,0.8,0.5132576286792755,high,high,high,clean(>=0.9),HR_diff>=15bpm,ECG_beats_with_pulse>=0.5,ppg_acf>=0.3,PPG,no_ABP,HR50-100,beat detectors disagree (ECG 62 vs PPG 160 bpm)  [heuristic],stable_correct,stable_correct,stable_correct,stable_correct,persistent_FP
v628s,1,Ventricular_Tachycardia,0.1,0.8038509139922244,0.0,0.604126387834549,0.0,0.6201368749141694,0.2,0.5332999289035797,0.0,0.5521661520004273,mid,high,mid,clean(>=0.9),HR_diff<15bpm,ECG_beats_with_pulse>=0.5,ppg_acf>=0.3,PPG,no_ABP,HR50-100,signals look clean and concordant (no heuristic flag)  [heuristic],stable_correct,stable_correct,stable_correct,stable_correct,stable_correct
v630s,1,Ventricular_Tachycardia,0.0,0.9166837699314538,0.0,0.7537385582923889,0.0,0.6121914327144623,0.0,0.5657746374607087,0.0,0.5510474979877472,high,high,high,clean(>=0.9),HR_diff<15bpm,ECG_beats_with_pulse>=0.5,ppg_acf>=0.3,PPG,no_ABP,HR50-100,signals look clean and concordant (no heuristic flag)  [heuristic],stable_correct,stable_correct,stable_correct,stable_correct,stable_correct
a631l,0,Asystole,0.0,0.033503170792807256,0.1,0.3255436345934868,0.0,0.2464145228266716,0.0,0.37126929461956026,0.0,0.4151456534862518,low,low,low,degraded(<0.9),HR_diff<15bpm,ECG_beats_with_pulse>=0.5,ppg_acf>=0.3,PPG,no_ABP,HR50-100,low ECG quality index  [heuristic],stable_correct,stable_correct,stable_correct,stable_correct,stable_correct
v632s,1,Ventricular_Tachycardia,0.1,0.7881048268114708,0.2,0.5349464356899262,0.3,0.5445976883172989,0.6,0.5031819194555283,0.0,0.5506511330604553,low,high,low,clean(>=0.9),HR_diff<15bpm,ECG_beats_with_pulse>=0.5,ppg_acf>=0.3,PPG,no_ABP,HR50-100,signals look clean and concordant (no heuristic flag)  [heuristic],stable_correct,stable_correct,unstable_true_alarm,unstable_true_alarm,stable_correct
v633l,0,Ventricular_Tachycardia,0.2,0.38442220865058224,0.0,0.21342321746051313,0.0,0.335697303712368,0.0,0.32874173671007156,1.0,0.5497473776340485,high,mid,high,clean(>=0.9),HR_diff<15bpm,ECG_beats_with_pulse>=0.5,ppg_acf>=0.3,PPG,no_ABP,HR100-140,ECG artefact: high HF power / poor beat-template match  [heuristic],stable_correct,stable_correct,stable_correct,stable_correct,persistent_FP
v634s,0,Ventricular_Tachycardia,0.0,0.1497814390023522,0.5,0.471145036816597,0.3,0.4604085713624954,0.4,0.48483173847198485,1.0,0.5350178241729736,low,low,mid,clean(>=0.9),HR_diff>=15bpm,ECG_beats_with_pulse>=0.5,ppg_acf<0.3,PPG,no_ABP,HR100-140,PPG artefact / non-periodic pulse; beat detectors disagree (ECG 130 vs PPG 103 bpm)  [heuristic],stable_correct,unstable_false_alarm,unstable_false_alarm,unstable_false_alarm,persistent_FP
v635l,1,Ventricular_Tachycardia,0.4,0.5870999676274783,0.4,0.5776592135429383,0.0,0.6469444036483765,0.1,0.5412315726280212,0.0,0.5690150618553161,high,mid,high,clean(>=0.9),HR_diff<15bpm,ECG_beats_with_pulse>=0.5,ppg_acf>=0.3,PPG,no_ABP,HR50-100,ECG artefact: high HF power / poor beat-template match  [heuristic],unstable_true_alarm,unstable_true_alarm,stable_correct,stable_correct,stable_correct
v636s,1,Ventricular_Tachycardia,1.0,0.10940752119365837,0.6,0.500232943892479,0.9,0.3483684524893761,1.0,0.44500665962696073,1.0,0.3834417164325714,high,high,high,clean(>=0.9),HR_diff<15bpm,ECG_beats_with_pulse<0.5,ppg_acf>=0.3,PPG,no_ABP,HR50-100,signals look clean and concordant (no heuristic flag)  [heuristic],persistent_FN,unstable_true_alarm,persistent_FN,persistent_FN,persistent_FN
f637l,0,Ventricular_Flutter_Fib,0.0,0.04301130458686499,0.0,0.3493030145764351,0.0,0.37414169013500215,0.1,0.4436702489852905,0.8,0.5113738447427749,mid,high,mid,clean(>=0.9),HR_diff<15bpm,ECG_beats_with_pulse>=0.5,ppg_acf<0.3,PPG,no_ABP,HR50-100,PPG artefact / non-periodic pulse  [heuristic],stable_correct,stable_correct,stable_correct,stable_correct,persistent_FP
v638s,1,Ventricular_Tachycardia,0.2,0.6959190867574693,0.0,0.706485104560852,0.0,0.6532780051231384,0.0,0.5539833128452301,0.0,0.5744744718074799,mid,high,mid,clean(>=0.9),HR_diff<15bpm,ECG_beats_with_pulse>=0.5,ppg_acf<0.3,PPG,no_ABP,HR100-140,ECG artefact: high HF power / poor beat-template match; PPG artefact / non-periodic pulse  [heuristic],stable_correct,stable_correct,stable_correct,stable_correct,stable_correct
v640s,0,Ventricular_Tachycardia,0.2,0.3693546749378358,0.4,0.4572679281234741,0.9,0.5807776808738708,0.8,0.5321303457021713,1.0,0.5866966187953949,high,high,high,clean(>=0.9),HR_diff<15bpm,ECG_beats_with_pulse>=0.5,ppg_acf>=0.3,PPG,no_ABP,HR100-140,"clean concordant rhythm, but model fires (no heuristic flag)  [heuristic]",stable_correct,unstable_false_alarm,persistent_FP,persistent_FP,persistent_FP
v641l,0,Ventricular_Tachycardia,0.0,0.07050756695309403,0.0,0.2935721203684807,0.0,0.44912714064121245,0.6,0.5062365412712098,0.1,0.3581796631217003,high,mid,high,clean(>=0.9),HR_diff<15bpm,ECG_beats_with_pulse>=0.5,ppg_acf>=0.3,PPG,no_ABP,HR100-140,ECG artefact: high HF power / poor beat-template match  [heuristic],stable_correct,stable_correct,stable_correct,unstable_false_alarm,stable_correct
f642s,0,Ventricular_Flutter_Fib,0.0,0.03582676959449973,0.1,0.25109412521123886,0.1,0.39521929025650027,0.5,0.47741587460041046,0.3,0.43253123462200166,high,high,high,clean(>=0.9),HR_diff<15bpm,ECG_beats_with_pulse>=0.5,ppg_acf>=0.3,PPG,no_ABP,HR50-100,"clean concordant rhythm, but model fires (no heuristic flag)  [heuristic]",stable_correct,stable_correct,stable_correct,unstable_false_alarm,unstable_false_alarm
v643l,0,Ventricular_Tachycardia,0.0,0.11169089084094588,0.1,0.3759894520044327,0.1,0.43067110776901246,0.0,0.37706419825553894,1.0,0.5545127332210541,mid,low,low,clean(>=0.9),HR_diff>=15bpm,ECG_beats_with_pulse>=0.5,ppg_acf>=0.3,PPG,no_ABP,ECG<3_beats,beat detectors disagree (ECG 0 vs PPG 75 bpm)  [heuristic],stable_correct,stable_correct,stable_correct,stable_correct,persistent_FP
v644s,0,Ventricular_Tachycardia,0.0,0.09804391399312073,0.5,0.49624099880456923,0.9,0.5724043369293212,0.6,0.5161584198474884,0.7,0.5214348018169404,high,high,high,clean(>=0.9),HR_diff<15bpm,ECG_beats_with_pulse>=0.5,ppg_acf>=0.3,PPG,no_ABP,HR50-100,"clean concordant rhythm, but model fires (no heuristic flag)  [heuristic]",stable_correct,unstable_false_alarm,persistent_FP,unstable_false_alarm,unstable_false_alarm
v647l,0,Ventricular_Tachycardia,1.0,0.8190122387320156,0.8,0.5733443558216095,0.6,0.5025170713663101,0.4,0.4834545761346817,1.0,0.5437219023704529,low,high,low,clean(>=0.9),HR_diff>=15bpm,ECG_beats_with_pulse>=0.5,ppg_acf<0.3,PPG,no_ABP,HR100-140,PPG artefact / non-periodic pulse; beat detectors disagree (ECG 123 vs PPG 96 bpm)  [heuristic],persistent_FP,persistent_FP,unstable_false_alarm,unstable_false_alarm,persistent_FP
v648s,1,Ventricular_Tachycardia,0.2,0.6059179401087995,0.0,0.7585282862186432,0.0,0.7707160651683808,0.0,0.6258756458759308,0.1,0.5347357451915741,mid,high,mid,clean(>=0.9),HR_diff>=15bpm,ECG_beats_with_pulse>=0.5,ppg_acf>=0.3,PPG,ABP_available,HR50-100,ECG artefact: high HF power / poor beat-template match; beat detectors disagree (ECG 92 vs PPG 71 bpm)  [heuristic],stable_correct,stable_correct,stable_correct,stable_correct,stable_correct
v649l,0,Ventricular_Tachycardia,0.6,0.5713533634262891,0.0,0.17425241842865943,0.0,0.33432503044605255,0.0,0.29840577840805055,0.0,0.4041030049324036,mid,high,mid,clean(>=0.9),HR_diff>=15bpm,ECG_beats_with_pulse>=0.5,ppg_acf>=0.3,PPG,ABP_available,HR>=140,ECG artefact: high HF power / poor beat-template match; beat detectors disagree (ECG 170 vs PPG 98 bpm)  [heuristic],unstable_false_alarm,stable_correct,stable_correct,stable_correct,stable_correct
a650s,0,Asystole,0.0,0.024344490242130798,0.0,0.2896119326353073,0.0,0.27799891531467436,0.0,0.3877538114786148,0.2,0.4421615481376648,mid,high,mid,clean(>=0.9),HR_diff>=15bpm,ECG_beats_with_pulse>=0.5,ppg_acf>=0.3,PPG,no_ABP,HR100-140,ECG artefact: high HF power / poor beat-template match; beat detectors disagree (ECG 127 vs PPG 85 bpm)  [heuristic],stable_correct,stable_correct,stable_correct,stable_correct,stable_correct
a651l,0,Asystole,0.0,0.053360711359088375,0.2,0.3697130814194679,0.0,0.24391997680068017,0.4,0.48706710934638975,0.0,0.37275114208459853,mid,mid,mid,clean(>=0.9),HR_diff>=15bpm,ECG_beats_with_pulse>=0.5,ppg_acf>=0.3,PPG,ABP_available,HR<50,beat detectors disagree (ECG 19 vs PPG 74 bpm)  [heuristic],stable_correct,stable_correct,stable_correct,unstable_false_alarm,stable_correct
v652s,1,Ventricular_Tachycardia,0.8,0.372945300921863,0.5,0.5181649163365364,0.6,0.5111061245203018,0.6,0.4659227579832077,0.0,0.54532470703125,mid,high,low,clean(>=0.9),HR_diff<15bpm,ECG_beats_with_pulse>=0.5,ppg_acf<0.3,PPG,no_ABP,HR50-100,ECG artefact: high HF power / poor beat-template match; PPG artefact / non-periodic pulse  [heuristic],persistent_FN,unstable_true_alarm,unstable_true_alarm,unstable_true_alarm,stable_correct
a654s,1,Asystole,0.4,0.5649673866735412,0.3,0.5150563389062881,0.6,0.4859703123569489,0.4,0.534332686662674,0.0,0.5525284528732299,low,low,low,degraded(<0.9),HR_diff>=15bpm,ECG_beats_with_pulse>=0.5,ppg_acf>=0.3,PPG,no_ABP,HR<50,low ECG quality index; low pulse quality index; beat detectors disagree (ECG 35 vs PPG 130 bpm)  [heuristic],unstable_true_alarm,unstable_true_alarm,unstable_true_alarm,unstable_true_alarm,stable_correct
v655l,0,Ventricular_Tachycardia,0.0,0.13375794843928804,0.0,0.3953270554542542,0.4,0.4758700460195541,0.2,0.48007096350193024,0.8,0.5290218472480774,high,mid,high,clean(>=0.9),HR_diff<15bpm,ECG_beats_with_pulse>=0.5,ppg_acf>=0.3,PPG,no_ABP,HR50-100,"clean concordant rhythm, but model fires (no heuristic flag)  [heuristic]",stable_correct,stable_correct,unstable_false_alarm,stable_correct,persistent_FP
b656s,1,Bradycardia,0.0,0.8640927453977941,0.1,0.5697082430124283,0.0,0.6108493804931641,0.3,0.5216805934906006,0.0,0.5697864711284637,low,high,low,clean(>=0.9),HR_diff>=15bpm,ECG_beats_with_pulse>=0.5,ppg_acf<0.3,PPG,no_ABP,HR<50,PPG artefact / non-periodic pulse; beat detectors disagree (ECG 36 vs PPG 68 bpm)  [heuristic],stable_correct,stable_correct,stable_correct,unstable_true_alarm,stable_correct
f657l,0,Ventricular_Flutter_Fib,0.0,0.05982832779642274,0.7,0.5643980711698532,0.3,0.45528734624385836,0.3,0.4882244884967804,0.6,0.5050178825855255,mid,low,mid,clean(>=0.9),HR_diff>=15bpm,ECG_beats_with_pulse<0.5,ppg_acf>=0.3,PPG,ABP_available,HR>=140,beat detectors disagree (ECG 160 vs PPG 61 bpm)  [heuristic],stable_correct,unstable_false_alarm,unstable_false_alarm,unstable_false_alarm,unstable_false_alarm
b659l,1,Bradycardia,0.3,0.5503163224084496,0.3,0.53638147264719,0.7,0.45176770985126496,0.4,0.49881699979305266,0.2,0.5157757550477982,mid,low,high,clean(>=0.9),HR_diff>=15bpm,ECG_beats_with_pulse>=0.5,ppg_acf>=0.3,PPG,ABP_available,HR<50,beat detectors disagree (ECG 31 vs PPG 120 bpm)  [heuristic],unstable_true_alarm,unstable_true_alarm,unstable_true_alarm,unstable_true_alarm,stable_correct
a661l,0,Asystole,0.1,0.2945287065065568,0.1,0.38783094882965086,0.2,0.44317046999931337,0.0,0.443548646569252,1.0,0.5464514672756196,low,high,low,degraded(<0.9),HR_diff>=15bpm,ECG_beats_with_pulse>=0.5,ppg_acf<0.3,PPG,no_ABP,HR50-100,low pulse quality index; PPG artefact / non-periodic pulse; beat detectors disagree (ECG 84 vs PPG 68 bpm)  [heuristic],stable_correct,stable_correct,stable_correct,stable_correct,persistent_FP
t662s,1,Tachycardia,0.0,0.9497774056682153,0.0,0.8839070677757264,0.0,0.6302501916885376,0.0,0.5939018964767456,0.0,0.5925443887710571,high,low,high,clean(>=0.9),HR_diff<15bpm,ECG_beats_with_pulse>=0.5,ppg_acf>=0.3,PPG,no_ABP,HR>=140,signals look clean and concordant (no heuristic flag)  [heuristic],stable_correct,stable_correct,stable_correct,stable_correct,stable_correct
v663l,0,Ventricular_Tachycardia,0.0,0.021647433498388442,0.0,0.27276628017425536,0.0,0.30027966797351835,0.0,0.34991526007652285,0.5,0.4998029500246048,high,mid,high,clean(>=0.9),HR_diff<15bpm,ECG_beats_with_pulse>=0.5,ppg_acf>=0.3,PPG,ABP_available,HR50-100,ECG artefact: high HF power / poor beat-template match  [heuristic],stable_correct,stable_correct,stable_correct,stable_correct,unstable_false_alarm
b664s,1,Bradycardia,0.0,0.9546779051290833,0.1,0.6531994968652726,0.1,0.6434358805418015,0.0,0.5727988183498383,0.4,0.5081105589866638,mid,low,low,clean(>=0.9),HR_diff<15bpm,ECG_beats_with_pulse>=0.5,ppg_acf>=0.3,PPG,no_ABP,HR<50,signals look clean and concordant (no heuristic flag)  [heuristic],stable_correct,stable_correct,stable_correct,stable_correct,unstable_true_alarm
t665l,1,Tachycardia,0.0,0.9449491400752986,0.0,0.8721327960491181,0.0,0.6295574486255646,0.0,0.6181592226028443,0.0,0.5442151308059693,mid,high,low,clean(>=0.9),HR_diff<15bpm,ECG_beats_with_pulse>=0.5,ppg_acf<0.3,PPG,no_ABP,HR>=140,PPG artefact / non-periodic pulse  [heuristic],stable_correct,stable_correct,stable_correct,stable_correct,stable_correct
v666s,0,Ventricular_Tachycardia,0.0,0.07071138458696122,0.2,0.39211479723453524,0.7,0.5416851133108139,0.5,0.5079453676939011,0.8,0.5155857264995575,mid,high,low,clean(>=0.9),HR_diff<15bpm,ECG_beats_with_pulse>=0.5,ppg_acf>=0.3,PPG,no_ABP,HR50-100,"clean concordant rhythm, but model fires (no heuristic flag)  [heuristic]",stable_correct,stable_correct,unstable_false_alarm,unstable_false_alarm,persistent_FP
a667l,0,Asystole,0.3,0.4386604173648235,0.0,0.2718811646103859,0.0,0.4055886685848236,0.0,0.4090938150882721,1.0,0.5603861093521119,low,high,low,degraded(<0.9),HR_diff>=15bpm,ECG_beats_with_pulse<0.5,ppg_acf<0.3,PPG,no_ABP,HR100-140,ECG artefact: high HF power / poor beat-template match; low pulse quality index; PPG artefact / non-periodic pulse  [heuristic],unstable_false_alarm,stable_correct,stable_correct,stable_correct,persistent_FP
a668s,0,Asystole,0.0,0.033570596143662666,0.0,0.3192751884460449,0.0,0.22408682703971863,0.0,0.25687810480594636,1.0,0.5338112413883209,low,low,low,degraded(<0.9),HR_diff>=15bpm,ECG_beats_with_pulse>=0.5,ppg_acf>=0.3,PPG,no_ABP,ECG<3_beats,low ECG quality index; beat detectors disagree (ECG 6 vs PPG 94 bpm)  [heuristic],stable_correct,stable_correct,stable_correct,stable_correct,persistent_FP
b669l,0,Bradycardia,0.0,0.03650455638766294,0.0,0.1703723445534706,0.0,0.2765916272997856,0.0,0.3470911905169487,0.0,0.4304304927587509,low,high,low,clean(>=0.9),HR_diff>=15bpm,ECG_beats_with_pulse>=0.5,ppg_acf>=0.3,PPG,no_ABP,HR100-140,ECG artefact: high HF power / poor beat-template match; beat detectors disagree (ECG 121 vs PPG 87 bpm)  [heuristic],stable_correct,stable_correct,stable_correct,stable_correct,stable_correct
v671l,0,Ventricular_Tachycardia,0.0,0.007072566758458086,0.0,0.17312424164265394,0.0,0.35705418735742567,0.7,0.529404702782631,0.0,0.4327580749988556,mid,mid,mid,clean(>=0.9),HR_diff<15bpm,ECG_beats_with_pulse>=0.5,ppg_acf>=0.3,PPG,no_ABP,HR50-100,"clean concordant rhythm, but model fires (no heuristic flag)  [heuristic]",stable_correct,stable_correct,stable_correct,unstable_false_alarm,stable_correct
b672s,1,Bradycardia,0.3,0.5861736885997881,0.4,0.5085776537656784,0.0,0.6446638762950897,0.6,0.48099619448184966,0.0,0.5677470743656159,mid,low,high,clean(>=0.9),HR_diff<15bpm,ECG_beats_with_pulse>=0.5,ppg_acf<0.3,PPG,no_ABP,HR50-100,ECG artefact: high HF power / poor beat-template match; PPG artefact / non-periodic pulse  [heuristic],unstable_true_alarm,unstable_true_alarm,stable_correct,unstable_true_alarm,stable_correct
a673l,0,Asystole,0.0,0.19153292018731677,0.1,0.39663172960281373,0.4,0.4855819582939148,0.0,0.4012963980436325,1.0,0.5652019441127777,low,low,low,degraded(<0.9),HR_diff<15bpm,ECG_beats_with_pulse<0.5,ppg_acf<0.3,PPG,no_ABP,HR50-100,ECG artefact: high HF power / poor beat-template match; low ECG quality index; low pulse quality index  [heuristic],stable_correct,stable_correct,unstable_false_alarm,stable_correct,persistent_FP
t678s,1,Tachycardia,0.4,0.6075190169240603,0.1,0.7090691149234771,1.0,0.30352857038378717,1.0,0.38653184175491334,0.0,0.5615636944770813,high,high,high,clean(>=0.9),HR_diff<15bpm,ECG_beats_with_pulse>=0.5,ppg_acf>=0.3,PPG,no_ABP,HR>=140,signals look clean and concordant (no heuristic flag)  [heuristic],unstable_true_alarm,stable_correct,persistent_FN,persistent_FN,stable_correct
t679l,1,Tachycardia,0.0,0.9754579350748379,0.0,0.7546191394329071,0.0,0.6211590349674225,0.0,0.5778688549995422,0.5,0.502307116985321,mid,high,mid,clean(>=0.9),HR_diff<15bpm,ECG_beats_with_pulse>=0.5,ppg_acf>=0.3,PPG,no_ABP,HR>=140,signals look clean and concordant (no heuristic flag)  [heuristic],stable_correct,stable_correct,stable_correct,stable_correct,unstable_true_alarm
t680s,1,Tachycardia,0.0,0.978265481265475,0.0,0.8127065002918243,0.0,0.7063667297363281,0.0,0.6510286867618561,0.0,0.5345529556274414,mid,high,mid,clean(>=0.9),HR_diff>=15bpm,ECG_beats_with_pulse>=0.5,ppg_acf>=0.3,PPG,ABP_available,HR>=140,beat detectors disagree (ECG 167 vs PPG 116 bpm)  [heuristic],stable_correct,stable_correct,stable_correct,stable_correct,stable_correct
b681l,0,Bradycardia,0.0,0.03359589892443711,0.1,0.3550570338964462,0.0,0.2701298490166664,0.3,0.471747487783432,0.0,0.3444834381341934,high,high,high,clean(>=0.9),HR_diff<15bpm,ECG_beats_with_pulse<0.5,ppg_acf>=0.3,PPG,ABP_available,HR50-100,"clean concordant rhythm, but model fires (no heuristic flag)  [heuristic]",stable_correct,stable_correct,stable_correct,unstable_false_alarm,stable_correct
v682s,0,Ventricular_Tachycardia,0.0,0.3650688861504422,0.1,0.3873662739992142,0.1,0.40218779146671296,0.9,0.5538478255271911,0.2,0.4651665508747101,high,mid,high,clean(>=0.9),HR_diff<15bpm,ECG_beats_with_pulse>=0.5,ppg_acf<0.3,PPG,ABP_available,HR100-140,PPG artefact / non-periodic pulse  [heuristic],stable_correct,stable_correct,stable_correct,persistent_FP,stable_correct
t683l,1,Tachycardia,0.0,0.9227266748772269,0.0,0.8022206544876098,0.0,0.6499417364597321,0.0,0.6064724028110504,0.0,0.548337996006012,high,high,high,clean(>=0.9),HR_diff>=15bpm,ECG_beats_with_pulse<0.5,ppg_acf<0.3,PPG,no_ABP,HR>=140,PPG artefact / non-periodic pulse; beat detectors disagree (ECG 169 vs PPG 109 bpm)  [heuristic],stable_correct,stable_correct,stable_correct,stable_correct,stable_correct
b684s,0,Bradycardia,0.0,0.018709615737898266,0.0,0.21103745624423026,0.0,0.29245929792523384,0.7,0.5013825118541717,0.0,0.3804134547710419,mid,high,mid,clean(>=0.9),HR_diff<15bpm,ECG_beats_with_pulse>=0.5,ppg_acf>=0.3,PPG,ABP_available,HR50-100,"clean concordant rhythm, but model fires (no heuristic flag)  [heuristic]",stable_correct,stable_correct,stable_correct,unstable_false_alarm,stable_correct
b685l,0,Bradycardia,0.0,0.018834124736745873,0.3,0.40912616699934007,0.0,0.3573772579431534,0.0,0.3683747470378876,0.1,0.44429856836795806,mid,high,mid,clean(>=0.9),HR_diff<15bpm,ECG_beats_with_pulse<0.5,ppg_acf>=0.3,PPG,no_ABP,HR50-100,pulse absent/uncoupled but ECG regular  [heuristic],stable_correct,unstable_false_alarm,stable_correct,stable_correct,stable_correct
v686s,0,Ventricular_Tachycardia,0.0,0.20286942409200553,0.0,0.39405379593372347,0.0,0.4327983945608139,0.0,0.4071790039539337,1.0,0.5343190848827362,mid,high,low,clean(>=0.9),HR_diff>=15bpm,ECG_beats_with_pulse>=0.5,ppg_acf>=0.3,PPG,no_ABP,HR<50,ECG artefact: high HF power / poor beat-template match; beat detectors disagree (ECG 40 vs PPG 115 bpm)  [heuristic],stable_correct,stable_correct,stable_correct,stable_correct,persistent_FP
v687l,0,Ventricular_Tachycardia,0.0,0.15166469984323766,0.4,0.45333974063396454,0.0,0.37052750289440156,0.0,0.44457508623600006,0.2,0.46273628175258635,low,low,mid,degraded(<0.9),HR_diff>=15bpm,ECG_beats_with_pulse>=0.5,ppg_acf>=0.3,PPG,no_ABP,HR100-140,ECG artefact: high HF power / poor beat-template match; low ECG quality index; beat detectors disagree (ECG 109 vs PPG 82 bpm)  [heuristic],stable_correct,unstable_false_alarm,stable_correct,stable_correct,stable_correct
t688s,1,Tachycardia,0.0,0.8666966950510216,0.0,0.767220652103424,0.0,0.6604750514030456,0.1,0.5726616114377976,0.0,0.5505699455738068,low,mid,low,degraded(<0.9),HR_diff>=15bpm,ECG_beats_with_pulse>=0.5,ppg_acf<0.3,PPG,no_ABP,HR>=140,ECG artefact: high HF power / poor beat-template match; low pulse quality index; PPG artefact / non-periodic pulse  [heuristic],stable_correct,stable_correct,stable_correct,stable_correct,stable_correct
t689l,1,Tachycardia,0.0,0.925649067450756,0.0,0.7501457989215851,0.0,0.736946576833725,0.0,0.6530971825122833,0.0,0.5670472741127014,low,low,low,clean(>=0.9),HR_diff<15bpm,ECG_beats_with_pulse>=0.5,ppg_acf>=0.3,PPG,no_ABP,HR>=140,signals look clean and concordant (no heuristic flag)  [heuristic],stable_correct,stable_correct,stable_correct,stable_correct,stable_correct
f691l,0,Ventricular_Flutter_Fib,0.0,0.17225786654455147,0.0,0.3335792154073715,0.2,0.4684910953044891,0.3,0.4683810442686081,0.7,0.5181939452886581,low,low,mid,degraded(<0.9),HR_diff<15bpm,ECG_beats_with_pulse>=0.5,ppg_acf<0.3,PPG,no_ABP,HR50-100,low ECG quality index; PPG artefact / non-periodic pulse  [heuristic],stable_correct,stable_correct,stable_correct,unstable_false_alarm,unstable_false_alarm
v692s,0,Ventricular_Tachycardia,0.0,0.20949984748468103,0.5,0.4843376487493515,0.5,0.4911200016736984,0.0,0.38648317456245423,1.0,0.564932507276535,low,low,high,clean(>=0.9),HR_diff>=15bpm,ECG_beats_with_pulse>=0.5,ppg_acf<0.3,PPG,no_ABP,HR50-100,ECG artefact: high HF power / poor beat-template match; PPG artefact / non-periodic pulse; beat detectors disagree (ECG 87 vs PPG 64 bpm)  [heuristic],stable_correct,unstable_false_alarm,unstable_false_alarm,stable_correct,persistent_FP
t693l,1,Tachycardia,0.0,0.9805038172319078,0.0,0.8148147940635682,0.1,0.6417259186506271,0.2,0.5392042130231858,0.0,0.5565565049648284,high,mid,high,clean(>=0.9),HR_diff<15bpm,ECG_beats_with_pulse>=0.5,ppg_acf<0.3,PPG,no_ABP,HR>=140,PPG artefact / non-periodic pulse  [heuristic],stable_correct,stable_correct,stable_correct,stable_correct,stable_correct
a694s,0,Asystole,0.4,0.5004489600312906,0.5,0.46446762830018995,0.7,0.5563993513584137,1.0,0.5776763975620269,0.9,0.5273688077926636,high,high,high,clean(>=0.9),HR_diff<15bpm,ECG_beats_with_pulse>=0.5,ppg_acf<0.3,PPG,no_ABP,HR50-100,PPG artefact / non-periodic pulse  [heuristic],unstable_false_alarm,unstable_false_alarm,unstable_false_alarm,persistent_FP,persistent_FP
b695l,0,Bradycardia,0.0,0.01433870725594016,0.0,0.2839055970311165,0.0,0.16626740396022796,0.0,0.40289482176303865,0.0,0.3676008149981499,low,low,high,degraded(<0.9),HR_diff>=15bpm,ECG_beats_with_pulse>=0.5,ppg_acf>=0.3,PPG,ABP_available,HR<50,low ECG quality index; beat detectors disagree (ECG 18 vs PPG 95 bpm)  [heuristic],stable_correct,stable_correct,stable_correct,stable_correct,stable_correct
v696s,1,Ventricular_Tachycardia,0.0,0.9500078273017033,0.2,0.639935839176178,0.0,0.6641796350479126,0.0,0.6205793023109436,0.3,0.5189771711826324,mid,low,mid,clean(>=0.9),HR_diff>=15bpm,ECG_beats_with_pulse>=0.5,ppg_acf>=0.3,PPG,no_ABP,HR100-140,beat detectors disagree (ECG 112 vs PPG 55 bpm)  [heuristic],stable_correct,stable_correct,stable_correct,stable_correct,unstable_true_alarm
f697l,1,Ventricular_Flutter_Fib,0.8,0.3767710182586761,1.0,0.1995048627257347,0.7,0.4141902267932892,1.0,0.3594422906637192,0.2,0.5202879071235657,low,low,high,degraded(<0.9),HR_diff>=15bpm,ECG_beats_with_pulse<0.5,ppg_acf<0.3,PPG,ABP_available,ECG<3_beats,ECG artefact: high HF power / poor beat-template match; low ECG quality index; PPG artefact / non-periodic pulse  [heuristic],persistent_FN,persistent_FN,unstable_true_alarm,persistent_FN,stable_correct
t698s,1,Tachycardia,0.0,0.9121592383201669,0.0,0.8020719647407532,0.0,0.6434536576271057,0.3,0.5303611725568771,0.0,0.5734670639038086,high,high,high,clean(>=0.9),HR_diff<15bpm,ECG_beats_with_pulse>=0.5,ppg_acf>=0.3,PPG,no_ABP,HR>=140,signals look clean and concordant (no heuristic flag)  [heuristic],stable_correct,stable_correct,stable_correct,unstable_true_alarm,stable_correct
a699l,0,Asystole,0.3,0.3810699694735022,0.5,0.47203526049852373,0.9,0.5850038349628448,0.0,0.414944788813591,1.0,0.537271511554718,low,low,low,degraded(<0.9),HR_diff>=15bpm,ECG_beats_with_pulse>=0.5,ppg_acf<0.3,PPG,no_ABP,HR>=140,low ECG quality index; low pulse quality index; PPG artefact / non-periodic pulse  [heuristic],unstable_false_alarm,unstable_false_alarm,persistent_FP,stable_correct,persistent_FP
t700s,1,Tachycardia,0.3,0.5515397147869585,0.0,0.7191820263862609,0.2,0.6132375687360764,0.0,0.5431354224681855,0.0,0.555719131231308,high,high,high,clean(>=0.9),HR_diff>=15bpm,ECG_beats_with_pulse>=0.5,ppg_acf>=0.3,PPG,no_ABP,HR100-140,beat detectors disagree (ECG 109 vs PPG 163 bpm)  [heuristic],unstable_true_alarm,stable_correct,stable_correct,stable_correct,stable_correct
v704s,0,Ventricular_Tachycardia,0.0,0.012826054847240453,0.0,0.25271426141262054,0.0,0.16585723981261252,0.0,0.392331063747406,0.0,0.33577523082494737,high,low,high,clean(>=0.9),HR_diff>=15bpm,ECG_beats_with_pulse<0.5,ppg_acf>=0.3,PPG,no_ABP,ECG<3_beats,beat detectors disagree (ECG 0 vs PPG 74 bpm)  [heuristic],stable_correct,stable_correct,stable_correct,stable_correct,stable_correct
a705l,0,Asystole,0.9,0.6637551693512003,0.2,0.3417667493224144,0.0,0.4469643384218216,0.0,0.4322022646665573,1.0,0.586701625585556,low,high,low,degraded(<0.9),HR_diff<15bpm,ECG_beats_with_pulse>=0.5,ppg_acf>=0.3,PPG,no_ABP,HR50-100,low pulse quality index  [heuristic],persistent_FP,stable_correct,stable_correct,stable_correct,persistent_FP
b706s,0,Bradycardia,0.0,0.008183815036681918,0.0,0.25699519030749796,0.0,0.21877458542585373,0.3,0.44944101870059966,0.2,0.419174513220787,low,low,mid,degraded(<0.9),HR_diff>=15bpm,ECG_beats_with_pulse>=0.5,ppg_acf>=0.3,PPG,ABP_available,ECG<3_beats,low ECG quality index; PPG artefact / non-periodic pulse; beat detectors disagree (ECG 0 vs PPG 134 bpm)  [heuristic],stable_correct,stable_correct,stable_correct,unstable_false_alarm,stable_correct
v710s,0,Ventricular_Tachycardia,0.0,0.05539866236002487,0.0,0.31438794136047366,0.2,0.44107204079627993,0.1,0.4265019208192825,1.0,0.556664663553238,high,mid,high,clean(>=0.9),HR_diff>=15bpm,ECG_beats_with_pulse>=0.5,ppg_acf<0.3,PPG,no_ABP,HR50-100,PPG artefact / non-periodic pulse; beat detectors disagree (ECG 85 vs PPG 102 bpm)  [heuristic],stable_correct,stable_correct,stable_correct,stable_correct,persistent_FP
v711l,0,Ventricular_Tachycardia,0.0,0.006023083158463718,0.0,0.2099354937672615,0.0,0.25304210782051084,0.0,0.43802095055580137,0.0,0.35608127117156985,high,high,high,clean(>=0.9),HR_diff<15bpm,ECG_beats_with_pulse>=0.5,ppg_acf>=0.3,PPG,no_ABP,HR50-100,ECG artefact: high HF power / poor beat-template match  [heuristic],stable_correct,stable_correct,stable_correct,stable_correct,stable_correct
a712s,0,Asystole,0.1,0.30074170534345745,0.2,0.38010979294776914,0.0,0.4251918703317642,0.0,0.392883762717247,1.0,0.5802394986152649,low,high,low,clean(>=0.9),HR_diff>=15bpm,ECG_beats_with_pulse>=0.5,ppg_acf<0.3,PPG,no_ABP,HR>=140,ECG artefact: high HF power / poor beat-template match; PPG artefact / non-periodic pulse; beat detectors disagree (ECG 170 vs PPG 86 bpm)  [heuristic],stable_correct,stable_correct,stable_correct,stable_correct,persistent_FP
v713l,0,Ventricular_Tachycardia,1.0,0.8150688503459584,0.6,0.5042025357484817,0.6,0.5427846163511276,0.4,0.48459097743034363,0.8,0.5350750714540482,high,low,high,clean(>=0.9),HR_diff<15bpm,ECG_beats_with_pulse>=0.5,ppg_acf<0.3,PPG,no_ABP,HR100-140,PPG artefact / non-periodic pulse  [heuristic],persistent_FP,unstable_false_alarm,unstable_false_alarm,unstable_false_alarm,persistent_FP
v714s,1,Ventricular_Tachycardia,0.0,0.9032423002238049,0.0,0.8167056977748871,0.2,0.5578713715076447,0.1,0.5446912288665772,0.0,0.5498044490814209,mid,low,high,clean(>=0.9),HR_diff<15bpm,ECG_beats_with_pulse>=0.5,ppg_acf>=0.3,PPG,no_ABP,HR50-100,ECG artefact: high HF power / poor beat-template match  [heuristic],stable_correct,stable_correct,stable_correct,stable_correct,stable_correct
t716s,1,Tachycardia,0.2,0.6118025812172101,0.0,0.7314336121082305,0.0,0.6385826408863068,0.0,0.6187574088573455,0.2,0.5177113592624665,high,high,high,clean(>=0.9),HR_diff<15bpm,ECG_beats_with_pulse>=0.5,ppg_acf<0.3,PPG,no_ABP,HR>=140,PPG artefact / non-periodic pulse  [heuristic],stable_correct,stable_correct,stable_correct,stable_correct,stable_correct
t717l,1,Tachycardia,1.0,0.18160718039715854,0.9,0.25064783468842505,1.0,0.3388912335038185,1.0,0.33115789890289304,0.0,0.5621036529541016,high,high,high,clean(>=0.9),HR_diff>=15bpm,ECG_beats_with_pulse<0.5,ppg_acf<0.3,PPG,no_ABP,HR>=140,ECG artefact: high HF power / poor beat-template match; PPG artefact / non-periodic pulse; beat detectors disagree (ECG 156 vs PPG 85 bpm)  [heuristic],persistent_FN,persistent_FN,persistent_FN,persistent_FN,stable_correct
v720s,0,Ventricular_Tachycardia,0.0,0.11686794157502882,0.0,0.26385281011462214,0.8,0.566413813829422,0.2,0.45133322179317475,0.9,0.5338911563158035,high,high,high,clean(>=0.9),HR_diff<15bpm,ECG_beats_with_pulse>=0.5,ppg_acf>=0.3,PPG,ABP_available,HR100-140,"clean concordant rhythm, but model fires (no heuristic flag)  [heuristic]",stable_correct,stable_correct,persistent_FP,stable_correct,persistent_FP
v721l,0,Ventricular_Tachycardia,0.0,0.06892564876551201,0.0,0.25412147790193557,0.1,0.29134794920682905,0.0,0.3706777572631836,0.2,0.47294321060180666,low,high,low,clean(>=0.9),HR_diff<15bpm,ECG_beats_with_pulse>=0.5,ppg_acf<0.3,PPG,ABP_available,HR>=140,ECG artefact: high HF power / poor beat-template match; PPG artefact / non-periodic pulse  [heuristic],stable_correct,stable_correct,stable_correct,stable_correct,stable_correct
v725l,0,Ventricular_Tachycardia,0.0,0.16159998926469948,0.1,0.4060719281435013,0.6,0.4962095141410828,0.0,0.4589274048805237,1.0,0.5308353364467621,mid,high,mid,clean(>=0.9),HR_diff<15bpm,ECG_beats_with_pulse>=0.5,ppg_acf<0.3,PPG,no_ABP,HR100-140,PPG artefact / non-periodic pulse  [heuristic],stable_correct,stable_correct,unstable_false_alarm,stable_correct,persistent_FP
v726s,1,Ventricular_Tachycardia,1.0,0.24069212211385066,0.1,0.5846414595842362,1.0,0.4613237798213959,0.8,0.476128089427948,0.1,0.5273689568042755,high,high,high,clean(>=0.9),HR_diff>=15bpm,ECG_beats_with_pulse>=0.5,ppg_acf<0.3,PPG,ABP_available,HR<50,PPG artefact / non-periodic pulse; beat detectors disagree (ECG 44 vs PPG 120 bpm)  [heuristic],persistent_FN,stable_correct,persistent_FN,persistent_FN,stable_correct
v727l,0,Ventricular_Tachycardia,0.0,0.0070696817875016,0.0,0.269072388112545,0.0,0.34838675856590273,0.0,0.37020325660705566,0.0,0.4034190684556961,low,low,low,degraded(<0.9),HR_diff<15bpm,ECG_beats_with_pulse>=0.5,ppg_acf>=0.3,PPG,ABP_available,HR50-100,ECG artefact: high HF power / poor beat-template match; low ECG quality index  [heuristic],stable_correct,stable_correct,stable_correct,stable_correct,stable_correct
v728s,1,Ventricular_Tachycardia,0.0,0.8144282267361918,0.1,0.6504003256559372,0.0,0.5978798687458038,0.0,0.6290384948253631,0.3,0.5227684527635574,mid,mid,mid,clean(>=0.9),HR_diff<15bpm,ECG_beats_with_pulse>=0.5,ppg_acf>=0.3,PPG,no_ABP,HR50-100,signals look clean and concordant (no heuristic flag)  [heuristic],stable_correct,stable_correct,stable_correct,stable_correct,unstable_true_alarm
b730s,1,Bradycardia,0.0,0.8675406760280463,0.6,0.4732379913330078,0.8,0.45786615312099455,1.0,0.4316037088632584,0.0,0.5506055891513825,mid,high,low,clean(>=0.9),HR_diff<15bpm,ECG_beats_with_pulse>=0.5,ppg_acf>=0.3,PPG,no_ABP,HR<50,signals look clean and concordant (no heuristic flag)  [heuristic],stable_correct,unstable_true_alarm,persistent_FN,persistent_FN,stable_correct
t731l,1,Tachycardia,0.6,0.45212242409516384,0.3,0.6077464878559112,0.0,0.6875741064548493,0.0,0.6206456363201142,0.2,0.5114677131175995,mid,high,mid,clean(>=0.9),HR_diff>=15bpm,ECG_beats_with_pulse>=0.5,ppg_acf<0.3,PPG,ABP_available,HR100-140,PPG artefact / non-periodic pulse; beat detectors disagree (ECG 135 vs PPG 104 bpm)  [heuristic],unstable_true_alarm,unstable_true_alarm,stable_correct,stable_correct,stable_correct
v732s,0,Ventricular_Tachycardia,0.0,0.01598763298440393,0.0,0.2829366359859705,0.0,0.3670541673898697,0.5,0.48650455176830293,0.0,0.3947940766811371,high,high,high,clean(>=0.9),HR_diff<15bpm,ECG_beats_with_pulse>=0.5,ppg_acf>=0.3,PPG,no_ABP,HR50-100,"clean concordant rhythm, but model fires (no heuristic flag)  [heuristic]",stable_correct,stable_correct,stable_correct,unstable_false_alarm,stable_correct
v733l,1,Ventricular_Tachycardia,1.0,0.19176559633836315,1.0,0.29659273885190485,1.0,0.43191076815128326,0.6,0.4881237089633942,0.5,0.5198468506336212,low,high,low,clean(>=0.9),HR_diff<15bpm,ECG_beats_with_pulse>=0.5,ppg_acf>=0.3,PPG,no_ABP,HR50-100,signals look clean and concordant (no heuristic flag)  [heuristic],persistent_FN,persistent_FN,persistent_FN,unstable_true_alarm,unstable_true_alarm
b734s,1,Bradycardia,0.4,0.5120542604201634,0.6,0.42277971357107164,0.1,0.5868468672037125,0.0,0.6131759703159332,0.8,0.46831914186477663,high,low,high,clean(>=0.9),HR_diff<15bpm,ECG_beats_with_pulse>=0.5,ppg_acf>=0.3,PPG,no_ABP,HR50-100,signals look clean and concordant (no heuristic flag)  [heuristic],unstable_true_alarm,unstable_true_alarm,stable_correct,stable_correct,persistent_FN
a735l,0,Asystole,0.0,0.007017719903279098,0.1,0.3051700577139854,0.0,0.19873469397425653,0.3,0.43892053365707395,0.0,0.3149156630039215,mid,high,mid,clean(>=0.9),HR_diff>=15bpm,ECG_beats_with_pulse>=0.5,ppg_acf>=0.3,PPG,ABP_available,ECG<3_beats,beat detectors disagree (ECG 0 vs PPG 80 bpm)  [heuristic],stable_correct,stable_correct,stable_correct,unstable_false_alarm,stable_correct
v736s,0,Ventricular_Tachycardia,0.1,0.24930888400151563,0.0,0.2820206344127655,0.3,0.42331705391407015,0.0,0.4327557861804962,0.7,0.500462555885315,high,high,high,clean(>=0.9),HR_diff>=15bpm,ECG_beats_with_pulse>=0.5,ppg_acf>=0.3,PPG,no_ABP,ECG<3_beats,beat detectors disagree (ECG 35 vs PPG 52 bpm)  [heuristic],stable_correct,stable_correct,unstable_false_alarm,stable_correct,unstable_false_alarm
t737l,1,Tachycardia,0.0,0.9946883544831936,0.0,0.8103325963020325,0.0,0.6466873168945313,0.2,0.5426979124546051,0.0,0.596072518825531,high,high,high,clean(>=0.9),HR_diff<15bpm,ECG_beats_with_pulse>=0.5,ppg_acf>=0.3,PPG,no_ABP,HR>=140,signals look clean and concordant (no heuristic flag)  [heuristic],stable_correct,stable_correct,stable_correct,stable_correct,stable_correct
v738s,0,Ventricular_Tachycardia,0.0,0.09856457010221882,0.1,0.3487836241722107,0.3,0.43664045035839083,0.9,0.548393052816391,0.1,0.47249008119106295,high,high,high,clean(>=0.9),HR_diff<15bpm,ECG_beats_with_pulse<0.5,ppg_acf>=0.3,PPG,no_ABP,HR50-100,pulse absent/uncoupled but ECG regular  [heuristic],stable_correct,stable_correct,unstable_false_alarm,persistent_FP,stable_correct
t739l,1,Tachycardia,0.0,0.9019688089700575,0.0,0.7423587799072265,0.1,0.6209961771965027,0.1,0.5533221870660782,0.0,0.5370695292949677,mid,high,mid,clean(>=0.9),HR_diff>=15bpm,ECG_beats_with_pulse<0.5,ppg_acf<0.3,PPG,ABP_available,HR>=140,PPG artefact / non-periodic pulse; beat detectors disagree (ECG 152 vs PPG 63 bpm); pulse absent/uncoupled but ECG regular  [heuristic],stable_correct,stable_correct,stable_correct,stable_correct,stable_correct
a740s,0,Asystole,0.0,0.17720555131570911,0.1,0.4203826516866684,0.1,0.37596246898174285,0.0,0.3859872341156006,0.9,0.5449800044298172,low,high,low,degraded(<0.9),HR_diff<15bpm,ECG_beats_with_pulse>=0.5,ppg_acf>=0.3,PPG,no_ABP,HR<50,low pulse quality index  [heuristic],stable_correct,stable_correct,stable_correct,stable_correct,persistent_FP
t741l,1,Tachycardia,0.0,0.9918636265097198,0.0,0.7684885740280152,0.0,0.6956424832344055,0.0,0.6008594274520874,0.0,0.6080804646015168,high,mid,high,clean(>=0.9),HR_diff>=15bpm,ECG_beats_with_pulse>=0.5,ppg_acf>=0.3,PPG,no_ABP,HR>=140,beat detectors disagree (ECG 169 vs PPG 133 bpm)  [heuristic],stable_correct,stable_correct,stable_correct,stable_correct,stable_correct
t742s,1,Tachycardia,0.0,0.7275395372249098,0.1,0.6417504400014877,0.1,0.5927105993032455,0.8,0.47026907205581664,0.0,0.5511431455612182,low,high,low,degraded(<0.9),HR_diff>=15bpm,ECG_beats_with_pulse<0.5,ppg_acf<0.3,PPG,no_ABP,HR>=140,low pulse quality index; PPG artefact / non-periodic pulse; beat detectors disagree (ECG 155 vs PPG 80 bpm)  [heuristic],stable_correct,stable_correct,stable_correct,persistent_FN,stable_correct
v743l,0,Ventricular_Tachycardia,0.0,0.026357357463035126,0.0,0.33851528316736224,0.0,0.3760314404964447,0.0,0.3985794633626938,0.8,0.5153762757778168,mid,low,high,clean(>=0.9),HR_diff<15bpm,ECG_beats_with_pulse>=0.5,ppg_acf>=0.3,PPG,ABP_available,HR50-100,ECG artefact: high HF power / poor beat-template match  [heuristic],stable_correct,stable_correct,stable_correct,stable_correct,persistent_FP
t744s,1,Tachycardia,0.0,0.9738417972794154,0.0,0.7461340010166169,0.0,0.7487641990184783,0.0,0.6542315363883973,0.0,0.563116317987442,mid,low,mid,clean(>=0.9),HR_diff<15bpm,ECG_beats_with_pulse>=0.5,ppg_acf>=0.3,PPG,no_ABP,HR>=140,signals look clean and concordant (no heuristic flag)  [heuristic],stable_correct,stable_correct,stable_correct,stable_correct,stable_correct
t745l,1,Tachycardia,0.7,0.384450515060321,0.0,0.6225218296051025,0.1,0.7009985983371735,0.0,0.560610967874527,0.0,0.5743603348731995,low,mid,low,degraded(<0.9),HR_diff>=15bpm,ECG_beats_with_pulse<0.5,ppg_acf<0.3,PPG,no_ABP,ECG<3_beats,low pulse quality index; PPG artefact / non-periodic pulse; beat detectors disagree (ECG 17 vs PPG 63 bpm)  [heuristic],unstable_true_alarm,stable_correct,stable_correct,stable_correct,stable_correct
a746s,0,Asystole,0.3,0.3633749126505039,0.6,0.5086263924837112,0.6,0.5083128124475479,0.4,0.4782134354114532,1.0,0.543115884065628,low,mid,low,degraded(<0.9),HR_diff>=15bpm,ECG_beats_with_pulse>=0.5,ppg_acf>=0.3,PPG,no_ABP,ECG<3_beats,low pulse quality index; beat detectors disagree (ECG 21 vs PPG 97 bpm)  [heuristic],unstable_false_alarm,unstable_false_alarm,unstable_false_alarm,unstable_false_alarm,persistent_FP
t747l,1,Tachycardia,0.0,0.9519863746982926,0.1,0.7117327958345413,0.1,0.5911586046218872,0.0,0.6776480674743652,0.0,0.5371563792228699,mid,low,mid,clean(>=0.9),HR_diff>=15bpm,ECG_beats_with_pulse>=0.5,ppg_acf>=0.3,PPG,no_ABP,HR>=140,PPG artefact / non-periodic pulse; beat detectors disagree (ECG 146 vs PPG 93 bpm)  [heuristic],stable_correct,stable_correct,stable_correct,stable_correct,stable_correct
v748s,1,Ventricular_Tachycardia,0.1,0.8172165441486514,0.0,0.7249934732913971,0.2,0.5803174048662185,0.1,0.5439203530550003,0.3,0.5360254347324371,mid,high,mid,clean(>=0.9),HR_diff<15bpm,ECG_beats_with_pulse>=0.5,ppg_acf>=0.3,PPG,no_ABP,HR50-100,signals look clean and concordant (no heuristic flag)  [heuristic],stable_correct,stable_correct,stable_correct,stable_correct,unstable_true_alarm
a750s,0,Asystole,0.0,0.07580753985255272,0.2,0.4247079938650131,0.1,0.4119725987315178,0.0,0.3567251771688461,1.0,0.5326846837997437,low,low,low,degraded(<0.9),HR_diff<15bpm,ECG_beats_with_pulse>=0.5,ppg_acf>=0.3,PPG,no_ABP,HR100-140,ECG artefact: high HF power / poor beat-template match; low ECG quality index; low pulse quality index  [heuristic],stable_correct,stable_correct,stable_correct,stable_correct,persistent_FP
t752s,1,Tachycardia,0.0,0.9916378295653013,0.0,0.7854866743087768,0.0,0.7422756731510163,0.0,0.6454281210899353,0.2,0.5115254580974579,mid,high,low,clean(>=0.9),HR_diff<15bpm,ECG_beats_with_pulse>=0.5,ppg_acf>=0.3,PPG,no_ABP,HR>=140,signals look clean and concordant (no heuristic flag)  [heuristic],stable_correct,stable_correct,stable_correct,stable_correct,stable_correct
b753l,0,Bradycardia,0.7,0.6430793258754023,0.1,0.37565103471279143,0.6,0.5330973029136657,0.8,0.5192508697509766,0.8,0.5177519053220749,low,low,low,degraded(<0.9),HR_diff>=15bpm,ECG_beats_with_pulse>=0.5,ppg_acf>=0.3,PPG,no_ABP,HR<50,low pulse quality index; beat detectors disagree (ECG 45 vs PPG 131 bpm)  [heuristic],unstable_false_alarm,stable_correct,unstable_false_alarm,persistent_FP,persistent_FP
t755l,1,Tachycardia,0.0,0.9713769923736433,0.0,0.8004481613636016,0.0,0.7720717310905456,0.0,0.6731801211833954,0.0,0.5600869953632355,mid,high,mid,clean(>=0.9),HR_diff<15bpm,ECG_beats_with_pulse>=0.5,ppg_acf<0.3,PPG,no_ABP,HR100-140,PPG artefact / non-periodic pulse  [heuristic],stable_correct,stable_correct,stable_correct,stable_correct,stable_correct
v758s,1,Ventricular_Tachycardia,0.2,0.6795240222816613,0.5,0.5498232513666153,0.6,0.4947363257408142,0.7,0.5021684408187866,0.9,0.47713662385940553,high,high,high,clean(>=0.9),HR_diff<15bpm,ECG_beats_with_pulse>=0.5,ppg_acf>=0.3,PPG,ABP_available,HR50-100,signals look clean and concordant (no heuristic flag)  [heuristic],stable_correct,unstable_true_alarm,unstable_true_alarm,unstable_true_alarm,persistent_FN
t760s,1,Tachycardia,0.0,0.9659482612977731,0.0,0.837921017408371,0.0,0.7489164292812347,0.0,0.6955417454242706,0.1,0.5456167757511139,mid,high,mid,clean(>=0.9),HR_diff<15bpm,ECG_beats_with_pulse>=0.5,ppg_acf<0.3,PPG,ABP_available,HR>=140,PPG artefact / non-periodic pulse  [heuristic],stable_correct,stable_correct,stable_correct,stable_correct,stable_correct
v761l,1,Ventricular_Tachycardia,0.1,0.8398106981716283,0.2,0.6276209086179734,0.2,0.6041509449481964,0.0,0.5917558968067169,0.0,0.5759542226791382,high,high,high,clean(>=0.9),HR_diff<15bpm,ECG_beats_with_pulse>=0.5,ppg_acf<0.3,PPG,no_ABP,HR50-100,PPG artefact / non-periodic pulse  [heuristic],stable_correct,stable_correct,stable_correct,stable_correct,stable_correct
t762s,1,Tachycardia,0.0,0.9893495381294232,0.0,0.7937056124210358,0.0,0.6646532654762268,0.1,0.5890141695737838,0.0,0.5800035119056701,low,mid,low,degraded(<0.9),HR_diff>=15bpm,ECG_beats_with_pulse>=0.5,ppg_acf>=0.3,PPG,no_ABP,HR>=140,low pulse quality index; beat detectors disagree (ECG 156 vs PPG 94 bpm)  [heuristic],stable_correct,stable_correct,stable_correct,stable_correct,stable_correct
v763l,0,Ventricular_Tachycardia,0.8,0.6864418418117222,0.8,0.534788578748703,0.7,0.5376373052597045,0.7,0.5130288302898407,1.0,0.5468235671520233,low,high,low,clean(>=0.9),HR_diff>=15bpm,ECG_beats_with_pulse<0.5,ppg_acf<0.3,PPG,no_ABP,HR50-100,PPG artefact / non-periodic pulse; beat detectors disagree (ECG 96 vs PPG 52 bpm)  [heuristic],persistent_FP,persistent_FP,unstable_false_alarm,unstable_false_alarm,persistent_FP
b764s,1,Bradycardia,0.0,0.9766214823867193,0.1,0.7084979504346848,0.0,0.6569989264011383,0.4,0.5121186912059784,0.0,0.5592543184757233,low,high,low,degraded(<0.9),HR_diff>=15bpm,ECG_beats_with_pulse>=0.5,ppg_acf<0.3,PPG,no_ABP,HR<50,low pulse quality index; PPG artefact / non-periodic pulse; beat detectors disagree (ECG 32 vs PPG 54 bpm)  [heuristic],stable_correct,stable_correct,stable_correct,unstable_true_alarm,stable_correct
v766s,0,Ventricular_Tachycardia,0.0,0.10229374268763738,0.0,0.2773142740130424,0.0,0.4018426418304443,0.2,0.43010873198509214,0.0,0.4446871727705002,high,high,high,clean(>=0.9),HR_diff<15bpm,ECG_beats_with_pulse>=0.5,ppg_acf>=0.3,PPG,no_ABP,HR50-100,"clean concordant rhythm, but model fires (no heuristic flag)  [heuristic]",stable_correct,stable_correct,stable_correct,stable_correct,stable_correct
v767l,0,Ventricular_Tachycardia,0.6,0.5331158440561452,0.0,0.24189911261200905,0.1,0.33077347576618193,0.0,0.38768585324287413,1.0,0.5239847719669342,high,low,high,clean(>=0.9),HR_diff>=15bpm,ECG_beats_with_pulse>=0.5,ppg_acf<0.3,PPG,ABP_available,HR100-140,PPG artefact / non-periodic pulse; beat detectors disagree (ECG 122 vs PPG 100 bpm)  [heuristic],unstable_false_alarm,stable_correct,stable_correct,stable_correct,persistent_FP
f768s,0,Ventricular_Flutter_Fib,0.4,0.41734209030527697,0.1,0.37134476006031036,0.3,0.47385208308696747,0.7,0.5195445626974106,0.3,0.4721861928701401,mid,high,mid,clean(>=0.9),HR_diff<15bpm,ECG_beats_with_pulse>=0.5,ppg_acf>=0.3,PPG,no_ABP,HR50-100,"clean concordant rhythm, but model fires (no heuristic flag)  [heuristic]",unstable_false_alarm,stable_correct,unstable_false_alarm,unstable_false_alarm,unstable_false_alarm
v769l,1,Ventricular_Tachycardia,0.0,0.9397555650080397,0.1,0.6380550801753998,0.0,0.6595291674137116,0.0,0.5992027699947358,0.1,0.5431915938854217,low,low,low,clean(>=0.9),HR_diff>=15bpm,ECG_beats_with_pulse>=0.5,ppg_acf>=0.3,PPG,no_ABP,HR100-140,beat detectors disagree (ECG 132 vs PPG 75 bpm)  [heuristic],stable_correct,stable_correct,stable_correct,stable_correct,stable_correct
v770s,0,Ventricular_Tachycardia,0.4,0.4545211978785339,0.2,0.4010502204298973,0.6,0.5192383259534836,0.3,0.4776790738105774,1.0,0.5450374841690063,high,high,high,clean(>=0.9),HR_diff>=15bpm,ECG_beats_with_pulse<0.5,ppg_acf<0.3,PPG,no_ABP,ECG<3_beats,PPG artefact / non-periodic pulse; beat detectors disagree (ECG 0 vs PPG 106 bpm)  [heuristic],unstable_false_alarm,stable_correct,unstable_false_alarm,unstable_false_alarm,persistent_FP
t771l,1,Tachycardia,0.1,0.7364888903353333,0.0,0.718076092004776,0.0,0.6661623299121857,0.0,0.5975774109363556,0.6,0.4804444372653961,high,high,high,clean(>=0.9),HR_diff>=15bpm,ECG_beats_with_pulse<0.5,ppg_acf>=0.3,PPG,no_ABP,HR>=140,beat detectors disagree (ECG 167 vs PPG 51 bpm)  [heuristic],stable_correct,stable_correct,stable_correct,stable_correct,unstable_true_alarm
v773l,1,Ventricular_Tachycardia,0.5,0.5056570301511202,0.9,0.34341587126255035,0.9,0.3987618967890739,1.0,0.42642214000225065,0.0,0.5472834706306458,low,high,low,degraded(<0.9),HR_diff>=15bpm,ECG_beats_with_pulse>=0.5,ppg_acf<0.3,PPG,no_ABP,HR50-100,low pulse quality index; PPG artefact / non-periodic pulse; beat detectors disagree (ECG 67 vs PPG 101 bpm)  [heuristic],unstable_true_alarm,persistent_FN,persistent_FN,persistent_FN,stable_correct
v775l,0,Ventricular_Tachycardia,0.7,0.6763864951462877,0.0,0.3392653301358223,0.1,0.47305009663105013,0.0,0.37604581117630004,1.0,0.5610633015632629,low,low,low,degraded(<0.9),HR_diff>=15bpm,ECG_beats_with_pulse>=0.5,ppg_acf<0.3,PPG,no_ABP,HR>=140,ECG artefact: high HF power / poor beat-template match; low ECG quality index; low pulse quality index  [heuristic],unstable_false_alarm,stable_correct,stable_correct,stable_correct,persistent_FP
a778s,0,Asystole,0.0,0.0396533336734624,0.2,0.42500768303871156,0.3,0.44443541169166567,0.4,0.5005113542079925,0.1,0.4706107586622238,low,low,mid,degraded(<0.9),HR_diff<15bpm,ECG_beats_with_pulse>=0.5,ppg_acf>=0.3,PPG,ABP_available,HR50-100,low ECG quality index  [heuristic],stable_correct,stable_correct,unstable_false_alarm,unstable_false_alarm,stable_correct
a780s,0,Asystole,0.0,0.07927515735752552,0.0,0.30279791057109834,0.0,0.3361235499382019,0.0,0.3556744337081909,0.9,0.538465005159378,low,high,low,degraded(<0.9),HR_diff>=15bpm,ECG_beats_with_pulse<0.5,ppg_acf>=0.3,PPG,ABP_available,HR100-140,ECG artefact: high HF power / poor beat-template match; low pulse quality index; beat detectors disagree (ECG 109 vs PPG 88 bpm)  [heuristic],stable_correct,stable_correct,stable_correct,stable_correct,persistent_FP
v781l,0,Ventricular_Tachycardia,0.0,0.04139724156468522,0.0,0.3535600334405899,0.1,0.4127909690141678,0.8,0.538096871972084,0.0,0.40769087374210355,high,high,high,clean(>=0.9),HR_diff<15bpm,ECG_beats_with_pulse>=0.5,ppg_acf>=0.3,PPG,no_ABP,HR100-140,"clean concordant rhythm, but model fires (no heuristic flag)  [heuristic]",stable_correct,stable_correct,stable_correct,persistent_FP,stable_correct
v782s,0,Ventricular_Tachycardia,0.4,0.4456645383300356,0.3,0.45444619953632354,0.5,0.49337978661060333,0.2,0.4641792267560959,1.0,0.5761939942836761,low,high,low,degraded(<0.9),HR_diff>=15bpm,ECG_beats_with_pulse<0.5,ppg_acf>=0.3,PPG,no_ABP,HR<50,low pulse quality index; beat detectors disagree (ECG 24 vs PPG 62 bpm)  [heuristic],unstable_false_alarm,unstable_false_alarm,unstable_false_alarm,stable_correct,persistent_FP
v783l,1,Ventricular_Tachycardia,1.0,0.08457410141196206,0.2,0.6129862606525421,0.0,0.6246493399143219,0.0,0.6045364379882813,0.7,0.4848019123077393,low,high,low,degraded(<0.9),HR_diff>=15bpm,ECG_beats_with_pulse>=0.5,ppg_acf<0.3,PPG,no_ABP,HR100-140,low pulse quality index; PPG artefact / non-periodic pulse; beat detectors disagree (ECG 109 vs PPG 83 bpm)  [heuristic],persistent_FN,stable_correct,stable_correct,stable_correct,unstable_true_alarm
v784s,0,Ventricular_Tachycardia,0.0,0.011333651008354175,0.1,0.3233349874615669,0.0,0.3679596036672592,0.3,0.4792815983295441,0.3,0.4161338835954666,high,low,high,clean(>=0.9),HR_diff<15bpm,ECG_beats_with_pulse>=0.5,ppg_acf>=0.3,PPG,no_ABP,HR50-100,"clean concordant rhythm, but model fires (no heuristic flag)  [heuristic]",stable_correct,stable_correct,stable_correct,unstable_false_alarm,unstable_false_alarm
a785l,0,Asystole,0.2,0.3904804701759277,0.1,0.2924343593418598,0.0,0.3169935032725334,0.1,0.35313107520341874,1.0,0.5380262076854706,low,high,low,clean(>=0.9),HR_diff>=15bpm,ECG_beats_with_pulse>=0.5,ppg_acf>=0.3,PPG,no_ABP,HR100-140,ECG artefact: high HF power / poor beat-template match; beat detectors disagree (ECG 124 vs PPG 86 bpm)  [heuristic],stable_correct,stable_correct,stable_correct,stable_correct,persistent_FP
t786s,1,Tachycardia,0.0,0.980021648333359,0.0,0.8129191279411316,0.2,0.5689652353525162,0.1,0.5509669214487076,0.0,0.5781611740589142,low,high,low,degraded(<0.9),HR_diff>=15bpm,ECG_beats_with_pulse>=0.5,ppg_acf<0.3,PPG,no_ABP,HR>=140,low pulse quality index; PPG artefact / non-periodic pulse; beat detectors disagree (ECG 147 vs PPG 104 bpm)  [heuristic],stable_correct,stable_correct,stable_correct,stable_correct,stable_correct
t787l,1,Tachycardia,0.0,0.9765370315242331,0.1,0.661526569724083,0.0,0.7710226833820343,0.0,0.6844772934913635,0.3,0.5252004563808441,high,high,high,clean(>=0.9),HR_diff<15bpm,ECG_beats_with_pulse>=0.5,ppg_acf<0.3,PPG,no_ABP,HR100-140,PPG artefact / non-periodic pulse  [heuristic],stable_correct,stable_correct,stable_correct,stable_correct,unstable_true_alarm
v788s,1,Ventricular_Tachycardia,1.0,0.21438071730220237,0.5,0.5111867487430573,0.8,0.40249754786491393,0.3,0.5269864201545715,0.8,0.4669197231531143,high,high,high,clean(>=0.9),HR_diff<15bpm,ECG_beats_with_pulse>=0.5,ppg_acf>=0.3,PPG,no_ABP,HR50-100,signals look clean and concordant (no heuristic flag)  [heuristic],persistent_FN,unstable_true_alarm,persistent_FN,unstable_true_alarm,persistent_FN
f789l,0,Ventricular_Flutter_Fib,0.0,0.18657777702436837,0.8,0.6910261273384094,0.7,0.6042529493570328,1.0,0.7003034591674805,0.0,0.4420542657375336,mid,high,mid,clean(>=0.9),HR_diff<15bpm,ECG_beats_with_pulse>=0.5,ppg_acf>=0.3,PPG,no_ABP,HR100-140,"clean concordant rhythm, but model fires (no heuristic flag)  [heuristic]",stable_correct,persistent_FP,unstable_false_alarm,persistent_FP,stable_correct
t790s,1,Tachycardia,0.0,0.9905684174908096,0.0,0.7767871677875519,0.0,0.7405572474002838,0.0,0.6666492342948913,0.0,0.5328995704650878,low,mid,low,degraded(<0.9),HR_diff<15bpm,ECG_beats_with_pulse>=0.5,ppg_acf>=0.3,PPG,no_ABP,HR>=140,low pulse quality index; PPG artefact / non-periodic pulse  [heuristic],stable_correct,stable_correct,stable_correct,stable_correct,stable_correct
v791l,0,Ventricular_Tachycardia,0.0,0.07313685277467394,0.0,0.3119639500975609,0.0,0.37644641399383544,0.0,0.3500283107161522,1.0,0.5432277619838715,low,high,low,clean(>=0.9),HR_diff>=15bpm,ECG_beats_with_pulse>=0.5,ppg_acf>=0.3,PPG,no_ABP,HR>=140,ECG artefact: high HF power / poor beat-template match; beat detectors disagree (ECG 153 vs PPG 75 bpm)  [heuristic],stable_correct,stable_correct,stable_correct,stable_correct,persistent_FP
f792s,0,Ventricular_Flutter_Fib,0.0,0.27674471874873957,0.7,0.5526578575372696,0.9,0.601534178853035,0.8,0.5097648590803147,1.0,0.5590385556221008,high,low,high,clean(>=0.9),HR_diff<15bpm,ECG_beats_with_pulse>=0.5,ppg_acf<0.3,PPG,no_ABP,HR100-140,PPG artefact / non-periodic pulse  [heuristic],stable_correct,unstable_false_alarm,persistent_FP,persistent_FP,persistent_FP
b794s,1,Bradycardia,0.0,0.9732815665461464,0.5,0.5496060371398925,0.1,0.5949709326028824,0.7,0.4799351513385773,0.0,0.5781167566776275,low,high,low,degraded(<0.9),HR_diff<15bpm,ECG_beats_with_pulse>=0.5,ppg_acf<0.3,PPG,no_ABP,HR<50,low pulse quality index; PPG artefact / non-periodic pulse  [heuristic],stable_correct,unstable_true_alarm,stable_correct,unstable_true_alarm,stable_correct
a796s,1,Asystole,0.0,0.6976332005286016,0.0,0.7717823326587677,0.0,0.712323933839798,1.0,0.44171934127807616,0.0,0.5784186542034149,high,high,high,clean(>=0.9),HR_diff>=15bpm,ECG_beats_with_pulse<0.5,ppg_acf<0.3,PPG,no_ABP,ECG<3_beats,PPG artefact / non-periodic pulse; beat detectors disagree (ECG 0 vs PPG 64 bpm)  [heuristic],stable_correct,stable_correct,stable_correct,persistent_FN,stable_correct
a798s,0,Asystole,0.0,0.026794679283329757,0.0,0.2511075474321842,0.0,0.245922814309597,0.0,0.32814657092094424,0.3,0.46553665697574614,low,low,low,degraded(<0.9),HR_diff>=15bpm,ECG_beats_with_pulse>=0.5,ppg_acf>=0.3,PPG,no_ABP,HR100-140,ECG artefact: high HF power / poor beat-template match; low ECG quality index; beat detectors disagree (ECG 128 vs PPG 70 bpm)  [heuristic],stable_correct,stable_correct,stable_correct,stable_correct,unstable_false_alarm
f799l,0,Ventricular_Flutter_Fib,0.0,0.11801132341658227,0.0,0.28966882824897766,0.0,0.2770996823906898,0.0,0.3649305760860443,0.8,0.5141888439655304,low,low,low,degraded(<0.9),HR_diff>=15bpm,ECG_beats_with_pulse>=0.5,ppg_acf<0.3,PPG,no_ABP,HR100-140,ECG artefact: high HF power / poor beat-template match; low ECG quality index; PPG artefact / non-periodic pulse  [heuristic],stable_correct,stable_correct,stable_correct,stable_correct,persistent_FP
t800s,1,Tachycardia,0.7,0.48142839730760983,1.0,0.32140456438064574,0.8,0.43356568813323976,1.0,0.41951185166835786,0.3,0.5160803675651551,high,high,high,clean(>=0.9),HR_diff<15bpm,ECG_beats_with_pulse>=0.5,ppg_acf>=0.3,PPG,no_ABP,HR>=140,signals look clean and concordant (no heuristic flag)  [heuristic],unstable_true_alarm,persistent_FN,persistent_FN,persistent_FN,unstable_true_alarm
t801l,1,Tachycardia,0.0,0.9763768101592758,0.0,0.8447939813137054,0.0,0.7585355639457703,0.1,0.5843803256750106,0.0,0.5668634474277496,low,high,low,degraded(<0.9),HR_diff>=15bpm,ECG_beats_with_pulse<0.5,ppg_acf<0.3,PPG,no_ABP,HR>=140,low pulse quality index; PPG artefact / non-periodic pulse; beat detectors disagree (ECG 147 vs PPG 29 bpm)  [heuristic],stable_correct,stable_correct,stable_correct,stable_correct,stable_correct
a802s,0,Asystole,0.8,0.5745621221477909,0.3,0.42967696487903595,0.8,0.5585857272148133,0.8,0.5305413037538529,0.4,0.4915210336446762,mid,high,mid,clean(>=0.9),HR_diff<15bpm,ECG_beats_with_pulse>=0.5,ppg_acf<0.3,PPG,no_ABP,HR50-100,PPG artefact / non-periodic pulse  [heuristic],persistent_FP,unstable_false_alarm,persistent_FP,persistent_FP,unstable_false_alarm
v803l,1,Ventricular_Tachycardia,0.5,0.4969353732071921,0.2,0.5618025600910187,0.8,0.4445095479488373,0.0,0.5675556182861328,1.0,0.44906223118305205,high,mid,high,clean(>=0.9),HR_diff>=15bpm,ECG_beats_with_pulse>=0.5,ppg_acf>=0.3,PPG,ABP_available,HR100-140,ECG artefact: high HF power / poor beat-template match; beat detectors disagree (ECG 119 vs PPG 96 bpm)  [heuristic],unstable_true_alarm,stable_correct,persistent_FN,stable_correct,persistent_FN
v804s,0,Ventricular_Tachycardia,0.0,0.19546386671918503,0.2,0.41953858733177185,0.7,0.5096364349126816,0.3,0.4661164522171021,0.9,0.5331871628761291,low,high,low,degraded(<0.9),HR_diff>=15bpm,ECG_beats_with_pulse>=0.5,ppg_acf<0.3,PPG,no_ABP,HR50-100,low pulse quality index; PPG artefact / non-periodic pulse; beat detectors disagree (ECG 72 vs PPG 101 bpm)  [heuristic],stable_correct,stable_correct,unstable_false_alarm,unstable_false_alarm,persistent_FP
v805l,1,Ventricular_Tachycardia,0.5,0.4712186869191659,0.1,0.5637329071760178,0.4,0.49570979475975036,0.6,0.4878775507211685,0.0,0.564452987909317,high,mid,high,clean(>=0.9),HR_diff<15bpm,ECG_beats_with_pulse>=0.5,ppg_acf<0.3,PPG,no_ABP,HR50-100,ECG artefact: high HF power / poor beat-template match; PPG artefact / non-periodic pulse  [heuristic],unstable_true_alarm,stable_correct,unstable_true_alarm,unstable_true_alarm,stable_correct
v806s,1,Ventricular_Tachycardia,0.1,0.8060847433847561,0.2,0.5796151399612427,0.5,0.4882610708475113,0.5,0.4831777989864349,0.0,0.5471035659313201,high,high,high,clean(>=0.9),HR_diff<15bpm,ECG_beats_with_pulse>=0.5,ppg_acf>=0.3,PPG,no_ABP,HR100-140,signals look clean and concordant (no heuristic flag)  [heuristic],stable_correct,stable_correct,unstable_true_alarm,unstable_true_alarm,stable_correct
v809l,0,Ventricular_Tachycardia,0.0,0.006910794729721195,0.0,0.2458684965968132,0.0,0.20420492440462112,0.0,0.3632217735052109,0.0,0.34471472203731535,mid,low,mid,clean(>=0.9),HR_diff<15bpm,ECG_beats_with_pulse>=0.5,ppg_acf>=0.3,PPG,no_ABP,HR50-100,ECG artefact: high HF power / poor beat-template match  [heuristic],stable_correct,stable_correct,stable_correct,stable_correct,stable_correct
a810s,0,Asystole,0.0,0.14669272588769408,0.3,0.45708012878894805,0.0,0.32481944710016253,0.5,0.498617359995842,0.1,0.44395971596240996,mid,high,mid,clean(>=0.9),HR_diff<15bpm,ECG_beats_with_pulse>=0.5,ppg_acf>=0.3,PPG,ABP_available,HR100-140,"clean concordant rhythm, but model fires (no heuristic flag)  [heuristic]",stable_correct,unstable_false_alarm,stable_correct,unstable_false_alarm,stable_correct
t812s,1,Tachycardia,0.0,0.9402633682910189,0.2,0.6284047991037369,0.6,0.4744666710495949,0.3,0.5304245978593827,0.4,0.5266776323318482,mid,low,mid,clean(>=0.9),HR_diff<15bpm,ECG_beats_with_pulse>=0.5,ppg_acf>=0.3,PPG,no_ABP,HR>=140,signals look clean and concordant (no heuristic flag)  [heuristic],stable_correct,stable_correct,unstable_true_alarm,unstable_true_alarm,unstable_true_alarm
v814s,0,Ventricular_Tachycardia,0.0,0.06910973372573945,0.0,0.3178720772266388,1.0,0.5992618918418884,0.4,0.48756357431411745,0.9,0.5196459114551544,mid,high,mid,clean(>=0.9),HR_diff>=15bpm,ECG_beats_with_pulse>=0.5,ppg_acf>=0.3,PPG,no_ABP,HR50-100,beat detectors disagree (ECG 77 vs PPG 115 bpm)  [heuristic],stable_correct,stable_correct,persistent_FP,unstable_false_alarm,persistent_FP
v815l,1,Ventricular_Tachycardia,0.2,0.62345152956877,0.5,0.5345125436782837,0.6,0.481803834438324,0.3,0.5264134049415589,0.5,0.4868784546852112,mid,mid,mid,clean(>=0.9),HR_diff<15bpm,ECG_beats_with_pulse>=0.5,ppg_acf>=0.3,PPG,ABP_available,HR100-140,signals look clean and concordant (no heuristic flag)  [heuristic],stable_correct,unstable_true_alarm,unstable_true_alarm,unstable_true_alarm,unstable_true_alarm
t816s,1,Tachycardia,0.0,0.9662066740433561,0.0,0.8907269537448883,0.0,0.7257113456726074,0.0,0.6666450142860413,0.1,0.5352478355169297,high,high,high,clean(>=0.9),HR_diff>=15bpm,ECG_beats_with_pulse>=0.5,ppg_acf<0.3,PPG,ABP_available,HR>=140,PPG artefact / non-periodic pulse; beat detectors disagree (ECG 159 vs PPG 96 bpm)  [heuristic],stable_correct,stable_correct,stable_correct,stable_correct,stable_correct
t817l,0,Tachycardia,0.0,0.16617763789973802,0.2,0.3216890513896942,0.0,0.3901938796043396,0.3,0.48492766320705416,0.6,0.5101556569337845,high,high,high,clean(>=0.9),HR_diff>=15bpm,ECG_beats_with_pulse>=0.5,ppg_acf>=0.3,PPG,no_ABP,HR>=140,ECG artefact: high HF power / poor beat-template match; PPG artefact / non-periodic pulse; beat detectors disagree (ECG 205 vs PPG 99 bpm)  [heuristic],stable_correct,stable_correct,stable_correct,unstable_false_alarm,unstable_false_alarm
v818s,1,Ventricular_Tachycardia,0.2,0.6443084527771668,0.1,0.5854325711727142,0.0,0.6281559109687805,0.2,0.5255411207675934,0.0,0.58195641040802,high,high,high,clean(>=0.9),HR_diff<15bpm,ECG_beats_with_pulse>=0.5,ppg_acf>=0.3,PPG,no_ABP,HR100-140,signals look clean and concordant (no heuristic flag)  [heuristic],stable_correct,stable_correct,stable_correct,stable_correct,stable_correct
a819l,0,Asystole,0.0,0.04711264997721633,0.1,0.38263229429721834,0.0,0.37626912295818327,0.0,0.3552763193845749,1.0,0.5735896587371826,low,low,high,degraded(<0.9),HR_diff>=15bpm,ECG_beats_with_pulse>=0.5,ppg_acf>=0.3,PPG,no_ABP,HR100-140,ECG artefact: high HF power / poor beat-template match; low ECG quality index; beat detectors disagree (ECG 118 vs PPG 158 bpm)  [heuristic],stable_correct,stable_correct,stable_correct,stable_correct,persistent_FP
b820s,1,Bradycardia,0.0,0.8520208985851012,0.0,0.6678487956523895,0.1,0.5802792429924011,0.1,0.5641831636428833,0.3,0.5170355141162872,mid,high,mid,clean(>=0.9),HR_diff<15bpm,ECG_beats_with_pulse>=0.5,ppg_acf>=0.3,PPG,no_ABP,HR<50,PPG artefact / non-periodic pulse  [heuristic],stable_correct,stable_correct,stable_correct,stable_correct,unstable_true_alarm
t821l,1,Tachycardia,0.0,0.9445938241696631,0.0,0.7520124077796936,0.0,0.6478596270084381,0.0,0.5878217935562133,0.1,0.5331216156482697,mid,high,mid,clean(>=0.9),HR_diff>=15bpm,ECG_beats_with_pulse>=0.5,ppg_acf<0.3,PPG,no_ABP,HR>=140,PPG artefact / non-periodic pulse; beat detectors disagree (ECG 156 vs PPG 76 bpm)  [heuristic],stable_correct,stable_correct,stable_correct,stable_correct,stable_correct
v823l,1,Ventricular_Tachycardia,0.0,0.8437874159669038,0.2,0.5906591057777405,0.1,0.6605504304170609,0.0,0.570111894607544,0.1,0.5339259952306747,low,high,low,clean(>=0.9),HR_diff<15bpm,ECG_beats_with_pulse>=0.5,ppg_acf<0.3,PPG,no_ABP,HR50-100,PPG artefact / non-periodic pulse  [heuristic],stable_correct,stable_correct,stable_correct,stable_correct,stable_correct
a825l,0,Asystole,0.0,0.08603730378403748,0.1,0.4184311717748642,0.0,0.2551634222269058,0.0,0.3823817729949951,0.8,0.5256724655628204,low,low,high,degraded(<0.9),HR_diff>=15bpm,ECG_beats_with_pulse>=0.5,ppg_acf>=0.3,PPG,no_ABP,ECG<3_beats,ECG artefact: high HF power / poor beat-template match; low ECG quality index; beat detectors disagree (ECG 0 vs PPG 102 bpm)  [heuristic],stable_correct,stable_correct,stable_correct,stable_correct,persistent_FP
v826s,0,Ventricular_Tachycardia,0.0,0.06203769598414647,0.0,0.36707326769828796,0.0,0.3690046578645706,0.0,0.3650499776005745,1.0,0.5412413895130157,high,high,high,clean(>=0.9),HR_diff>=15bpm,ECG_beats_with_pulse>=0.5,ppg_acf>=0.3,PPG,ABP_available,HR>=140,ECG artefact: high HF power / poor beat-template match; PPG artefact / non-periodic pulse; beat detectors disagree (ECG 140 vs PPG 109 bpm)  [heuristic],stable_correct,stable_correct,stable_correct,stable_correct,persistent_FP
v828s,1,Ventricular_Tachycardia,0.7,0.4902488938878352,0.0,0.6605575025081635,0.5,0.528300154209137,0.3,0.5381839811801911,0.0,0.5577799856662751,mid,high,mid,clean(>=0.9),HR_diff>=15bpm,ECG_beats_with_pulse>=0.5,ppg_acf>=0.3,PPG,no_ABP,ECG<3_beats,beat detectors disagree (ECG 78 vs PPG 163 bpm)  [heuristic],unstable_true_alarm,stable_correct,unstable_true_alarm,unstable_true_alarm,stable_correct
f829l,0,Ventricular_Flutter_Fib,0.0,0.1096832031358234,0.7,0.567653052508831,0.5,0.4974129319190979,0.2,0.4677676558494568,1.0,0.5524255335330963,low,low,high,degraded(<0.9),HR_diff<15bpm,ECG_beats_with_pulse>=0.5,ppg_acf>=0.3,PPG,no_ABP,HR50-100,low ECG quality index  [heuristic],stable_correct,unstable_false_alarm,unstable_false_alarm,stable_correct,persistent_FP
v831l,1,Ventricular_Tachycardia,1.0,0.15843984275372824,0.9,0.31487677022814753,0.3,0.5314178943634034,0.2,0.5283710926771163,0.2,0.5325324326753617,high,high,high,clean(>=0.9),HR_diff>=15bpm,ECG_beats_with_pulse>=0.5,ppg_acf<0.3,PPG,ABP_available,HR50-100,ECG artefact: high HF power / poor beat-template match; PPG artefact / non-periodic pulse; beat detectors disagree (ECG 88 vs PPG 139 bpm)  [heuristic],persistent_FN,persistent_FN,unstable_true_alarm,stable_correct,stable_correct
b832s,1,Bradycardia,1.0,0.011761658059727757,1.0,0.20824099630117415,0.9,0.39289248287677764,0.9,0.3952268213033676,0.3,0.5147859722375869,mid,mid,mid,clean(>=0.9),HR_diff>=15bpm,ECG_beats_with_pulse>=0.5,ppg_acf>=0.3,PPG,no_ABP,HR<50,beat detectors disagree (ECG 40 vs PPG 124 bpm)  [heuristic],persistent_FN,persistent_FN,persistent_FN,persistent_FN,unstable_true_alarm
v833l,0,Ventricular_Tachycardia,0.0,0.016367741759821884,0.0,0.2465682365000248,0.0,0.22424035221338273,0.1,0.4530405759811401,0.0,0.3459796980023384,high,low,high,clean(>=0.9),HR_diff<15bpm,ECG_beats_with_pulse>=0.5,ppg_acf>=0.3,PPG,ABP_available,HR50-100,"clean concordant rhythm, but model fires (no heuristic flag)  [heuristic]",stable_correct,stable_correct,stable_correct,stable_correct,stable_correct
v834s,0,Ventricular_Tachycardia,1.0,0.7956998291028144,0.9,0.5683975040912628,0.3,0.4646972805261612,0.3,0.4809746205806732,1.0,0.5321727335453034,low,mid,low,clean(>=0.9),HR_diff<15bpm,ECG_beats_with_pulse>=0.5,ppg_acf<0.3,PPG,no_ABP,HR100-140,PPG artefact / non-periodic pulse  [heuristic],persistent_FP,persistent_FP,unstable_false_alarm,unstable_false_alarm,persistent_FP
b835l,0,Bradycardia,0.0,0.02526326210839595,0.1,0.25633038952946663,0.0,0.17178070321679115,0.0,0.32946079671382905,0.0,0.34308536499738695,high,low,high,clean(>=0.9),HR_diff>=15bpm,ECG_beats_with_pulse>=0.5,ppg_acf>=0.3,PPG,ABP_available,HR<50,beat detectors disagree (ECG 18 vs PPG 115 bpm)  [heuristic],stable_correct,stable_correct,stable_correct,stable_correct,stable_correct
b838s,1,Bradycardia,0.0,0.968359353855743,0.1,0.6572824060916901,0.0,0.6366203665733338,0.3,0.5134707093238831,0.1,0.5578229695558548,low,mid,low,degraded(<0.9),HR_diff<15bpm,ECG_beats_with_pulse>=0.5,ppg_acf<0.3,PPG,no_ABP,HR50-100,low pulse quality index; PPG artefact / non-periodic pulse  [heuristic],stable_correct,stable_correct,stable_correct,unstable_true_alarm,stable_correct
b839l,1,Bradycardia,0.0,0.6482036535408005,0.6,0.44078707695007324,1.0,0.2930119350552559,1.0,0.3626230224967003,0.0,0.5635070502758026,low,high,low,clean(>=0.9),HR_diff>=15bpm,ECG_beats_with_pulse>=0.5,ppg_acf<0.3,PPG,no_ABP,HR<50,PPG artefact / non-periodic pulse; beat detectors disagree (ECG 32 vs PPG 77 bpm)  [heuristic],stable_correct,unstable_true_alarm,persistent_FN,persistent_FN,stable_correct
b840s,1,Bradycardia,1.0,0.2640779040191227,0.1,0.7189040005207061,0.1,0.6339333832263947,0.0,0.5318910598754882,0.0,0.5970572888851166,low,high,low,degraded(<0.9),HR_diff<15bpm,ECG_beats_with_pulse>=0.5,ppg_acf<0.3,PPG,no_ABP,ECG<3_beats,low pulse quality index; PPG artefact / non-periodic pulse  [heuristic],persistent_FN,stable_correct,stable_correct,stable_correct,stable_correct
v843l,0,Ventricular_Tachycardia,0.0,0.02867634017649438,0.0,0.2688778914511204,0.4,0.47020230889320375,0.3,0.4507374852895737,0.3,0.46527535915374757,mid,high,mid,clean(>=0.9),HR_diff>=15bpm,ECG_beats_with_pulse>=0.5,ppg_acf>=0.3,PPG,no_ABP,HR>=140,beat detectors disagree (ECG 181 vs PPG 71 bpm)  [heuristic],stable_correct,stable_correct,unstable_false_alarm,unstable_false_alarm,unstable_false_alarm
v846s,0,Ventricular_Tachycardia,0.0,0.1429979808958353,0.0,0.32560102790594103,0.0,0.38428085297346115,0.0,0.36493960320949553,1.0,0.5326598167419434,high,high,high,clean(>=0.9),HR_diff<15bpm,ECG_beats_with_pulse>=0.5,ppg_acf>=0.3,PPG,no_ABP,HR50-100,ECG artefact: high HF power / poor beat-template match  [heuristic],stable_correct,stable_correct,stable_correct,stable_correct,persistent_FP
v848s,0,Ventricular_Tachycardia,0.0,0.18236888524490955,0.0,0.2793892912566662,0.5,0.5024781703948975,0.9,0.5438430994749069,1.0,0.5651906609535218,high,high,high,clean(>=0.9),HR_diff<15bpm,ECG_beats_with_pulse>=0.5,ppg_acf>=0.3,PPG,no_ABP,HR100-140,"clean concordant rhythm, but model fires (no heuristic flag)  [heuristic]",stable_correct,stable_correct,unstable_false_alarm,persistent_FP,persistent_FP
b849l,0,Bradycardia,0.0,0.02470431018830273,0.0,0.39754016101360323,0.0,0.35707010626792907,0.7,0.5356554299592972,0.0,0.37612156569957733,high,high,high,clean(>=0.9),HR_diff<15bpm,ECG_beats_with_pulse>=0.5,ppg_acf>=0.3,PPG,no_ABP,HR50-100,"clean concordant rhythm, but model fires (no heuristic flag)  [heuristic]",stable_correct,stable_correct,stable_correct,unstable_false_alarm,stable_correct
